gene,NSC,drug,pvalue.pearson,Pearson,pvalue.spear,Spearman,ROLE_IN_CANCER,MOLECULAR_GENETICS,TUMOUR_TYPES_SOMATIC
ABL1,125066,Bleomycin,0.00575478419202069,0.352398573796682,0.00317362701077073,0.374789848840564,"oncogene, fusion",Dom,"CML, ALL, T-ALL"
ABL1,732517,Dasatinib,0.00529901433500179,0.35852032603493,0.00580475094830879,0.354959378711407,"oncogene, fusion",Dom,"CML, ALL, T-ALL"
ABL1,781556,Erdafitinib,0.000389935601182056,0.453959738462842,0.000207274884899355,0.472373062893463,"oncogene, fusion",Dom,"CML, ALL, T-ALL"
ABL1,829498,Fruquintinib,0.00907576730607839,0.342655418409536,0.00868901128473198,0.344487266093008,"oncogene, fusion",Dom,"CML, ALL, T-ALL"
ABL1,811429,Pralsetinib,0.00111816879935844,0.417303074808114,0.000498691850704169,0.442889224697722,"oncogene, fusion",Dom,"CML, ALL, T-ALL"
ABL1,818434,Selpercatinib,0.00360143909750076,0.37628215968811,0.00281351477472036,0.385381628927339,"oncogene, fusion",Dom,"CML, ALL, T-ALL"
ABL2,755980,Lenvatinib,0.00236060465186227,0.398347842599079,0.00508582761593867,0.36936493671719,"oncogene, fusion",Dom,AML
ABL2,816556,Pemigatinib,0.0104539292914251,0.339579029528622,0.0106205764964,0.338893258096351,"oncogene, fusion",Dom,AML
ACKR3,749226,Abiraterone,0.0199919582981225,0.366567796459031,0.022326906667174,0.360443478451418,"oncogene, fusion",Dom,lipoma
ACKR3,829498,Fruquintinib,8.78099605472471e-07,0.598494801181068,5.05036389988333e-05,0.510093782706563,"oncogene, fusion",Dom,lipoma
ACKR3,755980,Lenvatinib,0.000107018883195308,0.494535704437004,0.00155975006969844,0.412989620424689,"oncogene, fusion",Dom,lipoma
ACKR3,811429,Pralsetinib,0.000488076418601934,0.443544401500942,5.61190693133539e-05,0.503476281540157,"oncogene, fusion",Dom,lipoma
ACKR3,818434,Selpercatinib,0.000823035559143203,0.427250411844872,0.000476052555809403,0.444302303219078,"oncogene, fusion",Dom,lipoma
ACSL3,764042,Binimetinib,2.18486746028645e-06,0.572289007650883,9.42951642590728e-05,0.486283732627775,fusion,Dom,prostate
ACSL3,768068,Cobimetinib,2.09593117665995e-05,0.527465411686129,8.83600923153871e-05,0.491784027099838,fusion,Dom,prostate
ACSL3,764134,Dabrafenib,1.08238040752439e-08,0.700072204258741,0.00197744411220068,0.423133268086246,fusion,Dom,prostate
ACSL3,741078,Selumetinib,5.60839124408296e-06,0.552867799507984,0.000387694636075242,0.446903401123649,fusion,Dom,prostate
ACSL3,758246,Trametinib,7.481678356136e-05,0.492297132753064,5.25407368505703e-05,0.501271590963365,fusion,Dom,prostate
ACSL3,761431,Vemurafenib,1.00822619142348e-08,0.663700454133204,0.00688884599727135,0.348161576640204,fusion,Dom,prostate
ACVR1,778304,Encorafenib,0.00174010118672729,0.409186618439139,0.00298130405593277,0.389801949738056,oncogene,Dom,DIPG
ACVR1,761431,Vemurafenib,0.000306120422628009,0.453824022676416,0.00192572378138478,0.395627203450023,oncogene,Dom,DIPG
AFF1,758247,Palbociclib,0.00345284215074559,0.3747442866636,0.000746060422908367,0.426924259493109,fusion,Dom,AL
AFF1,816987,Trilaciclib,0.00143860252594674,0.412288545091707,0.000478635620855705,0.447757809032109,fusion,Dom,AL
AFF3,772469,Duvelisib,0.00128311797661551,0.412736273356141,0.000606092904163579,0.436889474228056,"oncogene, fusion",Dom,"ALL, T-ALL"
AFF3,759224,Idelalisib,0.000858366819264766,0.425903797174711,0.000115043921947055,0.484786956770603,"oncogene, fusion",Dom,"ALL, T-ALL"
AKT3,125066,Bleomycin,0.0048030374134278,0.359366692170184,0.00681962364934118,0.345713493868479,oncogene,,GBM
AKT3,829498,Fruquintinib,0.0109522594375373,0.334627119223244,0.0058927218647975,0.360376007770746,oncogene,,GBM
AKT3,721517,Zoledronate,0.0035742877400251,0.376564886255338,0.00139271505246929,0.409985443811206,oncogene,,GBM
AMER1,92859,Arsenic trioxide,0.00680647798459044,0.351569157581029,0.00157040795736107,0.405913029780135,TSG,Rec,Wilms tumour
AMER1,758252,Carfilzomib,0.00296602439725712,0.383457434236576,0.00396153390243503,0.37270054783197,TSG,Rec,Wilms tumour
AMER1,409962,Carmustine,0.00245592524503335,0.38709173277891,0.00169416279359113,0.400035076309203,TSG,Rec,Wilms tumour
AMER1,628503,Docetaxel,0.00940211125578871,0.371144978562257,0.0046311960831975,0.401914841971255,TSG,Rec,Wilms tumour
AMER1,79037,Lomustine,0.00276565353054492,0.386004601733179,0.00556251924792272,0.359611748150674,TSG,Rec,Wilms tumour
AMER1,125973,Paclitaxel,0.00294259226237736,0.380598239613457,0.00044886508520836,0.442536714095117,TSG,Rec,Wilms tumour
AMER1,49842,Vinblastine,0.00636091697831986,0.351344920953759,0.00248125114028319,0.386726694764185,TSG,Rec,Wilms tumour
APOBEC3B,760766,Vandetanib,0.0109771105664244,0.334529055183477,0.00244567175490906,0.393708572999024,"oncogene, TSG",Rec,
AR,753686,Olaparib,0.000838886786044046,0.423212397279104,0.00361349308298475,0.373059908896898,oncogene,Dom,prostate
AR,122819,Teniposide,0.000985356237645174,0.41473432048875,0.00483044770531604,0.359149646933789,oncogene,Dom,prostate
ARHGAP26,778909,Ribociclib,0.00103299020779701,0.430575462407694,0.000284239697502908,0.470999983875685,"TSG, fusion",Dom,"AML, MDS"
ARHGAP26,816987,Trilaciclib,0.00409351827787807,0.374602164086627,0.00166197506641951,0.407338380346498,"TSG, fusion",Dom,"AML, MDS"
ARHGAP35,829498,Fruquintinib,0.00909110163096116,0.342584195276885,0.00655795884498555,0.3560774918681,TSG,,endometrial carcinoma
ARHGAP35,811429,Pralsetinib,0.000216157383551518,0.467426044777554,1.05050317831256e-05,0.543267604928927,TSG,,endometrial carcinoma
ARHGAP5,768068,Cobimetinib,0.00976189920015668,0.336675823167231,0.00491587961145922,0.36443894588225,oncogene,,"colon cancer, glioma"
ARHGEF10,811429,Pralsetinib,0.00170553120662786,0.403084001018035,0.0015188258443590199,0.407050789831232,TSG,,colon cancer
ARID1A,92859,Arsenic trioxide,0.00175183556022839,0.398889060580615,0.00315831268690702,0.378021338254779,"TSG, fusion",Rec,"clear cell ovarian carcinoma, RCC, breast"
ARID1A,241240,Carboplatin,0.00121377271615408,0.407964076259831,0.00726250827074181,0.343199798351276,"TSG, fusion",Rec,"clear cell ovarian carcinoma, RCC, breast"
ARID1A,409962,Carmustine,0.00151239702106487,0.400665306827625,0.00759453293249912,0.341401737399816,"TSG, fusion",Rec,"clear cell ovarian carcinoma, RCC, breast"
ARID1A,26271,Cyclophosphamide,0.0146581549966695,0.353937657041924,0.0172213159650027,0.345954742049868,"TSG, fusion",Rec,"clear cell ovarian carcinoma, RCC, breast"
ARID1A,628503,Docetaxel,0.00232880556520331,0.425100225163929,0.000224410670284225,0.50373824061357,"TSG, fusion",Rec,"clear cell ovarian carcinoma, RCC, breast"
ARID1A,79037,Lomustine,0.00159579796962683,0.402072828874023,0.00287655122147834,0.381420703139777,"TSG, fusion",Rec,"clear cell ovarian carcinoma, RCC, breast"
ARID1B,79037,Lomustine,0.00132255588455842,0.408389501266121,0.00353078193805123,0.373918637112036,TSG,Rec,"breast, hepatocellular carcinoma, clear cell ovarian carcinoma"
ARID2,82151,Daunorubicin,0.00389630241043947,0.367246325681915,0.00692269283650714,0.345116022696246,TSG,Rec,hepatocellular carcinoma
ARID2,169780,Dexrazoxane,0.000779522783721287,0.422179523432181,0.002685778124766,0.380799537567553,TSG,Rec,hepatocellular carcinoma
ARID2,256439,Idarubicin,0.00148209576062674,0.401343739976775,0.00755633341310835,0.341605069824855,TSG,Rec,hepatocellular carcinoma
ARID2,762,Nitrogen mustard,0.000109324644015806,0.478696365311486,0.000456601375752097,0.438563829521021,TSG,Rec,hepatocellular carcinoma
ARID2,266046,Oxaliplatin,0.00289471103194016,0.412735616486603,0.00544524423163395,0.387393445596356,TSG,Rec,hepatocellular carcinoma
ASPM,816556,Pemigatinib,0.0017229785377264,0.409532137230676,0.00682172665820668,0.357555458693487,unknown,,"breast cancer, lung cancer, endometrial cancer, melanoma"
ASXL2,764042,Binimetinib,6.10673875462985e-05,0.497483639685979,0.000315533703574733,0.45294492380011,TSG,,"melanoma, CCRCC, AML"
ASXL2,768068,Cobimetinib,0.000438339935978415,0.446797598030966,0.00106694345034075,0.418844995647225,TSG,,"melanoma, CCRCC, AML"
ASXL2,764134,Dabrafenib,2.97544362881652e-06,0.601948760541175,3.45263168881615e-05,0.545686005543959,TSG,,"melanoma, CCRCC, AML"
ASXL2,778304,Encorafenib,0.000356241994404982,0.460420152502232,0.00122400210222117,0.421260932019032,TSG,,"melanoma, CCRCC, AML"
ASXL2,741078,Selumetinib,0.000243101119364652,0.460437965923756,0.00263523591274639,0.384576060821718,TSG,,"melanoma, CCRCC, AML"
ASXL2,758246,Trametinib,0.000473052128544981,0.440958101825365,0.000554385761508235,0.43613911658434,TSG,,"melanoma, CCRCC, AML"
ATF1,82151,Daunorubicin,0.00461891692782812,0.360853590280023,0.000583269177020007,0.431165766176311,"oncogene, fusion",Dom,"malignant melanoma of soft parts, angiomatoid fibrous histiocytoma"
ATF1,169780,Dexrazoxane,0.0017865258414047,0.39502697590285,0.00255380674874139,0.382592025812261,"oncogene, fusion",Dom,"malignant melanoma of soft parts, angiomatoid fibrous histiocytoma"
ATF1,256439,Idarubicin,0.00120817734297173,0.408115655274624,0.0010667271669198,0.412174180279603,"oncogene, fusion",Dom,"malignant melanoma of soft parts, angiomatoid fibrous histiocytoma"
ATF1,616348,Irinotecan,0.00395242368813031,0.366713831179198,0.00241099731464999,0.384627143306787,"oncogene, fusion",Dom,"malignant melanoma of soft parts, angiomatoid fibrous histiocytoma"
ATF1,740,Methotrexate,0.00699528148904926,0.344699893247072,0.00379341680417288,0.368240401363524,"oncogene, fusion",Dom,"malignant melanoma of soft parts, angiomatoid fibrous histiocytoma"
ATF1,762,Nitrogen mustard,0.00361193324848319,0.370053555863022,0.00043846233764988,0.439772683342532,"oncogene, fusion",Dom,"malignant melanoma of soft parts, angiomatoid fibrous histiocytoma"
ATIC,764042,Binimetinib,0.00373070856274937,0.371872275709924,0.00401126133820439,0.369158462247279,fusion,Dom,ALCL
ATIC,768068,Cobimetinib,0.00139025668731385,0.410044983488983,0.000560696955568484,0.439297494331573,fusion,Dom,ALCL
ATIC,764134,Dabrafenib,0.00120030676377935,0.440968865355844,4.30733805425465e-05,0.540065983559952,fusion,Dom,ALCL
ATIC,741078,Selumetinib,0.000833444376904468,0.423419525106069,0.0013716101767236,0.407174106812991,fusion,Dom,ALCL
ATIC,758246,Trametinib,0.00232290482439845,0.389065941250679,0.000740793406415418,0.427147167351269,fusion,Dom,ALCL
ATM,764134,Dabrafenib,0.000931985247346833,0.449653910001971,0.0030872782548732,0.406363847650094,TSG,Rec,T-PLL
ATP1A1,764042,Binimetinib,1.11954384265366e-05,0.537809254193166,0.000100505362644165,0.484606295405347,"oncogene, TSG",Dom,adrenal aldosterone producing adenoma
ATP1A1,768068,Cobimetinib,4.2179038833412e-05,0.510619058647094,4.22964796653602e-05,0.510550270717854,"oncogene, TSG",Dom,adrenal aldosterone producing adenoma
ATP1A1,741078,Selumetinib,4.78458911024048e-06,0.556227820864012,0.000170082037487917,0.470429198448047,"oncogene, TSG",Dom,adrenal aldosterone producing adenoma
ATP1A1,758246,Trametinib,0.00084892002505299,0.422833710078835,0.000576082207169204,0.434962320797553,"oncogene, TSG",Dom,adrenal aldosterone producing adenoma
ATP1A1,761431,Vemurafenib,2.25854651425549e-07,0.614464882515898,0.00916292401474594,0.336504600486969,"oncogene, TSG",Dom,adrenal aldosterone producing adenoma
ATR,764134,Dabrafenib,0.00061473465566797,0.46345906796321,0.0042812328975641,0.3934921843964,TSG,Dom,"endometrial, gastric, epithelial ovarian, myeloma"
ATR,778304,Encorafenib,0.00446529031977682,0.374463504032974,0.00300618035428357,0.389493601472587,TSG,Dom,"endometrial, gastric, epithelial ovarian, myeloma"
ATR,758254,Ixazomib,0.000984494527543455,0.418077345803098,0.0019024254023594,0.396048577901772,TSG,Dom,"endometrial, gastric, epithelial ovarian, myeloma"
ATR,758244,tepotinib,0.00296119335854117,0.38036954457606,0.000416846954999883,0.444749736663924,TSG,Dom,"endometrial, gastric, epithelial ovarian, myeloma"
AXIN1,1390,Allopurinol,0.000683079946974363,0.429688340342432,0.000202891725300746,0.465533624802223,TSG,Rec,"colorectal, endometrial, prostate, hepatocellular carcinoma, hepatoblastoma, sporadic medulloblastoma"
AXIN1,789925,Asciminib,0.00845244968010616,0.34270792644229,0.00498650389252341,0.36388543948575,TSG,Rec,"colorectal, endometrial, prostate, hepatocellular carcinoma, hepatoblastoma, sporadic medulloblastoma"
B2M,702294,Estramustine,0.00226784485406295,0.418065061018014,0.00124777501376627,0.439617136748937,TSG,Rec,"DLBCL, melanoma, colorectal adenocarcinoma"
B2M,829498,Fruquintinib,0.0048946605906992,0.367700585974456,0.000570179614192589,0.442367452064031,TSG,Rec,"DLBCL, melanoma, colorectal adenocarcinoma"
B2M,816987,Trilaciclib,0.00192649397384014,0.402194278633452,6.7515113409744e-05,0.50269026556856,TSG,Rec,"DLBCL, melanoma, colorectal adenocarcinoma"
BAX,125066,Bleomycin,0.00148283670345561,0.401327002755079,0.00405189603199218,0.365786222309508,TSG,,colorectal cancer
BAZ1A,3088,Chlorambucil,0.00100685257751509,0.414039988500229,0.00584595747221117,0.35178546956228,TSG,,"uterine carcinosarcoma, colon cancer"
BAZ1A,63878,Cytarabine,0.00224367618236787,0.387152990761548,0.00607297327983302,0.350294580236359,TSG,,"uterine carcinosarcoma, colon cancer"
BAZ1A,32065,Hydroxyurea,0.00045103830082116,0.438929863761915,0.000490261152625626,0.436431850815673,TSG,,"uterine carcinosarcoma, colon cancer"
BAZ1A,109724,Ifosfamide,0.00289593257752018,0.408825213450804,0.0150849091473919,0.338590340440457,TSG,,"uterine carcinosarcoma, colon cancer"
BAZ1A,616348,Irinotecan,0.000408288117471622,0.44188815294092,0.00108656663668682,0.411576726824239,TSG,,"uterine carcinosarcoma, colon cancer"
BAZ1A,755,Mercaptopurine,0.000188195492170528,0.464024205261673,0.0004349222721296,0.440013894774822,TSG,,"uterine carcinosarcoma, colon cancer"
BAZ1A,762,Nitrogen mustard,0.000640411698694887,0.428296889981628,0.00398554762144565,0.366402671315164,TSG,,"uterine carcinosarcoma, colon cancer"
BAZ1A,752,Tioguanine,1.20355499007018e-05,0.532249469514535,0.000421485576923563,0.440945982119025,TSG,,"uterine carcinosarcoma, colon cancer"
BAZ1A,34462,Uracil mustard,0.00207064923898725,0.389948296193332,0.00784051563235088,0.340113371648924,TSG,,"uterine carcinosarcoma, colon cancer"
BCL10,755980,Lenvatinib,0.00517783102865587,0.368656138848696,0.00624410154465415,0.361159106409671,"TSG, fusion",Dom,MALT
BCL10,811429,Pralsetinib,0.00109992032771311,0.417844941487848,0.00018802592739231,0.471344634355664,"TSG, fusion",Dom,MALT
BCL11B,169780,Dexrazoxane,3.01872975225769e-05,0.511010160622065,0.00426225941790736,0.363889008933373,"oncogene, TSG, fusion",Dom,T-ALL
BCL11B,758247,Palbociclib,0.000210671097212733,0.464479762878677,0.00467165200367691,0.363378637584789,"oncogene, TSG, fusion",Dom,T-ALL
BCL2,758247,Palbociclib,0.000230361465493489,0.461963354582131,0.00972649100613454,0.334010435920261,"oncogene, fusion",Dom,"NHL, CLL"
BCL2,747974,Raloxifene,1.93501397127704e-07,0.617128840838111,0.00342274109340534,0.375067584712983,"oncogene, fusion",Dom,"NHL, CLL"
BCL2,766270,Venetoclax,0.00141384055093252,0.409477650516302,0.00347125004012349,0.377655402676798,"oncogene, fusion",Dom,"NHL, CLL"
BCL2L12,1390,Allopurinol,0.0044760712053864,0.365011009620987,0.00110737198691346,0.414251687859818,oncogene,,"melanoma, SCC"
BCL3,749226,Abiraterone,0.0141053695064776,0.385208352226099,0.00537099904072246,0.432038994078661,"oncogene, fusion",Dom,CLL
BCL3,125066,Bleomycin,0.00100817765601624,0.413997627010213,0.000645903658699875,0.428033516845199,"oncogene, fusion",Dom,CLL
BCL3,787457,Brigatinib,0.00105994746056614,0.415680620999295,0.00108798302872514,0.414829105088404,"oncogene, fusion",Dom,CLL
BCL3,733504,Everolimus,0.000564968542603461,0.435560000197963,7.66422887885642e-05,0.491675837619533,"oncogene, fusion",Dom,CLL
BCL3,787846,Gilteritinib,0.00223168690146069,0.390478837679789,0.0094300942677048,0.335306067541162,"oncogene, fusion",Dom,CLL
BCL3,780108,Lorlatinib,0.00293484220082973,0.380693903425281,0.00219884283855065,0.391000199501975,"oncogene, fusion",Dom,CLL
BCL3,811429,Pralsetinib,0.000107442086593412,0.486614133097914,3.46472952994503e-06,0.567077861226492,"oncogene, fusion",Dom,CLL
BCL3,818434,Selpercatinib,5.08323926733389e-05,0.505969266629123,2.38220417703161e-05,0.524447395185765,"oncogene, fusion",Dom,CLL
BCL9L,811429,Pralsetinib,0.000157099096168789,0.476326557109174,3.34278629994244e-05,0.516320064232508,"oncogene, TSG",,"colorectal cancer, endometrial carcinoma, gastric cancer"
BCLAF1,3053,Actinomycin D,0.00485517990689343,0.358954737068636,0.000843258224577425,0.419701286181175,unknown,,"melanoma, SCC"
BCLAF1,409962,Carmustine,4.00377729263823e-05,0.504192223222375,0.000231254097368349,0.458280653965581,unknown,,"melanoma, SCC"
BCLAF1,79037,Lomustine,4.68656105074849e-05,0.50412106893371,3.62053332403355e-05,0.510462944802159,unknown,,"melanoma, SCC"
BCLAF1,180973,Tamoxifen,0.00333229681727598,0.37605438191045,0.00154747264694687,0.403115504274372,unknown,,"melanoma, SCC"
BCOR,92859,Arsenic trioxide,0.00118272113589279,0.412090810213287,0.00774776254779396,0.343411614666506,"TSG, fusion",Rec,"retinoblastoma, AML, APL (translocation)"
BCOR,409962,Carmustine,2.72982814206734e-05,0.513404116647888,0.000757009639793526,0.423098839162329,"TSG, fusion",Rec,"retinoblastoma, AML, APL (translocation)"
BCOR,756645,Crizotinib,0.00244337385087201,0.38727388787694,0.00433362287980587,0.366239991273782,"TSG, fusion",Rec,"retinoblastoma, AML, APL (translocation)"
BCOR,825331,Darolutamide,0.00158309030081893,0.402344240590246,0.00856477809359557,0.339302063165268,"TSG, fusion",Rec,"retinoblastoma, AML, APL (translocation)"
BCOR,109724,Ifosfamide,0.00269297566165249,0.411598391330594,0.00859589211239897,0.364249351805031,"TSG, fusion",Rec,"retinoblastoma, AML, APL (translocation)"
BCOR,79037,Lomustine,2.28832808693013e-05,0.521435249699203,1.58268286787333e-05,0.529985975096894,"TSG, fusion",Rec,"retinoblastoma, AML, APL (translocation)"
BCOR,266046,Oxaliplatin,0.00269856435677118,0.415433898329277,0.00368291929002007,0.403304040663516,"TSG, fusion",Rec,"retinoblastoma, AML, APL (translocation)"
BCOR,747974,Raloxifene,0.00740941034976971,0.34522506882043,0.000277121787509937,0.456696136237566,"TSG, fusion",Rec,"retinoblastoma, AML, APL (translocation)"
BCOR,180973,Tamoxifen,0.00599412208539962,0.353695834654703,0.00449058037238025,0.364887774296058,"TSG, fusion",Rec,"retinoblastoma, AML, APL (translocation)"
BCORL1,749226,Abiraterone,0.0249397669629694,0.354194181620577,0.0343035727478504,0.335516504169491,"oncogene, TSG",,"AML, HNSCC"
BCORL1,818433,Sotorasib,0.000851617367251478,0.422732592649307,0.00868817659106468,0.338711331776534,"oncogene, TSG",,"AML, HNSCC"
BIRC3,787457,Brigatinib,4.13912616128442e-05,0.507189139774033,1.86969030249173e-05,0.52614966738809,"oncogene, TSG, fusion",Dom,"CLL, MALT, MCL, MM"
BIRC3,732517,Dasatinib,0.0014591816663021,0.405098240590216,0.000428203862530285,0.44394763066071,"oncogene, TSG, fusion",Dom,"CLL, MALT, MCL, MM"
BIRC3,811429,Pralsetinib,0.00698699626068277,0.350511138128281,0.000161177757847408,0.475620636455614,"oncogene, TSG, fusion",Dom,"CLL, MALT, MCL, MM"
BIRC3,818434,Selpercatinib,0.00362460007439358,0.376042471402991,0.000720460953496759,0.431478724091638,"oncogene, TSG, fusion",Dom,"CLL, MALT, MCL, MM"
BIRC6,764042,Binimetinib,0.00124373004509736,0.410430067006458,0.00263002412695323,0.384647000303752,"oncogene, fusion",,"melanoma, gastric adenocarcinoma, lung adenocarcinoma"
BIRC6,768068,Cobimetinib,0.00304974002217606,0.382438245921777,0.00538560457737968,0.360881265262768,"oncogene, fusion",,"melanoma, gastric adenocarcinoma, lung adenocarcinoma"
BIRC6,764134,Dabrafenib,0.00137594240165705,0.43618470448183,0.000751571175514609,0.456863736390849,"oncogene, fusion",,"melanoma, gastric adenocarcinoma, lung adenocarcinoma"
BIRC6,741078,Selumetinib,0.00294711399293423,0.380542528401763,0.00747258906135561,0.344881039933605,"oncogene, fusion",,"melanoma, gastric adenocarcinoma, lung adenocarcinoma"
BIRC6,758246,Trametinib,0.0032040827398081,0.377494752205943,0.00233041329291516,0.388951855649604,"oncogene, fusion",,"melanoma, gastric adenocarcinoma, lung adenocarcinoma"
BLM,776422,Ceritinib,0.00149232076934979,0.407648949735834,2.2558054219246e-05,0.525736094857399,TSG,Rec,
BLM,768068,Cobimetinib,0.00823261188264301,0.34379935483806,0.00973589411491326,0.336788585263036,TSG,Rec,
BLM,756645,Crizotinib,0.00114671796195175,0.413107371347765,0.000281444576600398,0.456251096693766,TSG,Rec,
BLM,764134,Dabrafenib,0.00917461782937256,0.361378012413059,0.000304787376814275,0.485497383005556,TSG,Rec,
BLM,743414,Imatinib,0.00611674541240825,0.352896200724594,0.00271778656302856,0.383468761376719,TSG,Rec,
BLM,740,Methotrexate,0.00114648308930376,0.409830191264719,0.000678852258943152,0.426494732793671,TSG,Rec,
BLM,747599,Nilotinib,0.000399590513083802,0.446007365079157,0.000546689180095816,0.43656662061006,TSG,Rec,
BLM,266046,Oxaliplatin,0.00375986448926024,0.402481586998798,0.00658299825251318,0.379388178285517,TSG,Rec,
BLM,125973,Paclitaxel,0.00396098504065456,0.366633187176017,0.00549782405917476,0.354173613973626,TSG,Rec,
BLM,758247,Palbociclib,0.00707246970944885,0.347104277816605,0.00493180098106371,0.361298245149562,TSG,Rec,
BLM,747974,Raloxifene,0.000634732961363848,0.431971297175875,0.00469635811429713,0.363176738019084,TSG,Rec,
BLM,741078,Selumetinib,0.00285774615373579,0.381657966020081,0.00855467939937115,0.339350734627024,TSG,Rec,
BLM,180973,Tamoxifen,0.00266451823049074,0.384179793906503,0.000907232055160189,0.420709612414238,TSG,Rec,
BLM,701852,Vorinostat,0.00965183873120922,0.334333499278219,0.00774237341004502,0.343439952402684,TSG,Rec,
BRAF,45388,Dacarbazine,0.00155053251323589,0.40304862480393,0.000311493077754132,0.45331930738525,"oncogene, fusion",Dom,"melanoma, colorectal, papillary thyroid, borderline ovarian, NSCLC, cholangiocarcinoma, pilocytic astrocytoma, Spitzoid tumour, pancreas acinar carcinoma, melanocytic nevus, prostate, gastric"
BRAF,752,Tioguanine,0.0031601244647188,0.378000365407193,0.0080281804967246,0.3419602844165,"oncogene, fusion",Dom,"melanoma, colorectal, papillary thyroid, borderline ovarian, NSCLC, cholangiocarcinoma, pilocytic astrocytoma, Spitzoid tumour, pancreas acinar carcinoma, melanocytic nevus, prostate, gastric"
BRCA1,3053,Actinomycin D,0.00453337290058253,0.361562272819073,0.00726201878507248,0.343202501696484,TSG,Rec,ovarian
BRCA1,756645,Crizotinib,0.00105862486257723,0.415721290680659,0.000285472828472244,0.455841955305494,TSG,Rec,ovarian
BRCA1,82151,Daunorubicin,0.00378808980443778,0.368292517377709,0.00502440960293348,0.357644053872474,TSG,Rec,ovarian
BRCA1,123127,Doxorubicin,0.000782640983885585,0.422054090299256,0.00617002032828417,0.349672113466508,TSG,Rec,ovarian
BRCA1,141540,Etoposide,0.0017947075207827,0.394870930597476,0.00705405643666834,0.344365711258059,TSG,Rec,ovarian
BRCA1,256439,Idarubicin,0.00354701879360908,0.37072172787298,0.00419062476253562,0.364525587707702,TSG,Rec,ovarian
BRCA1,26980,Mitomycin,0.000193351983227785,0.463276428337963,0.000179086530493588,0.465392203352851,TSG,Rec,ovarian
BRCA2,776422,Ceritinib,0.000679304729620078,0.433329988618028,0.00331363024550146,0.379380371353381,TSG,Rec,"breast, ovarian, pancreatic"
BRCA2,764134,Dabrafenib,0.0159154709587014,0.336035905359024,0.0138574004373752,0.342594727234783,TSG,Rec,"breast, ovarian, pancreatic"
BRCA2,19893,Fluorouracil,0.00560744880117214,0.353407614397743,0.00403140376998578,0.365975659460889,TSG,Rec,"breast, ovarian, pancreatic"
BRCA2,747973,Ixabepilone,0.00450747657089989,0.384206819479253,0.004559301967892,0.383751638641521,TSG,Rec,"breast, ovarian, pancreatic"
BRD3,169780,Dexrazoxane,0.00184594015581085,0.393908023727792,0.00845007650554885,0.337066478674082,"oncogene, fusion",Dom,lethal midline carcinoma of young people
BRD3,256439,Idarubicin,0.000527265113700714,0.434236278789322,0.00325305423500621,0.373890210596671,"oncogene, fusion",Dom,lethal midline carcinoma of young people
BRD4,92859,Arsenic trioxide,0.00571608466196882,0.355563463352273,0.00178889504597457,0.398170341157695,"oncogene, fusion",Dom,lethal midline carcinoma of young people
BTG2,266046,Oxaliplatin,0.0166641628282002,0.337117925443903,0.00979525590896468,0.361964222334313,TSG,,DLBCL
BTG2,758247,Palbociclib,0.00630934361634105,0.351668178592264,0.0015158316602255,0.40381411937507,TSG,,DLBCL
BTK,26271,Cyclophosphamide,7.85067117314852e-07,0.649476024246233,0.0160471951701368,0.349476591241969,"oncogene, TSG",Dom,"CLL, mantle cell lymphoma, WM"
BTK,825331,Darolutamide,9.83608750004805e-11,0.723221991333419,0.00511290929124874,0.359906251360975,"oncogene, TSG",Dom,"CLL, mantle cell lymphoma, WM"
BTK,766270,Venetoclax,0.000214776684604567,0.467607177804592,0.000337956206319045,0.454538465356586,"oncogene, TSG",Dom,"CLL, mantle cell lymphoma, WM"
CALR,749226,Abiraterone,0.0321687507804662,0.33936565592119,0.0190932784768071,0.36908546669352,oncogene,Dom,"MPN, MDS"
CALR,92859,Arsenic trioxide,0.00169762894458269,0.399965221555536,0.00150732839648792,0.404004094533463,oncogene,Dom,"MPN, MDS"
CALR,801082,Avapritinib,0.00309853996335629,0.435914752355497,0.00175740582587557,0.458290756013751,oncogene,Dom,"MPN, MDS"
CALR,409962,Carmustine,0.00301646582368064,0.376630458222081,0.00147406274459438,0.401525681955331,oncogene,Dom,"MPN, MDS"
CALR,772469,Duvelisib,0.00212006674990572,0.3955073312388,0.00177923225491949,0.401624470186034,oncogene,Dom,"MPN, MDS"
CALR,759224,Idelalisib,0.000247505601147057,0.463574222061163,0.000699280993857964,0.432419130349378,oncogene,Dom,"MPN, MDS"
CALR,721517,Zoledronate,0.000566010972170349,0.439006672017314,0.00454318705719192,0.367481285664842,oncogene,Dom,"MPN, MDS"
CAMTA1,749226,Abiraterone,0.0326486136168719,0.338482557509273,0.023063304467169,0.358623056843078,"TSG, fusion",Dom,epithelioid haemangioendothelioma
CAMTA1,823807,Zanubrutinib,0.000298768637462032,0.454527900934447,0.003685215869758,0.372329235554717,"TSG, fusion",Dom,epithelioid haemangioendothelioma
CARD11,816987,Trilaciclib,0.000626523215572438,0.439427886465083,0.00178595920434743,0.404842553555165,oncogene,Dom,DLBCL
CASP8,768068,Cobimetinib,0.00213994843795362,0.39517831060017,0.00107196327309933,0.418690985867976,TSG,Rec,"hepatocellular, oral squamous cell, breast"
CASP8,764134,Dabrafenib,0.00390637251973191,0.397150441526554,3.99109810682585e-05,0.54201486215118,TSG,Rec,"hepatocellular, oral squamous cell, breast"
CASP8,778304,Encorafenib,0.0038927580124215,0.379754793569248,0.000821530703111639,0.434428559290989,TSG,Rec,"hepatocellular, oral squamous cell, breast"
CASP8,741078,Selumetinib,0.00278645229202689,0.382570263924315,0.00205115415018353,0.393434027102903,TSG,Rec,"hepatocellular, oral squamous cell, breast"
CASP8,758246,Trametinib,0.00496142987293768,0.361067472779549,0.00952419337921961,0.33489095137117,TSG,Rec,"hepatocellular, oral squamous cell, breast"
CASP8,766270,Venetoclax,0.00252258693476559,0.389324548257823,6.759492965136e-06,0.552952580461542,TSG,Rec,"hepatocellular, oral squamous cell, breast"
CBFA2T3,26271,Cyclophosphamide,0.000632566433567127,0.48036290767139,0.00941627269225731,0.374916752104068,"TSG, fusion",Dom,AML
CBFA2T3,719276,Fulvestrant,1.6092404298007e-08,0.661200367666115,0.00319352581073095,0.380744280512095,"TSG, fusion",Dom,AML
CBFB,409962,Carmustine,0.00281802936826869,0.379080212164792,0.00225530042672383,0.386972173092639,"TSG, fusion",Dom,AML
CBFB,45388,Dacarbazine,0.00108155393890641,0.411726747759521,0.000760802132134585,0.4229422579343,"TSG, fusion",Dom,AML
CBFB,616348,Irinotecan,0.00237250581538628,0.385194034626208,0.007603342148633,0.341354973486527,"TSG, fusion",Dom,AML
CBFB,79037,Lomustine,0.00347282453800401,0.374531043417746,0.00563966886440203,0.356090720226125,"TSG, fusion",Dom,AML
CBFB,740,Methotrexate,0.000525625910848592,0.434330533140787,0.00519807795894688,0.356338795256443,"TSG, fusion",Dom,AML
CBFB,26980,Mitomycin,0.00832179323413817,0.337691411321238,0.00498901713250021,0.357914918585472,"TSG, fusion",Dom,AML
CCDC6,761385,Sonidegib,0.00327331583501733,0.376710763839812,0.00556996831156642,0.356577141388629,"TSG, fusion",Dom,"papillary thyroid, CML, NSCLC"
CCND3,756645,Crizotinib,0.00240314795180718,0.387863344899003,0.00327146365959696,0.376731545444488,"oncogene, fusion",Dom,MM
CCND3,825331,Darolutamide,0.0069425500264546,0.347849826686746,0.00945830839511874,0.335181225526127,"oncogene, fusion",Dom,MM
CCR4,26271,Cyclophosphamide,0.000148033338407849,0.525665097282063,0.0171003745039506,0.346307937294431,oncogene,,adult T-cell leukaemia/lymphoma
CCR7,169780,Dexrazoxane,0.000916718049604359,0.417046628166049,0.0015345098337991,0.400177862388225,oncogene,,adult T-cell leukaemia/lymphoma
CD209,761910,Ibrutinib,0.00623163939954807,0.355110096488953,0.00195361044875141,0.398375493824852,unknown,,prostate carcinoma
CD74,45388,Dacarbazine,0.000128922170976375,0.474312030446438,0.00305345287326153,0.376189749271753,"oncogene, fusion",Dom,NSCLC
CDH11,749226,Abiraterone,0.0228482163701775,0.359149696853357,0.00176890685681607,0.478945217043645,"TSG, fusion",Dom,aneurysmal bone cyst
CDH11,829498,Fruquintinib,0.000469115129301478,0.44837098487065,0.00197776629362134,0.40127091385227,"TSG, fusion",Dom,aneurysmal bone cyst
CDK12,26980,Mitomycin,0.00831412523751717,0.337729031163209,0.00258947435073109,0.382099588751806,TSG,Rec,serous ovarian
CDK4,764134,Dabrafenib,0.0152227759034393,0.33815815327272,0.00297777026987122,0.40775541710717,oncogene,Dom,
CDK4,758254,Ixazomib,0.000981600957794537,0.418172514559483,0.00633413556960449,0.351512496922083,oncogene,Dom,
CDK6,45388,Dacarbazine,0.000252013827083175,0.455853919898616,0.00109618307402259,0.411290660682906,"oncogene, fusion",Dom,ALL
CDKN1A,125066,Bleomycin,0.000188235144546577,0.464018383840675,0.000966777674574981,0.415345497942082,"oncogene, TSG",,bladder cancer
CDKN1A,755980,Lenvatinib,0.00222590165774949,0.400464083523257,0.00587022889140653,0.36365037943675,"oncogene, TSG",,bladder cancer
CDKN2C,772469,Duvelisib,0.000382261227577673,0.450894788571841,0.00106287582201725,0.418970270738884,TSG,Rec,"glioma, MM"
CDKN2C,759224,Idelalisib,3.50259631005656e-05,0.515183272674206,5.23505186720285e-05,0.505229805880206,TSG,Rec,"glioma, MM"
CEP89,749226,Abiraterone,0.00569911672219225,0.429341750799089,0.00309424526299095,0.456145018571777,fusion,Dom,Spitzoid tumour
CEP89,811429,Pralsetinib,0.000639176268186325,0.435235381527985,0.000143760868293041,0.478758422169247,fusion,Dom,Spitzoid tumour
CEP89,818434,Selpercatinib,9.82799489555041e-05,0.48898105775709,0.000144607012816155,0.478598133866435,fusion,Dom,Spitzoid tumour
CHCHD7,778909,Ribociclib,0.000157587497787048,0.487936144393419,0.00375979269790649,0.384412773867595,fusion,Dom,salivary adenoma
CHCHD7,816987,Trilaciclib,0.00158885696742339,0.40888948211027,0.00957496681971736,0.340388637002367,fusion,Dom,salivary adenoma
CHD4,3053,Actinomycin D,0.00153341750653668,0.400201792774773,0.000208030918598334,0.46124348843494,oncogene,Dom,uterine serous carcinoma
CHD4,92859,Arsenic trioxide,0.00535511543708233,0.35811093536977,0.0060785054810275,0.353144045958757,oncogene,Dom,uterine serous carcinoma
CHD4,409962,Carmustine,0.00021038405486573,0.460929866847966,0.000166811532306798,0.467340110226134,oncogene,Dom,uterine serous carcinoma
CHD4,768068,Cobimetinib,0.00555698963705864,0.35965088768134,0.00659563831074239,0.352836404260845,oncogene,Dom,uterine serous carcinoma
CHD4,756645,Crizotinib,0.0012184991890467,0.411107805191194,3.97489467405254e-05,0.508182828619517,oncogene,Dom,uterine serous carcinoma
CHD4,45388,Dacarbazine,0.000101986244328777,0.480526315117334,0.000854706531419946,0.419274164764305,oncogene,Dom,uterine serous carcinoma
CHD4,743414,Imatinib,0.00528328580488479,0.358635786684882,0.0068189079332197,0.348570765867283,oncogene,Dom,uterine serous carcinoma
CHD4,79037,Lomustine,0.0005562974507336,0.43603376681481,0.000615447803438362,0.432926119395075,oncogene,Dom,uterine serous carcinoma
CHD4,755,Mercaptopurine,0.000298595126527745,0.451012542834444,0.000276260307275677,0.45324070967301,oncogene,Dom,uterine serous carcinoma
CHD4,740,Methotrexate,0.00193393035381417,0.392308703417148,0.000211618437415461,0.460766630964591,oncogene,Dom,uterine serous carcinoma
CHD4,747599,Nilotinib,0.00556008454820933,0.356646549657047,0.00494882455765788,0.361165503916128,oncogene,Dom,uterine serous carcinoma
CHD4,747974,Raloxifene,0.00789568124872142,0.34264044502528,0.00630101291300189,0.35172061173732,oncogene,Dom,uterine serous carcinoma
CHD4,741078,Selumetinib,0.000532395118400419,0.437375263427013,0.00332833577435209,0.376098139298472,oncogene,Dom,uterine serous carcinoma
CHD4,180973,Tamoxifen,0.00642532208460067,0.350944442726901,0.0020923241058095,0.392740241168637,oncogene,Dom,uterine serous carcinoma
CHD4,758244,tepotinib,0.00841773338185269,0.340015741956132,0.00497657825684516,0.36094995386848,oncogene,Dom,uterine serous carcinoma
CHD4,752,Tioguanine,0.000680723612328293,0.426409379529756,0.000140573178090352,0.471987556583445,oncogene,Dom,uterine serous carcinoma
CHD4,49842,Vinblastine,0.00383271714967348,0.36785790014506,6.11250127455775e-05,0.493698164214029,oncogene,Dom,uterine serous carcinoma
CHD4,701852,Vorinostat,0.000540355433915173,0.436922538676045,0.0011891694216839,0.411911685595289,oncogene,Dom,uterine serous carcinoma
CHEK2,747973,Ixabepilone,0.00628642496201292,0.370696323824781,0.013016609768143,0.339025078898259,TSG,Rec,
CHEK2,747599,Nilotinib,0.00475589552381183,0.362694013299316,0.00695368958309616,0.347785426088679,TSG,Rec,
CHEK2,747974,Raloxifene,0.00227856014883176,0.38974650643754,0.00190177327625407,0.396060438470641,TSG,Rec,
CHEK2,180973,Tamoxifen,0.000996116954816273,0.41769760892331,0.00189520535508846,0.396180095889908,TSG,Rec,
CHST11,45388,Dacarbazine,0.000322822454228877,0.448761258373926,0.00123010294922609,0.407525255154543,"oncogene, fusion",,B-CLL
CIC,702294,Estramustine,0.0161193498949066,0.335426272149443,0.0135044205397671,0.343802329276123,"oncogene, TSG, fusion",Rec,"oligodendroglioma, soft tissue sarcoma"
CIITA,45388,Dacarbazine,0.00159903998530541,0.398790560803964,0.00506094966174108,0.357366163060854,"TSG, fusion",Dom,"PMBL, Hodgkin lymphoma"
CLP1,755,Mercaptopurine,0.00222797469724267,0.387398562304583,0.00332110982990774,0.373134743677916,fusion,Dom,AML
CLTC,761385,Sonidegib,0.00191916665704017,0.39574533287913,0.00596413092423975,0.353893590294775,"TSG, fusion",Dom,"ALCL, renal"
CLTCL1,749226,Abiraterone,0.0244181370232685,0.355396730244458,0.0195455415157679,0.36780631151703,"TSG, fusion",Dom,ALCL
CLTCL1,718781,Erlotinib,0.00287655906783212,0.381420604430564,0.000459620119317438,0.441825462527053,"TSG, fusion",Dom,ALCL
CNBD1,764134,Dabrafenib,0.00474967234050538,0.389297185070862,0.012180972582354,0.348585217914883,unknown,,"gastric cancer, colon cancer"
CNBD1,741078,Selumetinib,0.00739014678936911,0.345330474681987,0.00493766975304765,0.361252437946899,unknown,,"gastric cancer, colon cancer"
CNBP,764134,Dabrafenib,0.00667368692418879,0.37517097002236,0.0144853811026113,0.340509880369748,"TSG, fusion",Dom,aneurysmal bone cyst
CNTRL,3053,Actinomycin D,0.00473945039640555,0.359874432056315,0.0022024350735319,0.387801320838485,fusion,Dom,"MPN, NHL"
CNTRL,758252,Carfilzomib,0.00382003164946009,0.370989213590982,0.000501567620029508,0.439188486642648,fusion,Dom,"MPN, NHL"
CNTRL,409962,Carmustine,3.95991679180696e-06,0.556145240710053,0.000399596839626426,0.44252386961057,fusion,Dom,"MPN, NHL"
CNTRL,756645,Crizotinib,0.0028485666646838,0.381774287547525,0.00281091215660356,0.382254954186169,fusion,Dom,"MPN, NHL"
CNTRL,628503,Docetaxel,0.00803793087062088,0.374422238705553,0.00518597914282237,0.393245890176334,fusion,Dom,"MPN, NHL"
CNTRL,109724,Ifosfamide,0.000470808830605129,0.472013310781548,0.0133374929756204,0.344382850942512,fusion,Dom,"MPN, NHL"
CNTRL,79037,Lomustine,2.40135788576179e-05,0.520299858969641,0.00136070174330282,0.4074409660762,fusion,Dom,"MPN, NHL"
CNTRL,125973,Paclitaxel,2.20155732111315e-05,0.518462730921002,3.65764670151591e-05,0.50639102001062,fusion,Dom,"MPN, NHL"
CNTRL,747974,Raloxifene,0.00362256096803981,0.372966825046117,0.00660421512027475,0.349850223772951,fusion,Dom,"MPN, NHL"
CNTRL,180973,Tamoxifen,0.00026723213852442,0.457738591700363,0.000377578213494267,0.447685296489149,fusion,Dom,"MPN, NHL"
CNTRL,49842,Vinblastine,0.00493672700442004,0.35831821673,0.00316998992368855,0.374831521096297,fusion,Dom,"MPN, NHL"
COL1A1,749226,Abiraterone,0.00463987022694722,0.438604566025437,0.00424933282024353,0.442489294513666,fusion,Dom,"DFSP, aneurysmal bone cyst"
COL1A1,829498,Fruquintinib,3.41314043694751e-09,0.687777318910217,0.00012360822480506,0.486697939106725,fusion,Dom,"DFSP, aneurysmal bone cyst"
COL1A1,755980,Lenvatinib,0.000190524193859342,0.478619227055534,0.00935741482375096,0.34434303852363,fusion,Dom,"DFSP, aneurysmal bone cyst"
COL1A1,811429,Pralsetinib,4.96574002628591e-06,0.559551175501232,2.19594056427574e-06,0.576355134709449,fusion,Dom,"DFSP, aneurysmal bone cyst"
COL1A1,818434,Selpercatinib,4.94074833130575e-05,0.506682080631684,0.00056547903312687,0.439035672005659,fusion,Dom,"DFSP, aneurysmal bone cyst"
COL1A1,721517,Zoledronate,0.0004845162293301,0.443767030049465,0.00849144519122546,0.34251690997386,fusion,Dom,"DFSP, aneurysmal bone cyst"
COL2A1,749226,Abiraterone,0.00935711796581983,0.410936135102982,0.0240933108750014,0.36067249990804,fusion,Rec,"chondrosarcoma, enchondroma"
COL2A1,829498,Fruquintinib,3.73910769635443e-06,0.574031046661387,0.000189989559073122,0.478698695081306,fusion,Rec,"chondrosarcoma, enchondroma"
COL2A1,811429,Pralsetinib,0.00021765034126453,0.470986318089174,0.00231780509954582,0.395637519467355,fusion,Rec,"chondrosarcoma, enchondroma"
COL3A1,749226,Abiraterone,0.00793408439582288,0.413885552081091,0.00724431591775687,0.418204964078222,fusion,,lipoblastoma
COL3A1,829498,Fruquintinib,0.000119389471392672,0.487637961055172,0.0015863254135775,0.408944321271483,fusion,,lipoblastoma
COL3A1,755980,Lenvatinib,0.00544959509330711,0.36662518270046,0.000557035806099115,0.446771443083099,fusion,,lipoblastoma
COL3A1,811429,Pralsetinib,0.000660258012757708,0.434221303383901,9.35936216395205e-05,0.490271177055897,fusion,,lipoblastoma
COL3A1,818434,Selpercatinib,0.00374179871161084,0.374849989416955,0.000403188390778463,0.449305602871825,fusion,,lipoblastoma
CREB1,702294,Estramustine,0.00524247538444355,0.385258835536467,0.0119730982102672,0.349376600339901,"oncogene, fusion",Dom,"clear cell sarcoma, angiomatoid fibrous histiocytoma"
CREB1,767125,Talazoparib,0.00168242078872693,0.403553293424888,0.0101717205409879,0.334932298517015,"oncogene, fusion",Dom,"clear cell sarcoma, angiomatoid fibrous histiocytoma"
CREB3L1,749226,Abiraterone,0.00123830316294437,0.492713854267702,0.00103473385557095,0.499437470722679,"TSG, fusion",Dom,myxofibrosarcoma
CREB3L1,732517,Dasatinib,0.00845344868423714,0.339841406647216,0.00514883698290558,0.359635280291666,"TSG, fusion",Dom,myxofibrosarcoma
CREB3L1,829498,Fruquintinib,0.000388873658201838,0.45404147190927,0.00146967625052774,0.411560331921086,"TSG, fusion",Dom,myxofibrosarcoma
CREB3L1,811429,Pralsetinib,2.87878453986145e-06,0.570881080990109,5.43497064109388e-06,0.557633741480559,"TSG, fusion",Dom,myxofibrosarcoma
CREB3L1,818434,Selpercatinib,0.00106765064282088,0.41882325934995,0.000227645428012568,0.465958607772998,"TSG, fusion",Dom,myxofibrosarcoma
CREB3L1,721517,Zoledronate,0.00159082196060289,0.405471978369604,0.00443148270083293,0.368435989777559,"TSG, fusion",Dom,myxofibrosarcoma
CREB3L2,749226,Abiraterone,0.00278499353947125,0.460558429427331,0.00165620611487993,0.481530138242079,"oncogene, fusion",Dom,fibromyxoid sarcoma
CREB3L2,764042,Binimetinib,0.00274571383014454,0.383100922401658,0.00369169662279977,0.372263834598538,"oncogene, fusion",Dom,fibromyxoid sarcoma
CREB3L2,768068,Cobimetinib,0.00628326440755033,0.354780660950468,0.00411554217134213,0.371255973859097,"oncogene, fusion",Dom,fibromyxoid sarcoma
CREB3L2,778304,Encorafenib,5.01927610616625e-05,0.51430521788649,0.000528254072684308,0.448421312031685,"oncogene, fusion",Dom,fibromyxoid sarcoma
CREB3L2,741078,Selumetinib,0.00274798559038536,0.383071146819698,0.00582602657127839,0.354815632853911,"oncogene, fusion",Dom,fibromyxoid sarcoma
CREB3L2,761431,Vemurafenib,0.00025307597824975,0.45929374185074,0.000401046773461644,0.445899346308173,"oncogene, fusion",Dom,fibromyxoid sarcoma
CREBBP,733504,Everolimus,0.000505151532445014,0.438972573246954,0.00365080048742472,0.372678255427614,"oncogene, TSG, fusion",Dom/Rec,"ALL, AML, DLBCL, B-NHL"
CRNKL1,764134,Dabrafenib,0.00424082568438422,0.393872664391743,0.00171590363560691,0.428300062490898,unknown,,base cell carcinoma
CRTC1,747974,Raloxifene,0.00674385450513548,0.351941929022696,0.00551150219128571,0.359974159397602,"oncogene, fusion",Dom,salivary gland mucoepidermoid
CRTC1,180973,Tamoxifen,0.000599973900235806,0.437204335202134,0.00110749314828417,0.417619101315025,"oncogene, fusion",Dom,salivary gland mucoepidermoid
CTCF,82151,Daunorubicin,0.00104469534777473,0.412849498583032,0.000301758697065279,0.450709316997487,TSG,Dom,"endometrial, breast, head and neck cancer"
CTCF,127716,Decitabine,0.00452935308923119,0.406942713474246,0.0025656974838184,0.429851970986187,TSG,Dom,"endometrial, breast, head and neck cancer"
CTCF,8806,Melphalan,1.1308515787789e-05,0.533638295538844,0.00379094680437352,0.368264558230455,TSG,Dom,"endometrial, breast, head and neck cancer"
CTCF,740,Methotrexate,0.000279779399436685,0.45287897217294,0.000228879657169667,0.458570783474322,TSG,Dom,"endometrial, breast, head and neck cancer"
CTCF,26980,Mitomycin,0.000831944647180282,0.420128556673572,0.00167990024321573,0.397121342785775,TSG,Dom,"endometrial, breast, head and neck cancer"
CTCF,762,Nitrogen mustard,0.000461515167369253,0.438243870632015,0.0047988742185796,0.359399753365113,TSG,Dom,"endometrial, breast, head and neck cancer"
CTCF,122819,Teniposide,0.000328374373566919,0.448267108976831,0.00879885815100323,0.335408216377595,TSG,Dom,"endometrial, breast, head and neck cancer"
CTCF,246131,Valrubicin,0.00386605161331443,0.373621268128787,0.004911266352843,0.364475344461944,TSG,Dom,"endometrial, breast, head and neck cancer"
CUX1,768073,Abemaciclib,0.00262388269608426,0.387907839385301,0.00376042400986986,0.374663529231585,"oncogene, TSG",Dom,"endometrial, melanoma, colorectal, AML, MDS, other tumour types"
CXCR4,26271,Cyclophosphamide,0.0010575175072951,0.462704953173744,0.00369152157295693,0.415369616152995,oncogene,Dom,WM
DAXX,92859,Arsenic trioxide,0.00303579043941981,0.379465025382935,0.00421008713663106,0.367335010472723,"oncogene, TSG",Rec,"pancreatic neuroendocrine tumour, paediatric glioblastoma"
DAXX,758254,Ixazomib,0.00406874665830381,0.368623200906199,0.00621689694262528,0.352253464848605,"oncogene, TSG",Rec,"pancreatic neuroendocrine tumour, paediatric glioblastoma"
DDB2,764134,Dabrafenib,0.0114906266257746,0.351259885568693,0.00599173926668195,0.379714065983994,"oncogene, TSG",Rec,
DDX5,3053,Actinomycin D,0.000356280877028325,0.449395666062836,3.03005233639463e-05,0.514765837568855,"oncogene, fusion",Dom,prostate
DDX5,409962,Carmustine,0.00293332592491379,0.380712645995184,0.00752719875425622,0.344585711702173,"oncogene, fusion",Dom,prostate
DDX5,82151,Daunorubicin,0.0073633232817496,0.345477647126732,0.0046723002475848,0.363373328097759,"oncogene, fusion",Dom,prostate
DDX5,79037,Lomustine,0.00125977481838113,0.413349318757334,0.000583127511996517,0.438086451555763,"oncogene, fusion",Dom,prostate
DDX5,8806,Melphalan,0.00728103815738556,0.345932059726763,0.00621851240721538,0.352243171962221,"oncogene, fusion",Dom,prostate
DDX5,755,Mercaptopurine,0.000477501142824188,0.440675735931148,0.000122100572166772,0.479433039929434,"oncogene, fusion",Dom,prostate
DDX6,409962,Carmustine,0.00175551724806055,0.395624253373454,0.00791148358381388,0.339748224711554,"oncogene, fusion",Dom,B-NHL
DDX6,616348,Irinotecan,0.00281719179710759,0.379090873120674,0.00721342408799063,0.343471677716342,"oncogene, fusion",Dom,B-NHL
DDX6,79037,Lomustine,0.000299712330134038,0.454436672108234,0.00358407314682751,0.37336334134018,"oncogene, fusion",Dom,B-NHL
DDX6,279836,Mitoxantrone,0.00466618096292603,0.360466984428157,0.005354827765774,0.355193229770705,"oncogene, fusion",Dom,B-NHL
DNMT3A,105014,Cladribine,0.00458221836951144,0.364117449166201,0.00663802114281608,0.349646365617973,TSG,Dom,AML
DNMT3A,764134,Dabrafenib,0.0124399160971884,0.347615471875218,0.00373161551108203,0.398962603132981,TSG,Dom,AML
EBF1,702294,Estramustine,0.0010184689151913,0.44663376334085,0.00241821874980097,0.415663470203811,"TSG, fusion",Dom,lipoma
EBF1,829498,Fruquintinib,0.000150380577116138,0.481339130643446,0.00783620125641548,0.348791246327862,"TSG, fusion",Dom,lipoma
ECT2L,765888,Dacomitinib,0.00724882372886082,0.351999620511821,0.000728396621662685,0.434672716032534,unknown,Rec,ETP ALL
EED,789925,Asciminib,0.000676356331044569,0.43346647246003,6.9268786395682e-06,0.552423096090361,TSG,,"malignant peripheral nerve sheath tumours, MDS and related, lung adenocarcinoma"
EGFR,787457,Brigatinib,0.00709138797530517,0.346996714801809,6.61595576267881e-05,0.495447970810033,oncogene,Dom,"glioma, NSCLC"
EGFR,732517,Dasatinib,2.79313191331453e-06,0.567346559946091,4.13662104066236e-05,0.50720402160948,oncogene,Dom,"glioma, NSCLC"
EGFR,781556,Erdafitinib,0.00721837628261723,0.352172036330749,0.000496299994422022,0.446648846936519,oncogene,Dom,"glioma, NSCLC"
EGFR,718781,Erlotinib,0.000507966644577306,0.438803948682929,0.000635829140360755,0.431917816964184,oncogene,Dom,"glioma, NSCLC"
EGFR,761910,Ibrutinib,0.00141064494461584,0.406234527222653,6.64457315973088e-05,0.495337900754493,oncogene,Dom,"glioma, NSCLC"
EGFR,811429,Pralsetinib,3.84150216969914e-07,0.609388060065565,3.85338485564545e-08,0.647880391618948,oncogene,Dom,"glioma, NSCLC"
EGFR,818434,Selpercatinib,0.000360534099920872,0.452630702361976,0.00123585462877984,0.413988193558312,oncogene,Dom,"glioma, NSCLC"
EGFR,823807,Zanubrutinib,0.0019776564870928,0.394704104564271,0.000135204383388432,0.476690152110678,oncogene,Dom,"glioma, NSCLC"
ELF3,750691,Afatinib,0.000696955552927924,0.432523944832101,0.000102733226674978,0.487806409693516,TSG,,pancreatic cancer
ELF3,779217,Osimertinib,0.00514219366936408,0.35968525938845,0.00185007827030281,0.397012411725087,TSG,,pancreatic cancer
ELF4,732517,Dasatinib,0.000422181858655612,0.444370506409963,0.00247885004084125,0.38676116059665,"oncogene, TSG, fusion",Dom,AML
ELF4,781556,Erdafitinib,0.00261612094900298,0.391272222277036,0.000185349920077904,0.475525167844595,"oncogene, TSG, fusion",Dom,AML
ELF4,811429,Pralsetinib,0.000660520513796836,0.434208862160776,0.000385042437013982,0.450679095430062,"oncogene, TSG, fusion",Dom,AML
ELF4,818434,Selpercatinib,0.000624772141164964,0.435945799377625,0.000338895546648121,0.454456813358658,"oncogene, TSG, fusion",Dom,AML
EML4,764042,Binimetinib,0.000971485510729452,0.418507207539231,0.00607110617180328,0.353192161007317,fusion,Dom,NSCLC
EML4,768068,Cobimetinib,0.00129343899207134,0.41246840670654,0.00495775457392655,0.364109920101916,fusion,Dom,NSCLC
EML4,758246,Trametinib,0.000205672068031903,0.465152799422407,0.000165978613530404,0.47110123498398,fusion,Dom,NSCLC
EP300,764042,Binimetinib,0.000780320487403285,0.425508095509135,0.00273686767761693,0.383217076534291,"TSG, fusion",Rec,"colorectal, breast, pancreatic, AML, ALL, DLBCL"
EP300,741078,Selumetinib,0.000453545187929282,0.442225328401522,0.00273382510213893,0.383257104131066,"TSG, fusion",Rec,"colorectal, breast, pancreatic, AML, ALL, DLBCL"
EPAS1,787457,Brigatinib,0.00827096512217462,0.340738983499456,0.00408138435643223,0.368506424267979,"oncogene, TSG",Dom,"paraganglioma, pheochromocytoma, central nervous system hemangioblastomas"
EPAS1,732517,Dasatinib,0.000994300637221279,0.417756688998031,0.00119741474282353,0.411683909756923,"oncogene, TSG",Dom,"paraganglioma, pheochromocytoma, central nervous system hemangioblastomas"
EPAS1,733504,Everolimus,0.000913756662427989,0.420479663061534,0.00113057179198072,0.413572617791388,"oncogene, TSG",Dom,"paraganglioma, pheochromocytoma, central nervous system hemangioblastomas"
EPAS1,780108,Lorlatinib,0.00064453484682514,0.431496023075018,0.000132390223646527,0.477257994000463,"oncogene, TSG",Dom,"paraganglioma, pheochromocytoma, central nervous system hemangioblastomas"
EPAS1,811429,Pralsetinib,0.000755793683615557,0.429964137122059,0.000115436628698173,0.48469560494112,"oncogene, TSG",Dom,"paraganglioma, pheochromocytoma, central nervous system hemangioblastomas"
EPAS1,818434,Selpercatinib,0.00340866059276434,0.378331901174825,0.0019131565157644,0.399105428092516,"oncogene, TSG",Dom,"paraganglioma, pheochromocytoma, central nervous system hemangioblastomas"
EPHA3,758244,tepotinib,0.00452624377168131,0.364586348564848,0.00195632139696266,0.395080681717712,unknown,,"lung cancer, CRC, melanoma"
EPHA3,761431,Vemurafenib,0.000837152886056014,0.423278254250119,0.000306400813512741,0.453797483467444,unknown,,"lung cancer, CRC, melanoma"
ERBB2,750691,Afatinib,0.000171307037913237,0.473935800426572,0.000557263088429405,0.439486751814693,"oncogene, fusion",Dom,"breast, ovarian, other tumour types, NSCLC, gastric"
ERBB3,768068,Cobimetinib,0.0030443516979588,0.382503093444261,0.00333456730970915,0.379147106019069,oncogene,Dom,"colon, gastric, head and neck, bladder, skin"
ERBB3,764134,Dabrafenib,0.000239870922804641,0.492693666886924,0.00145337115157806,0.434247168488167,oncogene,Dom,"colon, gastric, head and neck, bladder, skin"
ERBB3,758246,Trametinib,0.00857787231408235,0.339239028819242,0.0026692849632024,0.384115654394902,oncogene,Dom,"colon, gastric, head and neck, bladder, skin"
ERBB4,791164,Acalabrutinib,8.56660417434262e-05,0.492595186171807,0.00579883420721749,0.357970161185379,"oncogene, TSG",Dom,"melanoma, gastric, NSCLC"
ERBB4,750691,Afatinib,0.00275428069196626,0.386154040732536,0.00275769785590762,0.386109081697605,"oncogene, TSG",Dom,"melanoma, gastric, NSCLC"
ERBB4,765888,Dacomitinib,0.0093828785956731,0.338345741019918,0.000659384956188446,0.434262714060999,"oncogene, TSG",Dom,"melanoma, gastric, NSCLC"
ERBB4,761910,Ibrutinib,0.00326623449232754,0.376790273604739,1.94572768541512e-05,0.525225075305077,"oncogene, TSG",Dom,"melanoma, gastric, NSCLC"
ERBB4,764581,Tucatinib,0.00673109425876217,0.352018256384633,0.000456291644819195,0.445586471031176,"oncogene, TSG",Dom,"melanoma, gastric, NSCLC"
ERBB4,823807,Zanubrutinib,0.00289026415092363,0.381248554840906,0.000193612470490434,0.466840095009612,"oncogene, TSG",Dom,"melanoma, gastric, NSCLC"
ERCC5,758247,Palbociclib,0.000406512076770226,0.4454971099127,0.00111771743624533,0.413947305209892,TSG,Rec,
ERCC5,778909,Ribociclib,0.000841903253172571,0.437324640313153,0.00877628627952065,0.350147031064929,TSG,Rec,
ERCC5,816987,Trilaciclib,9.16801009243073e-06,0.550434341368395,0.00111809399293338,0.420757501016781,TSG,Rec,
ERG,825331,Darolutamide,0.00108933903164221,0.414788422361232,0.00662610161747223,0.349718139211429,"oncogene, fusion",Dom,"Ewing sarcoma, prostate, AML"
ETNK1,764042,Binimetinib,0.00439201941916689,0.365731923539333,0.00565632292093343,0.355975277737219,TSG,Dom,"aCML, CMML, SM-AHD, HES"
ETNK1,768068,Cobimetinib,0.00221582893750404,0.393947120769706,0.00169687018199304,0.403259205987165,TSG,Dom,"aCML, CMML, SM-AHD, HES"
ETNK1,741078,Selumetinib,0.0011781230291068,0.412219076491127,0.00128652802249962,0.409308204299877,TSG,Dom,"aCML, CMML, SM-AHD, HES"
ETNK1,758246,Trametinib,0.00310545725348299,0.378637931498888,0.00371671385213678,0.372012320737962,TSG,Dom,"aCML, CMML, SM-AHD, HES"
ETV1,764042,Binimetinib,0.00065646182418888,0.430926452273918,0.00123909415474399,0.41055366160887,"oncogene, fusion",Dom,"Ewing sarcoma, prostate"
ETV1,768068,Cobimetinib,0.00116938188179638,0.415823766804943,0.00158200906541017,0.405661758543459,"oncogene, fusion",Dom,"Ewing sarcoma, prostate"
ETV1,741078,Selumetinib,0.00151844961763902,0.403755822766462,0.00134663148955116,0.407788025268122,"oncogene, fusion",Dom,"Ewing sarcoma, prostate"
ETV1,758246,Trametinib,0.00172178594990302,0.399481890665726,0.000426929713369661,0.44403665094365,"oncogene, fusion",Dom,"Ewing sarcoma, prostate"
ETV4,764042,Binimetinib,1.1374932893382e-06,0.585044907350636,4.49647382394502e-06,0.557531520913259,"oncogene, fusion",Dom,"Ewing sarcoma, prostate carcinoma"
ETV4,768068,Cobimetinib,7.35082018366028e-07,0.597518123452216,1.24436879911371e-07,0.628914334543687,"oncogene, fusion",Dom,"Ewing sarcoma, prostate carcinoma"
ETV4,764134,Dabrafenib,5.78757823728182e-05,0.532400759729597,4.23930361699298e-05,0.540473888381371,"oncogene, fusion",Dom,"Ewing sarcoma, prostate carcinoma"
ETV4,741078,Selumetinib,1.09402849224338e-07,0.62674530125627,7.89000579981546e-07,0.5919635618076,"oncogene, fusion",Dom,"Ewing sarcoma, prostate carcinoma"
ETV4,758246,Trametinib,6.04986520347239e-06,0.55125225088217,2.87777594421001e-07,0.610239817853613,"oncogene, fusion",Dom,"Ewing sarcoma, prostate carcinoma"
ETV5,764042,Binimetinib,3.12064402319123e-06,0.565088857370312,8.51470526006537e-05,0.488949665495365,"oncogene, fusion",Dom,prostate
ETV5,768068,Cobimetinib,2.16898950795574e-05,0.526660532693002,0.000407328581013999,0.449000110424298,"oncogene, fusion",Dom,prostate
ETV5,741078,Selumetinib,9.2036064629486e-06,0.542151465794141,0.000693473788953014,0.42921670277343,"oncogene, fusion",Dom,prostate
ETV5,758246,Trametinib,5.63216307023495e-05,0.499526850166536,0.000127839271203633,0.478200142273247,"oncogene, fusion",Dom,prostate
ETV6,816987,Trilaciclib,7.70235527158824e-05,0.499272948528707,4.12957418043369e-05,0.515128436991037,"TSG, fusion",Dom,"congenital fibrosarcoma, multiple different leukaemia and lymphoma tumour types including ALL, secretory breast, MDS"
EWSR1,3053,Actinomycin D,0.00700861439519173,0.344623870434877,0.000580286265023044,0.431322422651819,"oncogene, fusion",Dom,"Ewing sarcoma, desmoplastic small round cell tumour , ALL, clear cell sarcoma, sarcoma, myoepithelioma, mesothelioma"
EWSR1,409962,Carmustine,0.00019458402525041,0.46310046447562,0.00173153457691421,0.396092711693901,"oncogene, fusion",Dom,"Ewing sarcoma, desmoplastic small round cell tumour , ALL, clear cell sarcoma, sarcoma, myoepithelioma, mesothelioma"
EWSR1,628503,Docetaxel,0.00325530696130615,0.412143383102431,0.000948539565427175,0.457541163045907,"oncogene, fusion",Dom,"Ewing sarcoma, desmoplastic small round cell tumour , ALL, clear cell sarcoma, sarcoma, myoepithelioma, mesothelioma"
EWSR1,109724,Ifosfamide,0.000196542617968642,0.498560522302343,0.00555020580965948,0.382902658037585,"oncogene, fusion",Dom,"Ewing sarcoma, desmoplastic small round cell tumour , ALL, clear cell sarcoma, sarcoma, myoepithelioma, mesothelioma"
EWSR1,747973,Ixabepilone,0.00275395205318762,0.403248429920621,0.00117185895394689,0.433867554467473,"oncogene, fusion",Dom,"Ewing sarcoma, desmoplastic small round cell tumour , ALL, clear cell sarcoma, sarcoma, myoepithelioma, mesothelioma"
EWSR1,79037,Lomustine,8.89774272803123e-05,0.487802839769793,0.000130625297940945,0.477619794698305,"oncogene, fusion",Dom,"Ewing sarcoma, desmoplastic small round cell tumour , ALL, clear cell sarcoma, sarcoma, myoepithelioma, mesothelioma"
EWSR1,740,Methotrexate,0.000291145918413615,0.45173827854379,0.00104010422721012,0.41299183902923,"oncogene, fusion",Dom,"Ewing sarcoma, desmoplastic small round cell tumour , ALL, clear cell sarcoma, sarcoma, myoepithelioma, mesothelioma"
EWSR1,266046,Oxaliplatin,0.00104417562992309,0.449940938622195,0.01141493012965,0.355000601233281,"oncogene, fusion",Dom,"Ewing sarcoma, desmoplastic small round cell tumour , ALL, clear cell sarcoma, sarcoma, myoepithelioma, mesothelioma"
EWSR1,125973,Paclitaxel,0.00783308424697137,0.340151774447019,0.00231354472109268,0.386078499814356,"oncogene, fusion",Dom,"Ewing sarcoma, desmoplastic small round cell tumour , ALL, clear cell sarcoma, sarcoma, myoepithelioma, mesothelioma"
EWSR1,747974,Raloxifene,0.00913957010080013,0.336610803760651,0.00343274910301616,0.374959815937007,"oncogene, fusion",Dom,"Ewing sarcoma, desmoplastic small round cell tumour , ALL, clear cell sarcoma, sarcoma, myoepithelioma, mesothelioma"
EWSR1,180973,Tamoxifen,0.000970657271908814,0.418534750645098,8.38795228812472e-05,0.489339629337518,"oncogene, fusion",Dom,"Ewing sarcoma, desmoplastic small round cell tumour , ALL, clear cell sarcoma, sarcoma, myoepithelioma, mesothelioma"
EXT1,732517,Dasatinib,1.25413553471176e-05,0.535265250252985,1.80590330645102e-05,0.526952583249071,"TSG, fusion",Rec,
EXT1,829498,Fruquintinib,0.00789509999330739,0.348481204922776,0.0076961276312244,0.349536824690089,"TSG, fusion",Rec,
EXT1,811429,Pralsetinib,4.62211712348725e-06,0.561065534371362,2.5093878557314e-06,0.573669882019098,"TSG, fusion",Rec,
EXT1,818434,Selpercatinib,0.000701651686664028,0.432312600045118,0.000968489486256274,0.422005570167466,"TSG, fusion",Rec,
EXT1,721517,Zoledronate,0.00264371933488449,0.387636116354158,0.00198193673909163,0.397872378333634,"TSG, fusion",Rec,
EXT2,811429,Pralsetinib,0.00411173175911372,0.371291134696857,0.00937330906667321,0.338388655391744,TSG,Rec,
EZH2,266046,Oxaliplatin,0.000867766303411787,0.456267336899118,0.00309380129993153,0.410157282850763,"oncogene, TSG",Dom,DLBCL
EZH2,752,Tioguanine,0.00136958712452517,0.403976765799872,0.00433847215497529,0.363222036563249,"oncogene, TSG",Dom,DLBCL
FANCA,606869,Clofarabine,0.00465574161232806,0.363509156686857,0.00433239995584644,0.366250695507114,TSG,Rec,
FANCA,63878,Cytarabine,0.000521056879054793,0.43459466773947,0.00094751560723294,0.415990445978426,TSG,Rec,
FANCA,613327,Gemcitabine,0.00498035333210089,0.357981481849091,0.00631468311303362,0.348759986947824,TSG,Rec,
FANCA,740,Methotrexate,0.00626993957385235,0.349040129781797,0.0022163747282462,0.387580979801548,TSG,Rec,
FANCC,26980,Mitomycin,0.00398922848946226,0.366368235235313,0.00400478438582019,0.366223012728555,TSG,Rec,
FANCD2,755,Mercaptopurine,0.00835832409581183,0.337512601342848,0.00323619468896518,0.374079529296404,TSG,Rec,
FANCE,755,Mercaptopurine,0.00346206155527362,0.371612762714119,0.0027089273200036,0.380493227732973,TSG,Rec,
FANCE,125973,Paclitaxel,0.00441095946298242,0.362597195529645,0.000788113078803665,0.421835056781235,TSG,Rec,
FANCF,764134,Dabrafenib,0.00099904303619347,0.447291537168523,9.19578948588295e-06,0.577334352593912,TSG,Rec,
FAS,768073,Abemaciclib,0.00192254024917204,0.398934892381725,0.00118961215359547,0.415255410898477,TSG,Rec,"TGCT, nasal NK/T lymphoma, skin squamous cell carcinoma-burn scar related"
FAS,733504,Everolimus,0.00100469776311706,0.417419803227455,0.000816427360357918,0.424075132095418,TSG,Rec,"TGCT, nasal NK/T lymphoma, skin squamous cell carcinoma-burn scar related"
FAS,759224,Idelalisib,0.0022914072989133,0.392757641931889,0.00485485747537817,0.364922860287729,TSG,Rec,"TGCT, nasal NK/T lymphoma, skin squamous cell carcinoma-burn scar related"
FAS,816556,Pemigatinib,0.000769946297091816,0.436521161932536,0.000870835169422212,0.432536361020658,TSG,Rec,"TGCT, nasal NK/T lymphoma, skin squamous cell carcinoma-burn scar related"
FAS,226080,Sirolimus,0.00687858520263118,0.345370746667255,0.00223451224911208,0.387296127843875,TSG,Rec,"TGCT, nasal NK/T lymphoma, skin squamous cell carcinoma-burn scar related"
FAS,683864,Temsirolimus,0.000767198826786774,0.429488882529119,0.00022853986111393,0.465847212698022,TSG,Rec,"TGCT, nasal NK/T lymphoma, skin squamous cell carcinoma-burn scar related"
FAT4,749226,Abiraterone,0.0235412675558444,0.357467266727758,0.0136588496186069,0.386877095130334,TSG,,"lymphoma, pancreatic, head and neck, melanoma, hepatocellular carcinoma"
FAT4,125066,Bleomycin,0.0012269935236473,0.407608405290863,0.0012043397740673,0.408219980682723,TSG,,"lymphoma, pancreatic, head and neck, melanoma, hepatocellular carcinoma"
FAT4,733504,Everolimus,0.00645891917031571,0.350736925435019,0.00160130046264694,0.40195590634847,TSG,,"lymphoma, pancreatic, head and neck, melanoma, hepatocellular carcinoma"
FAT4,755980,Lenvatinib,0.0087358382668492,0.347262982165118,0.00335426585796438,0.385400496776466,TSG,,"lymphoma, pancreatic, head and neck, melanoma, hepatocellular carcinoma"
FAT4,811429,Pralsetinib,0.000826183813851688,0.427128324074497,1.68369414730307e-05,0.532562218376534,TSG,,"lymphoma, pancreatic, head and neck, melanoma, hepatocellular carcinoma"
FAT4,818434,Selpercatinib,0.000414728835095523,0.448461027563517,0.000528527975066639,0.441113264814821,TSG,,"lymphoma, pancreatic, head and neck, melanoma, hepatocellular carcinoma"
FAT4,721517,Zoledronate,0.00237365898447361,0.391502219915593,0.00139810548072816,0.409855221118062,TSG,,"lymphoma, pancreatic, head and neck, melanoma, hepatocellular carcinoma"
FBXW7,758247,Palbociclib,0.0039433040314396,0.369800043710014,0.00573649031715772,0.355423714549735,TSG,Rec,"colorectal, endometrial, T-ALL"
FBXW7,816987,Trilaciclib,0.00985676619292874,0.339153916441562,0.00997532924338084,0.338643548082952,TSG,Rec,"colorectal, endometrial, T-ALL"
FCGR2B,761431,Vemurafenib,1.02061170315082e-06,0.587112330752134,0.00538629269509538,0.357885050001102,"oncogene, fusion",Dom,ALL
FEN1,628503,Docetaxel,0.00405236857332758,0.403389245128134,0.00690165246673268,0.381091207719512,TSG,,
FEN1,747973,Ixabepilone,0.00199564884229408,0.415125850370224,0.00354111791759814,0.393669993664195,TSG,,
FEN1,755,Mercaptopurine,0.000894299051785729,0.417835799488604,0.00160758521719395,0.398610629652341,TSG,,
FEN1,266046,Oxaliplatin,0.00536823299106359,0.387986624307494,0.0130867587807563,0.348652933462387,TSG,,
FEN1,125973,Paclitaxel,0.000725214371717797,0.424440215489598,0.000345518700724412,0.446787818851556,TSG,,
FEV,758007,Tivozanib,6.5035421270565e-08,0.63523990787178,0.00503673371586677,0.36048636238218,"oncogene, fusion",Dom,Ewing sarcoma
FGFR1,125066,Bleomycin,5.14885410118903e-05,0.497994804131526,0.000161506605513839,0.468222873533219,"oncogene, fusion",Dom,"MPN, NHL, salivary adenoma"
FGFR1,732517,Dasatinib,0.00142847016917091,0.405813205540302,0.00143209679462952,0.405728063515437,"oncogene, fusion",Dom,"MPN, NHL, salivary adenoma"
FGFR1,781556,Erdafitinib,0.00660739450878478,0.355773518115526,0.000565229799241118,0.44263810786925,"oncogene, fusion",Dom,"MPN, NHL, salivary adenoma"
FGFR1,718781,Erlotinib,0.00117407904145361,0.412332257955779,0.000719382091167508,0.428068330749654,"oncogene, fusion",Dom,"MPN, NHL, salivary adenoma"
FGFR1,733504,Everolimus,0.00123735093217436,0.410600244116199,0.00182983500714661,0.397391686740043,"oncogene, fusion",Dom,"MPN, NHL, salivary adenoma"
FGFR1,811429,Pralsetinib,0.000369577692399092,0.451896899127124,5.32052808077665e-05,0.504822113038042,"oncogene, fusion",Dom,"MPN, NHL, salivary adenoma"
FGFR1,818434,Selpercatinib,0.000306062135047913,0.457441277555139,0.00110168031051971,0.417792330001354,"oncogene, fusion",Dom,"MPN, NHL, salivary adenoma"
FGFR1,721517,Zoledronate,0.00526732992018486,0.361750576255346,0.00322754946574654,0.380353353966456,"oncogene, fusion",Dom,"MPN, NHL, salivary adenoma"
FGFR2,811429,Pralsetinib,0.00559374017476832,0.359391399721144,0.000648040768572721,0.434805347085904,"oncogene, fusion",Dom,"gastric, NSCLC, endometrial"
FGFR2,823807,Zanubrutinib,0.00142774108415499,0.405830345624301,0.000567144322979995,0.4354421556549,"oncogene, fusion",Dom,"gastric, NSCLC, endometrial"
FHIT,1390,Allopurinol,0.00526948243252856,0.358737364276783,0.00647369846415646,0.350645938157117,"TSG, fusion",Dom,pleomorphic salivary gland adenoma
FIP1L1,764134,Dabrafenib,0.00392238663286814,0.396987971343625,0.00705767837996185,0.372788118235588,fusion,Dom,idiopathic hypereosinophilic syndrome
FIP1L1,45388,Dacarbazine,0.0023142952446844,0.386067115665019,0.00214478441516741,0.388726016483418,fusion,Dom,idiopathic hypereosinophilic syndrome
FIP1L1,740,Methotrexate,0.00311990292747665,0.375409755898791,0.000647153931345734,0.427973842073836,fusion,Dom,idiopathic hypereosinophilic syndrome
FIP1L1,747599,Nilotinib,0.000181869450737615,0.468578118162694,7.72021343449225e-05,0.491488026095237,fusion,Dom,idiopathic hypereosinophilic syndrome
FKBP9,829498,Fruquintinib,0.00760598147372637,0.350022928784581,0.000199303804768957,0.473482186293568,unknown,,glioma
FLCN,125066,Bleomycin,0.00212783612196965,0.389002081302842,0.00249614774711326,0.383401188435563,TSG,Rec,
FLI1,241240,Carboplatin,0.00142683854244185,0.402613618971541,0.00553920055328993,0.353882933377332,"oncogene, fusion",Dom,Ewing sarcoma
FLI1,26271,Cyclophosphamide,0.00280512133294408,0.426358190402918,0.0172717287824846,0.345808137761071,"oncogene, fusion",Dom,Ewing sarcoma
FLI1,256942,Epirubicin,0.00353279281172058,0.380182102869744,0.0101314835881249,0.337979319957213,"oncogene, fusion",Dom,Ewing sarcoma
FLI1,279836,Mitoxantrone,0.00296159110669291,0.377293227785092,0.00548798376511161,0.354243027483409,"oncogene, fusion",Dom,Ewing sarcoma
FLI1,246131,Valrubicin,0.000613713520324132,0.43650134457543,0.00945235282560119,0.338035318889979,"oncogene, fusion",Dom,Ewing sarcoma
FLNA,749226,Abiraterone,0.027850545047021,0.34784325296077,0.00569515621744987,0.429373496648311,unknown,,phyllodes tumour of the breast
FLNA,732517,Dasatinib,0.00696614439692266,0.34771352835527,0.00298296712437129,0.380103457508089,unknown,,phyllodes tumour of the breast
FLNA,781556,Erdafitinib,0.000617107065309152,0.439902050725225,3.6522878717804e-05,0.518161937105046,unknown,,phyllodes tumour of the breast
FLNA,733504,Everolimus,0.000357678299650832,0.449280625737329,0.00142211571997252,0.405962857154134,unknown,,phyllodes tumour of the breast
FLNA,829498,Fruquintinib,0.00230163598078347,0.395888149487611,0.000830843768538924,0.430462058160325,unknown,,phyllodes tumour of the breast
FLNA,755980,Lenvatinib,0.00581336172755841,0.364041414362455,0.00330460668713183,0.385960743085143,unknown,,phyllodes tumour of the breast
FLNA,816556,Pemigatinib,0.000139942722517716,0.487230802819406,0.000152674133557795,0.484823627055767,unknown,,phyllodes tumour of the breast
FLNA,811429,Pralsetinib,8.13044748833036e-05,0.493959511357852,1.4108270214308e-06,0.585091983295384,unknown,,phyllodes tumour of the breast
FLNA,818434,Selpercatinib,0.000319235450073396,0.456210402366673,4.88927680630801e-05,0.506944234475151,unknown,,phyllodes tumour of the breast
FLT3,105014,Cladribine,0.00134051619028374,0.40793988214458,0.0038929667244596,0.370281606107795,oncogene,Dom,"AML, ALL"
FLT3,63878,Cytarabine,0.00595492542560993,0.351063618020349,0.0038680364849104,0.367517094150167,oncogene,Dom,"AML, ALL"
FLT3,613327,Gemcitabine,0.00207307674917656,0.38990765902003,0.000208047005908929,0.46124133335933,oncogene,Dom,"AML, ALL"
FLT3,32065,Hydroxyurea,2.62461115285717e-07,0.607654515981162,0.00259472367799151,0.382027625483589,oncogene,Dom,"AML, ALL"
FLT3,6396,Thiotepa,0.000880076465186174,0.418345756334312,0.00414471277895511,0.364938655882721,oncogene,Dom,"AML, ALL"
FLT3,9706,Triethylenemelamine,0.0015015867642818,0.400905933584003,0.00711885115263566,0.344000111691852,oncogene,Dom,"AML, ALL"
FLT3,75520,Trifluridine,0.0068040560827729,0.348658132314099,0.00249887361596545,0.386474643330132,oncogene,Dom,"AML, ALL"
FLT4,105014,Cladribine,0.00440190410237639,0.365646514148573,0.00473035984704539,0.36290039886976,oncogene,Dom,soft tissue sarcoma
FNBP1,3088,Chlorambucil,0.000112874771287296,0.477851247996449,0.00205624174803586,0.390190360859781,fusion,Dom,AML
FNBP1,119875,Cisplatin,0.00125930779370087,0.40675337003007,0.00708455090899207,0.344193284264681,fusion,Dom,AML
FNBP1,8806,Melphalan,0.000466499644618867,0.437922455306384,0.00637786007624519,0.348367378658088,fusion,Dom,AML
FNBP1,609699,Topotecan,0.00639557298060999,0.348257914922703,0.00595228404305991,0.351080978103938,fusion,Dom,AML
FNBP1,34462,Uracil mustard,0.000446289414418377,0.439245586702466,0.00608762177793309,0.350200067229688,fusion,Dom,AML
FOXO3,749226,Abiraterone,0.00908249664986127,0.407362375336869,0.0324418066424692,0.338861830017515,"oncogene, TSG, fusion",Dom,AL
FOXO3,721517,Zoledronate,0.000480194877201078,0.444039258611573,0.00394422182091958,0.372866019756386,"oncogene, TSG, fusion",Dom,AL
FOXO4,756645,Crizotinib,0.000779520398385358,0.425540521458371,6.75559887672871e-05,0.494914957885533,"oncogene, TSG, fusion",Dom,"AL, soft tissue sarcoma"
FOXO4,764134,Dabrafenib,0.014600891798203,0.340134834036621,0.00453914404819855,0.391135400983751,"oncogene, TSG, fusion",Dom,"AL, soft tissue sarcoma"
FOXO4,45388,Dacarbazine,0.000429948241684297,0.440355845842562,0.0041931634048411,0.364502864475967,"oncogene, TSG, fusion",Dom,"AL, soft tissue sarcoma"
FOXO4,755,Mercaptopurine,0.00297536063405101,0.377125902497133,0.00165584395704865,0.3976102823071,"oncogene, TSG, fusion",Dom,"AL, soft tissue sarcoma"
FOXO4,747599,Nilotinib,3.00788040410449e-05,0.514942092184536,0.000117489012231963,0.480462929631101,"oncogene, TSG, fusion",Dom,"AL, soft tissue sarcoma"
FOXO4,49842,Vinblastine,0.00878475407969903,0.335474153955358,3.9656053962389097e-05,0.50442589959945,"oncogene, TSG, fusion",Dom,"AL, soft tissue sarcoma"
FOXP1,732517,Dasatinib,0.00162265724403876,0.40150547885972,0.00930876909118061,0.335846631002099,"oncogene, fusion",Dom,ALL
FOXP1,811429,Pralsetinib,0.000320843367626721,0.456063344223062,4.89671261332258e-05,0.506906205776833,"oncogene, fusion",Dom,ALL
FSTL3,781556,Erdafitinib,2.90470506754125e-05,0.523742425614852,0.00585007480351751,0.360665845302818,"oncogene, fusion",Dom,B-CLL
FSTL3,829498,Fruquintinib,0.00429885047348044,0.372726921782542,0.0106336007927461,0.335901913667014,"oncogene, fusion",Dom,B-CLL
FSTL3,761910,Ibrutinib,1.56938979092302e-05,0.530178904232782,0.000976232331857396,0.418349758851346,"oncogene, fusion",Dom,B-CLL
FSTL3,755980,Lenvatinib,0.00113514575531303,0.42379068801803,0.0104856315301884,0.339447847054361,"oncogene, fusion",Dom,B-CLL
FSTL3,811429,Pralsetinib,0.00018942818223655,0.471136997118424,9.34020734195684e-05,0.490325161662637,"oncogene, fusion",Dom,B-CLL
FSTL3,823807,Zanubrutinib,0.000149928025451107,0.473885038117537,0.00102168327943341,0.416876138987511,"oncogene, fusion",Dom,B-CLL
FUBP1,92859,Arsenic trioxide,0.0053820947937857,0.357915397578194,0.00348817472189222,0.374367969824143,oncogene,Rec,oligodendroglioma
FUBP1,758252,Carfilzomib,0.00508400935154784,0.360125436466819,0.000956054385722104,0.419023881925513,oncogene,Rec,oligodendroglioma
FUBP1,409962,Carmustine,0.00103019171557727,0.413301101456105,0.00092998062187144,0.416587931989576,oncogene,Rec,oligodendroglioma
FUBP1,82151,Daunorubicin,0.00560510322917062,0.353423865721493,0.00562300437561069,0.353299988288004,oncogene,Rec,oligodendroglioma
FUBP1,169780,Dexrazoxane,0.00168020119859435,0.397115265746379,0.00586668051128436,0.351647286890059,oncogene,Rec,oligodendroglioma
FUBP1,109724,Ifosfamide,0.00430653996694729,0.393255493003657,0.00941528232141175,0.360229896936435,oncogene,Rec,oligodendroglioma
FUBP1,616348,Irinotecan,0.00605544924627365,0.35040790940798,0.00744932336644543,0.342179490579302,oncogene,Rec,oligodendroglioma
FUBP1,79037,Lomustine,0.000250702206991526,0.459562257001983,0.00110720240050565,0.414256698693782,oncogene,Rec,oligodendroglioma
FUBP1,266046,Oxaliplatin,0.000817381643168246,0.458286565502493,0.000751294347850262,0.46111177932107,oncogene,Rec,oligodendroglioma
GAS7,764134,Dabrafenib,3.49428974644183e-09,0.716017748395063,0.00806702107417667,0.367023693762041,fusion,Dom,AML*
GAS7,778304,Encorafenib,1.17851937564417e-06,0.59726019249292,0.0110444842144574,0.337189846785668,fusion,Dom,AML*
GAS7,761431,Vemurafenib,9.60360235779944e-10,0.695707716665131,0.00352261247052698,0.37400441829508,fusion,Dom,AML*
GAS7,701852,Vorinostat,0.00273776780623835,0.383205242181443,0.00122800436015468,0.4108510142616,fusion,Dom,AML*
GATA3,800405,umbralisib,0.00305746020961805,0.379205969574191,0.000778999032928329,0.425561667501846,"oncogene, TSG",Rec,breast
GMPS,755,Mercaptopurine,0.000674849418842438,0.426678021362151,0.00023363579128377,0.457992359562906,fusion,Dom,AML
GNA11,811429,Pralsetinib,0.000597428621399442,0.437336162493374,0.00266362859587232,0.387365215163268,oncogene,Dom,"uveal melanoma, primary central nervous system melanocytic neoplasms"
GNAS,3088,Chlorambucil,0.00586207247108339,0.351677976540864,0.00595925808168695,0.351035156924774,oncogene,Dom,"pituitary adenoma, pancreatic intraductal papillary mucinous neoplasm, fibrous dysplasia"
GPHN,701852,Vorinostat,0.0085703200472933,0.339275374494196,0.00479468438780283,0.362382372005821,fusion,Dom,AL
HEY1,761431,Vemurafenib,1.91815452410537e-11,0.741129678057197,0.000463735331067027,0.441557307495004,"oncogene, fusion",Dom,mesenchymal chondrosarcoma
HIF1A,718781,Erlotinib,0.00216837129609048,0.39149014956413,0.0030070455823743,0.37981120641641,oncogene,Dom,"endometrioid carcinoma, glioblastoma, colorectal, renal, lung, pancreatic"
HLA-A,749226,Abiraterone,0.0287658695299364,0.345959909244225,0.019870108538988,0.366903531978895,fusion,Dom,Spitzoid tumour
HMGA1,1390,Allopurinol,0.00200873826325231,0.394161936058032,0.000757421551563553,0.426448242117314,"oncogene, fusion",Dom,"microfollicular thyroid adenoma, various benign mesenchymal tumours"
HMGA1,312887,Fludarabine,0.00354962002459036,0.370694745585607,0.00512558868650048,0.356878873477471,"oncogene, fusion",Dom,"microfollicular thyroid adenoma, various benign mesenchymal tumours"
HMGA1,740,Methotrexate,0.00824878699935705,0.338050818009336,0.0060681214943723,0.350325928335234,"oncogene, fusion",Dom,"microfollicular thyroid adenoma, various benign mesenchymal tumours"
HNRNPA2B1,776422,Ceritinib,0.0103788082070233,0.33407430439754,0.00264898941310409,0.387564231444209,"oncogene, fusion",Dom,prostate
HOXA11,758247,Palbociclib,0.0021529998342995,0.391739641564565,0.00228493356230985,0.389647969934797,"oncogene, TSG, fusion",Dom,CML
HOXA11,816987,Trilaciclib,0.000312349861388394,0.460543129415452,0.00284087875480176,0.388266755597787,"oncogene, TSG, fusion",Dom,CML
HOXD11,749226,Abiraterone,0.00116379524993637,0.495052514516446,0.00197530006429147,0.474566570477966,"oncogene, fusion",Dom,AML
HOXD11,811429,Pralsetinib,0.000523711229825085,0.441393722262708,0.000144902170043703,0.478542423163749,"oncogene, fusion",Dom,AML
HOXD11,818434,Selpercatinib,0.00167069187427548,0.40379367767027,0.00577304687584234,0.35814641260427,"oncogene, fusion",Dom,AML
HRAS,732517,Dasatinib,0.000121841052291404,0.479490042438216,0.000274037000635773,0.457017608388274,oncogene,Dom,"infrequent sarcomas, rare other tumour types"
HSP90AB1,102816,Azacitidine,0.00205561627183348,0.390200903951587,0.00360138064417547,0.370161447332175,fusion,Dom,NHL
HSP90AB1,740,Methotrexate,0.0076690634648604,0.341007575279982,0.00469753921556881,0.360212383836596,fusion,Dom,NHL
IDH1,764042,Binimetinib,0.000134901161894962,0.476750812637775,0.00028341506120233,0.456050296151369,oncogene,Dom,glioblastoma
IDH1,768068,Cobimetinib,5.41304059922254e-05,0.504387605290415,6.37782715195989e-05,0.500223763002717,oncogene,Dom,glioblastoma
IDH1,778304,Encorafenib,0.000884234397110272,0.43203882295512,0.00896321919409448,0.346174514363799,oncogene,Dom,glioblastoma
IDH1,741078,Selumetinib,0.000102118521982719,0.484186161272313,0.000154981236325735,0.472980318360667,oncogene,Dom,glioblastoma
IDH1,758246,Trametinib,4.70265688401472e-05,0.50403596567586,7.84711320249709e-05,0.491066911735044,oncogene,Dom,glioblastoma
IDH1,761431,Vemurafenib,3.26546858082643e-05,0.512964575171685,0.00459596751184943,0.364003045288541,oncogene,Dom,glioblastoma
IKZF1,26271,Cyclophosphamide,1.26372296538335e-06,0.640156878299493,0.00159262431918616,0.447929274899244,"TSG, fusion",Dom/Rec,"ALL, DLBCL"
IKZF1,82151,Daunorubicin,0.000160678403375857,0.468363080788069,0.0070446883571229,0.344418812693275,"TSG, fusion",Dom/Rec,"ALL, DLBCL"
IKZF1,32065,Hydroxyurea,4.38818403836194e-08,0.637238556269109,0.00417425940429705,0.364672365552786,"TSG, fusion",Dom/Rec,"ALL, DLBCL"
IKZF1,122819,Teniposide,2.15839104464876e-05,0.518924459066398,0.00411695859482397,0.365190323725842,"TSG, fusion",Dom/Rec,"ALL, DLBCL"
IKZF1,246131,Valrubicin,5.97095725205498e-05,0.501903752359032,0.00296895811042308,0.38342128889494,"TSG, fusion",Dom/Rec,"ALL, DLBCL"
IL21R,32065,Hydroxyurea,0.00891100410752132,0.334887172950084,0.00766635672653404,0.341021831509502,fusion,Dom,NHL
IL6ST,749226,Abiraterone,0.00874415043476206,0.409207017772636,0.00640444576278831,0.423970855268721,oncogene,Dom,hepatocellular carcinoma
IL6ST,829498,Fruquintinib,0.00364325672047582,0.379023779695702,0.000954955824779002,0.425947699476501,oncogene,Dom,hepatocellular carcinoma
IL6ST,811429,Pralsetinib,0.00038728874185967,0.4505059174548,0.000133467639702011,0.480780767435407,oncogene,Dom,hepatocellular carcinoma
IL6ST,721517,Zoledronate,0.00421685731526966,0.370331461453852,0.00607695013176146,0.356111733157761,oncogene,Dom,hepatocellular carcinoma
IL7R,829498,Fruquintinib,0.00537737507172719,0.364008958678636,0.00173919298615143,0.40576521903354,oncogene,Dom,"ALL, ETP ALL"
IL7R,818434,Selpercatinib,0.00109425267004681,0.418014881894969,0.00536918021372345,0.361000974428479,oncogene,Dom,"ALL, ETP ALL"
IRF4,764134,Dabrafenib,2.95887791046389e-06,0.602065631019472,0.0011536535528962,0.44234482771064,"oncogene, TSG, fusion",Dom,MM
IRF4,761431,Vemurafenib,6.75148684425863e-06,0.548897727665177,0.00428957810279762,0.366627206076789,"oncogene, TSG, fusion",Dom,MM
IRS4,780203,Selinexor,0.00407113724371921,0.371667519730454,0.00624877853195404,0.355000462110975,"oncogene, TSG",,"glioma, rhabdomyosarcoma, melanoma, breast cancer, T-ALL"
ITGAV,749226,Abiraterone,0.021800629141834,0.36177541371461,0.0155533627144373,0.380088051497579,unknown,,large intestine carcinoma
ITGAV,732517,Dasatinib,0.00272985256984359,0.383309425738121,0.00226227424456904,0.389999416178472,unknown,,large intestine carcinoma
ITGAV,718781,Erlotinib,0.000896657023048863,0.421085499660503,0.00201894983075789,0.393985447345308,unknown,,large intestine carcinoma
ITGAV,733504,Everolimus,0.00108080035843638,0.415045363303874,0.00214847435079601,0.391813396865314,unknown,,large intestine carcinoma
ITGAV,829498,Fruquintinib,0.00694802400762295,0.353731456036524,0.00221988453821553,0.397179866607546,unknown,,large intestine carcinoma
ITGAV,811429,Pralsetinib,0.0011208566619254,0.417223934918659,0.000826708745850446,0.427108008314452,unknown,,large intestine carcinoma
ITGAV,760766,Vandetanib,0.00136158386294749,0.414156139229739,0.000928326370932985,0.426869786394763,unknown,,large intestine carcinoma
ITGAV,823807,Zanubrutinib,0.00204018966907737,0.393620893600148,0.00600456564181861,0.3536271756019,unknown,,large intestine carcinoma
JAK1,816556,Pemigatinib,0.00662847452629922,0.358730381481884,0.00235049266414288,0.398502924472552,"oncogene, TSG",Dom,ALL
JAK1,818434,Selpercatinib,0.00243402514690593,0.390605260530626,4.5382871213917e-05,0.508802883722075,"oncogene, TSG",Dom,ALL
JAK3,312887,Fludarabine,0.00126368067306259,0.406639182778791,0.00205954202842706,0.39013477837988,oncogene,Dom,"acute megakaryocytic leukaemia, ETP ALL"
JAK3,800405,umbralisib,0.00349533271456081,0.37429214364968,0.00297913912783798,0.38015011245596,oncogene,Dom,"acute megakaryocytic leukaemia, ETP ALL"
JAZF1,749226,Abiraterone,0.0180337418573848,0.372184816690679,0.0236273769457389,0.357261122181649,fusion,Dom,endometrial stromal tumour
JAZF1,829498,Fruquintinib,0.000163946588436658,0.478949920289302,0.00049276954899291,0.446867593772986,fusion,Dom,endometrial stromal tumour
JUN,749226,Abiraterone,0.0215135944801136,0.362513212108478,0.0258944682443991,0.352046349536199,oncogene,Dom,sarcoma
JUN,732517,Dasatinib,0.000705281486385267,0.428688604332249,0.00372990568232167,0.371880297554969,oncogene,Dom,sarcoma
JUN,781556,Erdafitinib,0.00330190350183068,0.382710520584106,5.96746380592261e-05,0.505859294980269,oncogene,Dom,sarcoma
JUN,829498,Fruquintinib,0.000931379869548276,0.42676285377711,0.000734234388976684,0.434418832755295,oncogene,Dom,sarcoma
JUN,755980,Lenvatinib,0.00097671107924846,0.428779169927535,0.000867736463610047,0.432652402963929,oncogene,Dom,sarcoma
JUN,811429,Pralsetinib,7.25940337398256e-07,0.59775162299727,7.34502677124382e-07,0.597532840211749,oncogene,Dom,sarcoma
JUN,818434,Selpercatinib,3.81353291973862e-05,0.513102437100663,3.18299811057354e-05,0.517508047526623,oncogene,Dom,sarcoma
KAT6A,628503,Docetaxel,0.00174199761980364,0.435936807013758,0.000317541549876398,0.493194061414479,"oncogene, fusion",Dom,AML
KAT7,63878,Cytarabine,0.00510879876211967,0.357004924207003,0.00434808282663912,0.363138665016983,oncogene,,CCRCC
KDM5A,3088,Chlorambucil,0.0035586935429861,0.370600763864195,0.0077440907803381,0.340614148070532,"oncogene, fusion",Dom,AML
KDM5A,119875,Cisplatin,0.00188795226002835,0.393136093785303,0.00297351783333299,0.377148256020385,"oncogene, fusion",Dom,AML
KDM5A,613327,Gemcitabine,0.00889480230096029,0.334962094740293,0.0079641694272361,0.339478986578086,"oncogene, fusion",Dom,AML
KDM5A,256439,Idarubicin,0.00348064553237925,0.371416210771491,0.00299475931233494,0.376891336032899,"oncogene, fusion",Dom,AML
KDM5A,8806,Melphalan,0.00211579039385156,0.389199485953898,0.00759631940143812,0.341392250064982,"oncogene, fusion",Dom,AML
KDM5A,26980,Mitomycin,0.0031426399004002,0.375146252894901,0.00187360414085402,0.393397982868808,"oncogene, fusion",Dom,AML
KDM5A,6396,Thiotepa,0.00313204981660764,0.375268772075178,0.00736834852163204,0.342618965745093,"oncogene, fusion",Dom,AML
KDM5C,758252,Carfilzomib,0.00383922586566454,0.370801843113067,0.00283596580971501,0.381934507866405,TSG,Rec,clear cell renal carcinoma
KDM5C,628503,Docetaxel,0.0017683329810354,0.435385315540205,0.000194439138003987,0.507994860516788,TSG,Rec,clear cell renal carcinoma
KDM5C,125973,Paclitaxel,0.00107190487249453,0.412017298015857,0.0071951549066378,0.343573284459267,TSG,Rec,clear cell renal carcinoma
KDM5C,49842,Vinblastine,0.00269737804295333,0.380645755251136,0.00222461113705052,0.387451369200354,TSG,Rec,clear cell renal carcinoma
KDR,761431,Vemurafenib,0.00909030231468222,0.336835627428733,0.00922096471878708,0.3362416718878,oncogene,Dom,"NSCLC, angiosarcoma"
KDSR,764134,Dabrafenib,0.0100617173578045,0.357266990249647,0.00860288264162068,0.364213682770038,fusion,Dom,B-NHL
KDSR,747974,Raloxifene,0.00348036112110694,0.374450898478211,0.00215722351502911,0.391670929663778,fusion,Dom,B-NHL
KIAA1549,761385,Sonidegib,0.00861372354699208,0.339066871766182,0.00448839252785804,0.364906334511796,fusion,Dom,pilocytic astrocytoma
KLF6,721517,Zoledronate,0.000438854430103052,0.446762265545761,0.000183664911601599,0.471999557744126,TSG,Rec,"prostate, glioma"
KLK2,732517,Dasatinib,0.0052363228201866,0.361981312466292,0.00796622166618044,0.345156428499579,fusion,Dom,prostate
KLK2,811429,Pralsetinib,0.00197318411236735,0.401352559661689,0.00146032344089319,0.411778052333312,fusion,Dom,prostate
KLK2,818434,Selpercatinib,0.00600032607235334,0.359652797243726,0.00464427764490826,0.369743373259664,fusion,Dom,prostate
KMT2C,180973,Tamoxifen,0.00321991370410956,0.377314168603374,0.00104101340374929,0.416267246239388,TSG,Rec,medulloblastoma
KMT2D,1390,Allopurinol,0.00045433978453091,0.442172750743912,0.00425319832711856,0.366949689816167,"oncogene, TSG",Rec,"medulloblastoma, renal"
KMT2D,169780,Dexrazoxane,0.00894275568097846,0.334740687534354,0.00507733652227604,0.357242112569488,"oncogene, TSG",Rec,"medulloblastoma, renal"
KMT2D,755,Mercaptopurine,0.00068811499167376,0.426074318017499,0.00333677127124465,0.372962835217408,"oncogene, TSG",Rec,"medulloblastoma, renal"
KMT2D,762,Nitrogen mustard,4.55622796637911e-05,0.501022508489346,0.000577724294702042,0.431457555922581,"oncogene, TSG",Rec,"medulloblastoma, renal"
KMT2D,758247,Palbociclib,0.00725423018660276,0.346081073160916,0.00611457463802,0.35291023379558,"oncogene, TSG",Rec,"medulloblastoma, renal"
LARP4B,1390,Allopurinol,0.000219215378520098,0.463362497896282,0.000335534041759233,0.451153756431888,TSG,,"CRC, glioma"
LARP4B,312887,Fludarabine,0.00313394766879593,0.375246788358663,0.00661457206815718,0.346926016814882,TSG,,"CRC, glioma"
LARP4B,755,Mercaptopurine,0.00193908144321897,0.392217106496882,0.00202508842335746,0.390719000595439,TSG,,"CRC, glioma"
LARP4B,752,Tioguanine,2.16389946454675e-05,0.518865064433974,0.000681281956180113,0.426383954348787,TSG,,"CRC, glioma"
LARP4B,800405,umbralisib,0.00318242782225253,0.377743055397827,0.0029777504610764,0.380167050439931,TSG,,"CRC, glioma"
LASP1,750691,Afatinib,0.00158960147593933,0.405498204495589,0.000300445923713477,0.457980767907722,fusion,Dom,AML
LASP1,765888,Dacomitinib,0.00117705789408661,0.415607081558345,0.0011276494348853,0.417024690460976,fusion,Dom,AML
LASP1,732517,Dasatinib,2.14871984649533e-07,0.615326510038844,4.22000240218878e-06,0.558857911995574,fusion,Dom,AML
LASP1,718781,Erlotinib,0.000703064424018462,0.428787149498259,0.000686700094921555,0.429523338004154,fusion,Dom,AML
LASP1,761910,Ibrutinib,0.00227161740251391,0.389854125156708,0.0070441672704673,0.347265666520844,fusion,Dom,AML
LASP1,757439,Neratinib,0.00285836758279023,0.3848063010485,0.00144728489535705,0.408687494479227,fusion,Dom,AML
LASP1,811429,Pralsetinib,0.00116663996707844,0.415901477974247,4.76592699898414e-05,0.507582983087616,fusion,Dom,AML
LASP1,818434,Selpercatinib,0.00607109770739899,0.356150065218129,0.00904745455350797,0.339873139144842,fusion,Dom,AML
LASP1,823807,Zanubrutinib,0.00271396638017029,0.383519339268296,0.00390761724436083,0.370140883694723,fusion,Dom,AML
LATS2,718781,Erlotinib,0.0016617593912831,0.400694377587407,0.000151369065523043,0.473624223698395,TSG,,malignant mesothelioma
LATS2,755980,Lenvatinib,0.00806289226866496,0.350635140809103,0.00439943407627474,0.375040636013224,TSG,,malignant mesothelioma
LATS2,811429,Pralsetinib,0.000295792250614823,0.458434802114346,3.41551923541683e-05,0.515796598632125,TSG,,malignant mesothelioma
LCP1,3053,Actinomycin D,0.00511141736939535,0.356985240981502,0.00461228621514719,0.360908106262197,fusion,Dom,NHL
LCP1,92859,Arsenic trioxide,0.00019263810855552,0.466980583866397,0.000427228050196681,0.44401578558579,fusion,Dom,NHL
LCP1,241240,Carboplatin,0.00224877851715787,0.387073520163508,0.00860242210061867,0.336334968599261,fusion,Dom,NHL
LCP1,409962,Carmustine,2.73802542283263e-06,0.563686296052727,0.00018038820866062,0.465192867985691,fusion,Dom,NHL
LCP1,119875,Cisplatin,0.00646500549821404,0.34783137502398,0.00457647524468862,0.361203734717639,fusion,Dom,NHL
LCP1,756645,Crizotinib,0.00139179774059239,0.406685232418712,0.00271302452107091,0.383531818882435,fusion,Dom,NHL
LCP1,109724,Ifosfamide,0.000170596623043195,0.502666297824131,0.0152558589379883,0.338054940969242,fusion,Dom,NHL
LCP1,743414,Imatinib,0.00426623671125492,0.366833833856842,0.00593737270098992,0.354070766116489,fusion,Dom,NHL
LCP1,79037,Lomustine,0.000141398217166965,0.475477581318303,0.00107933457326092,0.415089654522254,fusion,Dom,NHL
LCP1,747599,Nilotinib,0.00391950434648591,0.370027046994369,0.00618431953578091,0.352461532657939,fusion,Dom,NHL
LCP1,747974,Raloxifene,0.000303008087251921,0.454120104507139,8.6242996190089e-05,0.488616770276759,fusion,Dom,NHL
LCP1,780203,Selinexor,0.00287374853407085,0.381455977003572,0.00186387458908887,0.396756046264178,fusion,Dom,NHL
LEF1,747599,Nilotinib,0.00265741497388027,0.384275562492515,0.00365581286854688,0.372627242237871,"oncogene, TSG",,"B-ALL, T-ALL, eyelid sebaceous carcinoma, AML, lymphomas"
LEPROTL1,49842,Vinblastine,0.0040393630785569,0.365901980150442,0.00492177799610482,0.358434205351742,TSG,,"lung cancer, colon cancer"
LIFR,811429,Pralsetinib,0.00353764775572695,0.376949445602087,0.0010573711211923,0.419140493610228,fusion,Dom,salivary adenoma
LMO2,747973,Ixabepilone,0.0135016036101223,0.337348411056881,0.00358048158034129,0.393242344292964,"oncogene, fusion",Dom,T-ALL
LPP,718781,Erlotinib,0.00183767448054883,0.39724436439702,7.07549200704704e-05,0.493731188150111,"oncogene, fusion",Dom,"lipoma, leukaemia"
LPP,829498,Fruquintinib,0.00806735804034852,0.347585862819899,0.00426466577280004,0.373033562909438,"oncogene, fusion",Dom,"lipoma, leukaemia"
LPP,811429,Pralsetinib,0.00105756238098941,0.419134565890624,0.000162803702799418,0.475343773010293,"oncogene, fusion",Dom,"lipoma, leukaemia"
LPP,760766,Vandetanib,8.49130867059955e-05,0.496720196447252,1.51171048123899e-07,0.630029985416963,"oncogene, fusion",Dom,"lipoma, leukaemia"
LYL1,26271,Cyclophosphamide,5.74740255387951e-11,0.786346572329989,4.06618173283135e-05,0.561211019184932,"oncogene, fusion",Dom,T-ALL
LYN,787457,Brigatinib,0.00122995034606754,0.410798662067594,0.00652556489288835,0.350328059933401,"oncogene, fusion",,"DLBCL, B-ALL, MPN"
MAF,749226,Abiraterone,0.0178894771226234,0.372618577620483,0.0253074087639566,0.353359128804528,"oncogene, fusion",Dom,MM
MAF,721517,Zoledronate,0.00771834953463423,0.346455148674236,0.00723136415571623,0.349116308952986,"oncogene, fusion",Dom,MM
MAFB,759224,Idelalisib,0.000994645636146263,0.421138648072786,0.00522348599251865,0.362077188008467,"oncogene, fusion",Dom,MM
MALAT1,755980,Lenvatinib,0.00720743438927518,0.355294826398031,0.00157667305032171,0.412616500629737,"oncogene, TSG, fusion",Dom,"renal cell carcinoma (childhood epithelioid), lung"
MALT1,816556,Pemigatinib,0.000520641649263353,0.448871283190986,0.00192635678024633,0.405612334223842,"oncogene, fusion",Dom,MALT
MALT1,811429,Pralsetinib,0.00369611734199204,0.375310809619177,0.000141190850122541,0.479250623849816,"oncogene, fusion",Dom,MALT
MALT1,818434,Selpercatinib,0.000255117102445856,0.462706460922305,0.00186772125485079,0.399941867319288,"oncogene, fusion",Dom,MALT
MALT1,721517,Zoledronate,0.0100288134569788,0.335533248613909,0.00442431769521034,0.368497948238802,"oncogene, fusion",Dom,MALT
MAML2,749226,Abiraterone,0.0243621543533931,0.355527056572816,0.0299724296742911,0.34355156143973,"oncogene, fusion",Dom,salivary gland mucoepidermoid
MAP3K1,764042,Binimetinib,0.000185904582049367,0.467969613697626,2.78960790074389e-05,0.516744439229043,"oncogene, TSG",Rec,luminal A breast
MAP3K1,768068,Cobimetinib,6.71887626997325e-05,0.498889915481469,2.72471930617967e-06,0.572001117781632,"oncogene, TSG",Rec,luminal A breast
MAP3K1,764134,Dabrafenib,6.77336686871754e-06,0.584205985651685,1.49715351467349e-05,0.566048730534257,"oncogene, TSG",Rec,luminal A breast
MAP3K1,778304,Encorafenib,5.99719330218739e-05,0.509765515333473,0.000274610464222613,0.468111991731865,"oncogene, TSG",Rec,luminal A breast
MAP3K1,741078,Selumetinib,3.6412509540451e-05,0.51032408013564,1.4250498487911e-05,0.532377399144776,"oncogene, TSG",Rec,luminal A breast
MAP3K1,758246,Trametinib,0.00268387316953933,0.383919991515041,0.000521430966592184,0.438008979691953,"oncogene, TSG",Rec,luminal A breast
MAX,1390,Allopurinol,0.00562144455145441,0.356217390873268,0.00523001848777093,0.359029071262588,TSG,Rec,"pheochromocytoma, endometrioid carcinoma, colon carcinoma"
MAX,45388,Dacarbazine,6.99019249426058e-05,0.490297504040232,3.61172713663204e-05,0.506697051982525,TSG,Rec,"pheochromocytoma, endometrioid carcinoma, colon carcinoma"
MAX,825331,Darolutamide,0.00393460163058878,0.369882907109108,0.00958652198950216,0.334617945561064,TSG,Rec,"pheochromocytoma, endometrioid carcinoma, colon carcinoma"
MAX,755,Mercaptopurine,0.000196840643959639,0.46278079425447,0.000526335743926686,0.434289684965942,TSG,Rec,"pheochromocytoma, endometrioid carcinoma, colon carcinoma"
MAX,752,Tioguanine,0.000106458165271661,0.479397336261912,0.00411087704513324,0.365245669817253,TSG,Rec,"pheochromocytoma, endometrioid carcinoma, colon carcinoma"
MB21D2,733504,Everolimus,0.0011078628292398,0.414237188645948,0.000129348725111722,0.477884289856256,unknown,,lung cancer
MB21D2,811429,Pralsetinib,0.000434816731582632,0.447040568117661,2.50395414618243e-05,0.52326457841076,unknown,,lung cancer
MB21D2,818434,Selpercatinib,0.000112358604492657,0.485419394721659,8.60803991484804e-05,0.492468913974976,unknown,,lung cancer
MDM4,762,Nitrogen mustard,0.00095963565941215,0.4155832695452,0.000726681382930305,0.424377165707665,oncogene,Dom,"glioblastoma, bladder, retinoblastoma"
MDM4,266046,Oxaliplatin,0.00892056806736141,0.366149161230535,0.00608434795090717,0.382735023204631,oncogene,Dom,"glioblastoma, bladder, retinoblastoma"
MECOM,732517,Dasatinib,0.00536765749474965,0.358019927102807,0.00209720284690817,0.392658835202245,"oncogene, fusion",Dom,"AML, CML, MDS"
MECOM,811429,Pralsetinib,0.00595652385854572,0.356907097243359,0.001408553815057,0.409604086049188,"oncogene, fusion",Dom,"AML, CML, MDS"
MED12,92859,Arsenic trioxide,0.00113903355754541,0.413328054911235,0.0030888018622972,0.378834157387851,TSG,Dom,"uterine leiomyoma, fibroadenoma, phyllodes tumour"
MED12,79037,Lomustine,0.000681114608925392,0.429778249840944,0.00107712065251464,0.415156654695676,TSG,Dom,"uterine leiomyoma, fibroadenoma, phyllodes tumour"
MEN1,1390,Allopurinol,0.00606001703576897,0.353264366015965,0.00722445335792243,0.346247153986687,TSG,Rec,"parathyroid tumours, pancreatic neuroendocrine tumour"
MEN1,758774,Belinostat,0.00324207924289199,0.377062645048011,0.00154227678757434,0.403229342098556,TSG,Rec,"parathyroid tumours, pancreatic neuroendocrine tumour"
MEN1,755,Mercaptopurine,4.10284031282515e-05,0.503595258139649,5.93723508179877e-06,0.547649813600113,TSG,Rec,"parathyroid tumours, pancreatic neuroendocrine tumour"
MEN1,740,Methotrexate,6.78832747036395e-05,0.491043285532707,3.89710717745295e-05,0.504850483944145,TSG,Rec,"parathyroid tumours, pancreatic neuroendocrine tumour"
MEN1,266046,Oxaliplatin,0.00376117108073881,0.402467749425424,0.00249386399192874,0.418441590712335,TSG,Rec,"parathyroid tumours, pancreatic neuroendocrine tumour"
MEN1,754230,Pralatrexate,0.0024507789390844,0.393633407954918,0.00320396473216977,0.383830598245137,TSG,Rec,"parathyroid tumours, pancreatic neuroendocrine tumour"
MEN1,752,Tioguanine,0.00035439098431933,0.446048343121767,6.08386661982152e-05,0.493816529237281,TSG,Rec,"parathyroid tumours, pancreatic neuroendocrine tumour"
MET,768073,Abemaciclib,0.0073661995853409,0.34836420855588,0.00340424495308022,0.378380041938041,oncogene,Dom,"papillary renal, head-neck squamous cell"
MET,811429,Pralsetinib,0.00082718115151037,0.427089735361458,0.000625568985212154,0.435906113354637,oncogene,Dom,"papillary renal, head-neck squamous cell"
MGMT,750691,Afatinib,0.00535664595067553,0.361092547139348,0.00399053817029626,0.372424745982575,TSG,,glioma
MGMT,1390,Allopurinol,0.00405568505719111,0.368744231728908,0.0085630249449633,0.339310509021705,TSG,,glioma
MGMT,757439,Neratinib,0.00150737385341725,0.407308078645797,0.00679057019913686,0.35166356500195,TSG,,glioma
MITF,761431,Vemurafenib,3.95296583466375e-07,0.604609428522382,0.00263498907144121,0.384579417850219,oncogene,Dom,melanoma
MLLT1,45388,Dacarbazine,0.00404155684993279,0.36588169496993,0.00323681648494744,0.374072531520871,fusion,Dom,AL
MLLT10,765694,Bosutinib,0.00492610912177071,0.364358342199,0.00255299563808963,0.388894019249747,"oncogene, fusion",Dom,AL
MLLT10,767600,Fedratinib,9.38922425841592e-05,0.5021097351038,4.42514433642848e-05,0.521648150908123,"oncogene, fusion",Dom,AL
MLLT10,745750,Lapatinib,0.000984326966035675,0.418082849978007,0.00286192677307006,0.381605099638257,"oncogene, fusion",Dom,AL
MLLT10,758247,Palbociclib,0.00433015265950054,0.366270373008018,0.00165459375408572,0.400841727246905,"oncogene, fusion",Dom,AL
MLLT10,750690,Sunitinib,0.00194353944342129,0.395308052165413,9.21551198642678e-05,0.48688536697497,"oncogene, fusion",Dom,AL
MLLT6,758774,Belinostat,0.00660134521971489,0.349867571962117,0.00342562224859777,0.375036531121644,fusion,Dom,AL
MLLT6,776422,Ceritinib,0.000532574314465517,0.440879449415174,0.0020818220777079,0.396148054622183,fusion,Dom,AL
MLLT6,756645,Crizotinib,0.00333211426875124,0.376056397498736,0.00265339326967328,0.384329885512408,fusion,Dom,AL
MLLT6,169780,Dexrazoxane,0.00283364773847738,0.378881929316478,0.00179184109782548,0.394925527944379,fusion,Dom,AL
MLLT6,767600,Fedratinib,0.00445621013838337,0.377826666730354,0.00627827970575811,0.364121810690605,fusion,Dom,AL
MLLT6,762,Nitrogen mustard,0.00464093969069168,0.360673018738318,0.000777545952674429,0.422259278773903,fusion,Dom,AL
MLLT6,266046,Oxaliplatin,0.00596023292309721,0.383605139360205,0.00707977337294885,0.376266629983168,fusion,Dom,AL
MLLT6,758247,Palbociclib,7.76239957804847e-05,0.491347330147001,0.000317997258947766,0.452718800951845,fusion,Dom,AL
MLLT6,778909,Ribociclib,0.0031871700950794,0.390691802935701,0.00133209919345422,0.421986906472816,fusion,Dom,AL
MLLT6,816987,Trilaciclib,0.000755297246430419,0.433517716023862,0.00285347112853195,0.388104694175466,fusion,Dom,AL
MN1,749226,Abiraterone,0.00360217438471366,0.449670795165507,0.00451819344177173,0.439783389332629,"oncogene, fusion",Dom,"AML, MDS"
MN1,125066,Bleomycin,0.0078792104512706,0.339913921943522,0.00112809639855626,0.410357239084822,"oncogene, fusion",Dom,"AML, MDS"
MN1,829498,Fruquintinib,1.10095029322021e-05,0.546346560801387,0.000203399993063513,0.472907269828839,"oncogene, fusion",Dom,"AML, MDS"
MN1,811429,Pralsetinib,1.11896950292234e-05,0.541855727231885,1.02226821496742e-06,0.591297125819878,"oncogene, fusion",Dom,"AML, MDS"
MN1,818434,Selpercatinib,0.00136683349300859,0.410617061077257,0.00198686183198093,0.397785557531148,"oncogene, fusion",Dom,"AML, MDS"
MPL,750691,Afatinib,0.000437021940681958,0.446888282403518,0.000240353116675473,0.464412131241237,oncogene,Dom,MPN
MPL,757439,Neratinib,0.000387738992175368,0.450471315459032,0.000207701124617543,0.468552444743177,oncogene,Dom,MPN
MSH2,755,Mercaptopurine,0.00706399287133496,0.344309455534321,0.000761905386150729,0.422896840200696,TSG,Rec,"colorectal, endometrial, ovarian"
MSH2,740,Methotrexate,0.000301661939452024,0.45071854808192,0.000153036397193551,0.469688998614928,TSG,Rec,"colorectal, endometrial, ovarian"
MSH2,266046,Oxaliplatin,0.00853822653808911,0.368090884566729,0.00356442458970884,0.404600683804492,TSG,Rec,"colorectal, endometrial, ovarian"
MSH2,752,Tioguanine,0.00302044291592462,0.376582840715374,0.00626489651639872,0.349071814545729,TSG,Rec,"colorectal, endometrial, ovarian"
MSH6,63878,Cytarabine,0.00302702588871683,0.376504145375578,0.0038962779620566,0.367246559129194,TSG,Rec,colorectal
MSH6,256942,Epirubicin,0.0108108447730901,0.335188837912088,0.00840859615632316,0.345860276306756,TSG,Rec,colorectal
MSH6,26980,Mitomycin,0.0058674293785601,0.351642301415927,0.00435449108119789,0.363083164440366,TSG,Rec,colorectal
MSN,92859,Arsenic trioxide,0.0017354410436805,0.399211359445369,0.00366571238305946,0.372526672135102,fusion,Dom,ALCL
MSN,119875,Cisplatin,0.00091900901685471,0.416966967355539,0.00337549383290625,0.372540847092806,fusion,Dom,ALCL
MYB,3053,Actinomycin D,0.00188582100203715,0.393174881776357,5.42333114903481e-05,0.496700151877167,"oncogene, fusion",Dom,adenoid cystic carcinoma
MYB,789925,Asciminib,0.00694286951657718,0.350767539929394,0.0022631662128032,0.393197960872786,"oncogene, fusion",Dom,adenoid cystic carcinoma
MYB,409962,Carmustine,2.53318214735731e-05,0.515171688945615,0.00649091381324051,0.347673241842175,"oncogene, fusion",Dom,adenoid cystic carcinoma
MYB,776422,Ceritinib,0.0010541035182825,0.419241915853909,0.00297635773203008,0.383330261135488,"oncogene, fusion",Dom,adenoid cystic carcinoma
MYB,756645,Crizotinib,8.99404304677276e-06,0.54265803508922,0.000412575692761318,0.445056551027367,"oncogene, fusion",Dom,adenoid cystic carcinoma
MYB,743414,Imatinib,0.000477016495093796,0.440706378927819,0.000671605985322232,0.430216588933538,"oncogene, fusion",Dom,adenoid cystic carcinoma
MYB,747973,Ixabepilone,0.00552186304069257,0.376029526418297,0.00034322425036537,0.473418946530896,"oncogene, fusion",Dom,adenoid cystic carcinoma
MYB,79037,Lomustine,0.000120637013830915,0.479755970538531,0.00203120653194854,0.393774661750394,"oncogene, fusion",Dom,adenoid cystic carcinoma
MYB,755,Mercaptopurine,0.00590315278073694,0.351405124379739,0.00143955424605923,0.402317536092066,"oncogene, fusion",Dom,adenoid cystic carcinoma
MYB,747599,Nilotinib,0.000218648859782177,0.46343533435967,0.000908886649718887,0.420651158071895,"oncogene, fusion",Dom,adenoid cystic carcinoma
MYB,266046,Oxaliplatin,0.00087926706391106,0.455821220241521,0.0132596131523115,0.34803698013225,"oncogene, fusion",Dom,adenoid cystic carcinoma
MYB,747974,Raloxifene,0.000177493947039142,0.469252070630826,0.00129515007737746,0.409086259946233,"oncogene, fusion",Dom,adenoid cystic carcinoma
MYB,180973,Tamoxifen,0.000130526959750465,0.477640085094842,6.51813021335101e-08,0.635203860398737,"oncogene, fusion",Dom,adenoid cystic carcinoma
MYB,701852,Vorinostat,0.0060009904436824,0.353650668224321,0.00497584289945063,0.36095565138653,"oncogene, fusion",Dom,adenoid cystic carcinoma
MYC,801082,Avapritinib,0.0100144294854802,0.384274579165862,0.0238375227099245,0.340229080172005,"oncogene, fusion",Dom,"Burkitt lymphoma, amplified in other cancers, B-CLL"
MYC,409962,Carmustine,0.000917879094787021,0.417006234240403,0.00743471292633857,0.342258476395615,"oncogene, fusion",Dom,"Burkitt lymphoma, amplified in other cancers, B-CLL"
MYC,19893,Fluorouracil,0.0020869378606636,0.389676431198021,0.000676931471408792,0.426582562519674,"oncogene, fusion",Dom,"Burkitt lymphoma, amplified in other cancers, B-CLL"
MYC,747973,Ixabepilone,0.00378208701985194,0.391115024001438,0.00458705765014055,0.383509727543407,"oncogene, fusion",Dom,"Burkitt lymphoma, amplified in other cancers, B-CLL"
MYC,740,Methotrexate,0.00297879149451962,0.377084318251268,0.00104837115719691,0.412735941557171,"oncogene, fusion",Dom,"Burkitt lymphoma, amplified in other cancers, B-CLL"
MYC,266046,Oxaliplatin,5.63556855555091e-05,0.537784253388428,8.36535511121727e-05,0.527205496356761,"oncogene, fusion",Dom,"Burkitt lymphoma, amplified in other cancers, B-CLL"
MYC,758247,Palbociclib,5.5523459607798e-08,0.637772200549617,4.28826524734304e-07,0.603147701435974,"oncogene, fusion",Dom,"Burkitt lymphoma, amplified in other cancers, B-CLL"
MYC,778909,Ribociclib,0.000226276885665566,0.477653098238497,0.00365357954384037,0.385510439095592,"oncogene, fusion",Dom,"Burkitt lymphoma, amplified in other cancers, B-CLL"
MYC,750690,Sunitinib,0.000378132988225532,0.447641927158013,1.82426582049366e-05,0.526718785653654,"oncogene, fusion",Dom,"Burkitt lymphoma, amplified in other cancers, B-CLL"
MYC,816987,Trilaciclib,3.10203497071448e-05,0.522150890277168,0.00554559702636536,0.362790700008852,"oncogene, fusion",Dom,"Burkitt lymphoma, amplified in other cancers, B-CLL"
MYC,701852,Vorinostat,0.00612480685150718,0.352844125357206,0.00432089426916881,0.366351535340372,"oncogene, fusion",Dom,"Burkitt lymphoma, amplified in other cancers, B-CLL"
MYD88,758252,Carfilzomib,0.00390314653335543,0.370183776631466,0.000105916924595828,0.483220480031968,oncogene,Dom,ABC-DLBCL
MYD88,776422,Ceritinib,0.0021381486805303,0.395207982173299,0.00880250690239847,0.341019926426989,oncogene,Dom,ABC-DLBCL
MYH11,732517,Dasatinib,0.00173739373720271,0.402446226403487,0.00484470087148292,0.36500392268107,fusion,Dom,AML
MYH11,755980,Lenvatinib,0.00686289367516934,0.360465718093967,0.0100832796343253,0.344172984963196,fusion,Dom,AML
MYH11,811429,Pralsetinib,0.00174759259024837,0.405597879751554,0.00118521567691964,0.418817962800693,fusion,Dom,AML
MYH11,818434,Selpercatinib,0.00216556441156257,0.398061796400974,0.00258373537846789,0.391724048920587,fusion,Dom,AML
MYH11,721517,Zoledronate,5.76141483010772e-06,0.560573204768564,0.000354157992801695,0.456831805321991,fusion,Dom,AML
MYH9,732517,Dasatinib,0.00218407737728121,0.39123685089103,0.00331187741292637,0.376280449530917,"TSG, fusion",Dom,ALCL
MYH9,781556,Erdafitinib,0.00249748808181671,0.392952356247954,1.85737437505828e-05,0.534363157254006,"TSG, fusion",Dom,ALCL
MYH9,829498,Fruquintinib,0.00434673631459903,0.372300974482892,0.00361891026207761,0.379276381595668,"TSG, fusion",Dom,ALCL
MYH9,755980,Lenvatinib,0.00282916353466022,0.3917389893719,0.00156748377256454,0.412818659783706,"TSG, fusion",Dom,ALCL
MYH9,816556,Pemigatinib,0.00199555643725601,0.404362651834178,0.000951314421019589,0.429645708209455,"TSG, fusion",Dom,ALCL
MYH9,811429,Pralsetinib,1.69838653030218e-05,0.532361579512838,6.00542387596547e-07,0.601267477882579,"TSG, fusion",Dom,ALCL
MYH9,818434,Selpercatinib,9.41735115853603e-05,0.490108361333719,0.000170789842769858,0.474019590394259,"TSG, fusion",Dom,ALCL
MYH9,721517,Zoledronate,1.47724859340669e-05,0.535567596431106,0.00015860312249849,0.476064313963164,"TSG, fusion",Dom,ALCL
MYOD1,721517,Zoledronate,0.00150363996726321,0.410780003204364,0.00965593365725858,0.340030686076134,oncogene,Dom,embryonal rhabdomyosarcoma
N4BP2,755,Mercaptopurine,0.00574833203619307,0.352442284369946,0.000420122658186361,0.44104202954632,TSG,,lung cancer
N4BP2,740,Methotrexate,0.00832400530244847,0.337680564338484,0.00823784524337911,0.338104922425848,TSG,,lung cancer
N4BP2,701852,Vorinostat,0.000947473025554757,0.41931446953071,0.00124625910118902,0.410362815830368,TSG,,lung cancer
NACA,266046,Oxaliplatin,0.000928618335489961,0.45396442176704,0.00107717149918107,0.448865411177877,fusion,Dom,NHL
NBEA,772469,Duvelisib,0.0039805031187019,0.372519968475595,0.00336126691240035,0.378851513722912,unknown,,"large intestine carcinoma, multiple myeloma"
NBEA,759224,Idelalisib,0.00772842185671929,0.346401671242055,0.00267201911497005,0.387251585972114,unknown,,"large intestine carcinoma, multiple myeloma"
NBEA,760766,Vandetanib,0.00994027192039781,0.33879390685052,0.0100132349843342,0.338481486660631,unknown,,"large intestine carcinoma, multiple myeloma"
NBN,19893,Fluorouracil,0.00710969068295197,0.344051621978926,0.00357332875128246,0.370449621584898,TSG,Rec,
NCOR2,125066,Bleomycin,0.000140322657764979,0.472035647558564,0.000128435276409044,0.474413309068444,TSG,Dom,prostate
NCOR2,781556,Erdafitinib,0.00581286815387027,0.360920225250448,0.00830002475986879,0.346402590590141,TSG,Dom,prostate
NCOR2,811429,Pralsetinib,0.000430088033955389,0.447369497516395,4.62122072171222e-05,0.508352048213506,TSG,Dom,prostate
NCOR2,818434,Selpercatinib,0.0101686453168987,0.334945153177823,0.00281351477472036,0.385381628927339,TSG,Dom,prostate
NCOR2,226080,Sirolimus,0.00579833121506512,0.352104681633874,0.00364946621976036,0.369672061428987,TSG,Dom,prostate
NDRG1,749226,Abiraterone,0.0105575041655892,0.399950202515524,0.00740285381033589,0.417181811635965,"TSG, fusion",Dom,prostate
NDRG1,829498,Fruquintinib,2.30987861282727e-06,0.579593736653252,0.000164503283965888,0.47885579114743,"TSG, fusion",Dom,prostate
NF2,772469,Duvelisib,0.00128922476725334,0.412577548033602,0.000502342398903898,0.442666835991778,TSG,Rec,"meningioma, acoustic neuroma, renal"
NF2,733504,Everolimus,0.00184132479772025,0.397175957929477,0.0014012647740369,0.406458161266869,TSG,Rec,"meningioma, acoustic neuroma, renal"
NFATC2,764134,Dabrafenib,4.4418555948944e-06,0.593438357928988,0.00129168670999701,0.438407037510524,"oncogene, fusion",Dom,Ewing sarcoma
NFATC2,778304,Encorafenib,5.09275786209073e-06,0.567499150708292,0.00995157066403362,0.341705084741464,"oncogene, fusion",Dom,Ewing sarcoma
NFATC2,747599,Nilotinib,0.00669578379573154,0.349300136258839,0.00251738802121792,0.386211533763686,"oncogene, fusion",Dom,Ewing sarcoma
NFATC2,761431,Vemurafenib,2.25784195784228e-07,0.614470283336723,0.0070561866958716,0.347197059176375,"oncogene, fusion",Dom,Ewing sarcoma
NFE2L2,764042,Binimetinib,0.000183296090132012,0.468361579835222,0.000163959200456531,0.471437566463915,"oncogene, TSG",Dom,"NSCLC, HNSCC"
NFE2L2,768068,Cobimetinib,0.000396566105355322,0.449800219015578,0.000324945966923229,0.455691143589739,"oncogene, TSG",Dom,"NSCLC, HNSCC"
NFE2L2,764134,Dabrafenib,6.55137480665146e-05,0.529128028684231,0.00112405210188315,0.443243939487531,"oncogene, TSG",Dom,"NSCLC, HNSCC"
NFE2L2,778304,Encorafenib,0.000297658842547177,0.465749330299084,0.00175314605903986,0.408925418064618,"oncogene, TSG",Dom,"NSCLC, HNSCC"
NFE2L2,702294,Estramustine,0.0117930070462715,0.350071809976523,0.0026591234586446,0.412078838652198,"oncogene, TSG",Dom,"NSCLC, HNSCC"
NFE2L2,741078,Selumetinib,0.00115521857305678,0.412864791962711,0.000403593295945414,0.445711310911905,"oncogene, TSG",Dom,"NSCLC, HNSCC"
NFE2L2,758246,Trametinib,0.000188709910932782,0.467553644769693,0.000405161538069798,0.445596047715385,"oncogene, TSG",Dom,"NSCLC, HNSCC"
NFE2L2,761431,Vemurafenib,0.000194490874815489,0.466713994890916,0.00388122448765582,0.370394732013473,"oncogene, TSG",Dom,"NSCLC, HNSCC"
NFIB,811429,Pralsetinib,0.00412005655795244,0.371214354219668,0.00458966137211902,0.367090165889971,fusion,Dom,"adenoid cystic carcinoma, lipoma"
NFKB2,787457,Brigatinib,0.00374193158016833,0.371760302398541,0.00102364047255099,0.41681401815168,"oncogene, TSG, fusion",Dom,B-NHL
NFKB2,718781,Erlotinib,0.00550097505524238,0.357063919564765,0.00658236607715156,0.349982464942051,"oncogene, TSG, fusion",Dom,B-NHL
NFKB2,811429,Pralsetinib,0.00318809680905296,0.380807000150445,0.00495679991709829,0.364117393884229,"oncogene, TSG, fusion",Dom,B-NHL
NFKB2,818433,Sotorasib,0.00237999586307791,0.388206605072143,0.0056015941195846,0.35635577500358,"oncogene, TSG, fusion",Dom,B-NHL
NFKBIE,741078,Selumetinib,0.00899410281584911,0.337277683706525,0.00334423916349235,0.375922734025578,TSG,Dom/Rec,"CLL, desmoplastic melanoma"
NIN,312887,Fludarabine,0.00461448073785497,0.360890055825014,0.000444359253089388,0.439374783970918,fusion,Dom,MPN
NONO,92859,Arsenic trioxide,0.00132164469398676,0.408412457883512,0.000428996233698519,0.443892391791906,fusion,Dom,papillary renal
NONO,409962,Carmustine,0.00283237105885625,0.37889810087492,0.000419208756275102,0.441106592710913,fusion,Dom,papillary renal
NONO,109724,Ifosfamide,0.00221765783420724,0.4188980977826,0.0144495401946875,0.340626769913836,fusion,Dom,papillary renal
NONO,79037,Lomustine,0.00389207864813645,0.370290151374117,0.00484704868201069,0.361965164970499,fusion,Dom,papillary renal
NOTCH1,758774,Belinostat,0.0022237392565414,0.390604366681356,0.000575830438514835,0.434975744503588,"oncogene, TSG, fusion",Dom/Rec,"T-ALL, breast, bladder, skin SCC, lung SCC, head and neck SCC"
NOTCH1,758247,Palbociclib,0.000389132286494398,0.446793794971473,0.00218110547689764,0.391284655077037,"oncogene, TSG, fusion",Dom/Rec,"T-ALL, breast, bladder, skin SCC, lung SCC, head and neck SCC"
NOTCH1,816987,Trilaciclib,0.000166917951993861,0.478450848743438,0.00446687009063051,0.371250306254033,"oncogene, TSG, fusion",Dom/Rec,"T-ALL, breast, bladder, skin SCC, lung SCC, head and neck SCC"
NOTCH1,701852,Vorinostat,0.000444865788965298,0.442805148311755,0.00113040512991346,0.413577451191524,"oncogene, TSG, fusion",Dom/Rec,"T-ALL, breast, bladder, skin SCC, lung SCC, head and neck SCC"
NOTCH2,749226,Abiraterone,0.0121709727533474,0.392793638465729,0.0146989943218165,0.383057777082878,"oncogene, TSG",Dom/Rec,"marginal zone lymphoma, DLBCL, bladder"
NOTCH2,721517,Zoledronate,0.00392070961430457,0.373091783976106,0.00144411221388751,0.408761745380607,"oncogene, TSG",Dom/Rec,"marginal zone lymphoma, DLBCL, bladder"
NRAS,92859,Arsenic trioxide,0.00766929079332623,0.343825951543658,0.00391179553502452,0.37010083549716,oncogene,Dom,"melanoma, MM, AML, thyroid"
NRG1,749226,Abiraterone,0.00566575318619344,0.429609779070144,0.00550064059921373,0.430956682774889,"TSG, fusion",Dom,NSCLC
NRG1,732517,Dasatinib,0.00057948991197021,0.434781151035838,0.00265040163782614,0.384370342391695,"TSG, fusion",Dom,NSCLC
NRG1,761910,Ibrutinib,0.000444456894314271,0.442832716840235,9.02014180392818e-05,0.487445932902505,"TSG, fusion",Dom,NSCLC
NRG1,755980,Lenvatinib,0.00614079348821805,0.361834148170545,0.00299601730994458,0.389619300802197,"TSG, fusion",Dom,NSCLC
NRG1,811429,Pralsetinib,0.000286356781922236,0.459375701171187,1.306591024397e-05,0.538362148781177,"TSG, fusion",Dom,NSCLC
NRG1,818434,Selpercatinib,0.000187994010613312,0.471349376851173,0.00150651458864237,0.407327454082518,"TSG, fusion",Dom,NSCLC
NRG1,823807,Zanubrutinib,0.00612019768162852,0.352873892360044,0.000287134161641056,0.455674748384663,"TSG, fusion",Dom,NSCLC
NT5C2,787457,Brigatinib,0.00811098519920872,0.341540172348124,0.00350942152870059,0.374143298626984,oncogene,Dom,relapse ALL
NTHL1,19893,Fluorouracil,0.000185606641613489,0.464406728324428,0.000650697813044942,0.427805260243006,TSG,,
NTHL1,747973,Ixabepilone,0.000911162693177924,0.442368385444917,0.00117324027225462,0.433827235951121,TSG,,
NTHL1,740,Methotrexate,0.00018493990733992,0.464506034052876,0.00112273772826076,0.410512298529049,TSG,,
NTHL1,761190,Panobinostat,0.00480410231501982,0.362307040681412,0.00376307221550797,0.371550184342501,TSG,,
NTHL1,180973,Tamoxifen,3.23905698849102e-05,0.513160570001372,0.000705287534787491,0.428688335873014,TSG,,
NTHL1,701852,Vorinostat,0.000151209787576656,0.473652939402364,0.000354035600101276,0.449581367236461,TSG,,
NUP214,755,Mercaptopurine,0.00567492175726869,0.352942664793119,0.0043914058672172,0.3627648497812,fusion,Dom,"AML, T-ALL"
NUTM1,765888,Dacomitinib,0.00203967288265305,0.400184086628986,0.00133999194095091,0.414696709387052,"oncogene, fusion",Dom,lethal midline carcinoma
NUTM1,732517,Dasatinib,0.00430312178682212,0.36955960940789,0.00786558761750422,0.345679392785184,"oncogene, fusion",Dom,lethal midline carcinoma
NUTM1,761910,Ibrutinib,0.000669131058906646,0.433803224613479,0.000532287753845839,0.440895955090372,"oncogene, fusion",Dom,lethal midline carcinoma
NUTM1,811429,Pralsetinib,0.00441958864413516,0.371660814760707,0.000389713773919719,0.453976794886478,"oncogene, fusion",Dom,lethal midline carcinoma
NUTM1,818434,Selpercatinib,0.00782930274583781,0.348827692572151,0.00726367321140508,0.351915760949546,"oncogene, fusion",Dom,lethal midline carcinoma
NUTM2B,762,Nitrogen mustard,0.00123067178434532,0.407510064207454,0.00724765049017928,0.343281926337218,fusion,Dom,endometrial stromal sarcoma
NUTM2B,266046,Oxaliplatin,0.0140373360623486,0.345347854448757,0.0163181999704122,0.338135716874472,fusion,Dom,endometrial stromal sarcoma
NUTM2B,758247,Palbociclib,0.000986261253527853,0.418019362494501,0.00220116168614148,0.390963163352668,fusion,Dom,endometrial stromal sarcoma
P2RY8,26271,Cyclophosphamide,9.27244116963876e-05,0.539000085505371,0.00254258891711955,0.430204245301316,"oncogene, fusion",Dom,"B-ALL, Down syndrome associated ALL"
P2RY8,758247,Palbociclib,2.15728152199723e-05,0.522818524604808,0.00473069452820196,0.362897687554515,"oncogene, fusion",Dom,"B-ALL, Down syndrome associated ALL"
P2RY8,747974,Raloxifene,0.00085342945553446,0.422664823633541,0.00446074948398633,0.365141529462786,"oncogene, fusion",Dom,"B-ALL, Down syndrome associated ALL"
P2RY8,122819,Teniposide,0.000470161338874675,0.437688318839536,0.00799592140952798,0.339317474957185,"oncogene, fusion",Dom,"B-ALL, Down syndrome associated ALL"
P2RY8,816987,Trilaciclib,9.871959365082e-06,0.548788654594502,0.00125098034726667,0.417011070005568,"oncogene, fusion",Dom,"B-ALL, Down syndrome associated ALL"
P2RY8,246131,Valrubicin,0.000441102072546106,0.446608350122214,0.00359270842372616,0.376372865712967,"oncogene, fusion",Dom,"B-ALL, Down syndrome associated ALL"
PALB2,768068,Cobimetinib,0.00491928064773361,0.364412130969235,0.00378091047414619,0.374459377267489,TSG,Rec,
PALB2,764134,Dabrafenib,0.00336783424778275,0.402988161295538,0.000599260777561783,0.464286332291721,TSG,Rec,
PALB2,741078,Selumetinib,0.00278887624378398,0.382538907421439,0.00448552529851076,0.364930670257507,TSG,Rec,
PAX3,764134,Dabrafenib,2.70623092823996e-08,0.686340835191221,0.00700780023960057,0.373091164281534,"oncogene, fusion",Dom,alveolar rhabdomyosarcoma
PAX3,761431,Vemurafenib,1.32946471609329e-08,0.65966242687175,0.00241200968046584,0.387732737312171,"oncogene, fusion",Dom,alveolar rhabdomyosarcoma
PAX5,750691,Afatinib,0.00476490123225747,0.365646080235853,0.00180374950007111,0.401150918291993,"oncogene, TSG, fusion",Dom,"NHL, ALL, B-ALL"
PAX5,765888,Dacomitinib,0.00675907359570859,0.351851058643869,0.00083736733673656,0.42669800012681,"oncogene, TSG, fusion",Dom,"NHL, ALL, B-ALL"
PAX5,757439,Neratinib,0.00695411530209399,0.35070206054228,0.00573232683628499,0.358426137391648,"oncogene, TSG, fusion",Dom,"NHL, ALL, B-ALL"
PAX5,823807,Zanubrutinib,0.00468585695093759,0.36326243942703,0.0056845029438568,0.35578061751304,"oncogene, TSG, fusion",Dom,"NHL, ALL, B-ALL"
PBRM1,409962,Carmustine,0.00862015758337975,0.336250543425672,0.00456218906788419,0.361322240183159,TSG,Rec,"clear cell renal carcinoma, breast"
PBX1,733504,Everolimus,0.0022162920413471,0.390722355289281,0.00278901575393542,0.382537103440297,"oncogene, fusion",Dom,"pre B-ALL, myoepithelioma"
PCBP1,764134,Dabrafenib,0.00274499142382556,0.410870475367686,7.59904917142506e-05,0.525166677932616,unknown,,CRC
PCBP1,701852,Vorinostat,0.000547619655275166,0.436514648810677,0.000814177793077464,0.424162721555846,unknown,,CRC
PDCD1LG2,125066,Bleomycin,0.00452541322727961,0.361628812410236,0.0042707171540508,0.363814474363523,"oncogene, fusion",Dom,"PMBL, Hodgkin lymphoma"
PDCD1LG2,829498,Fruquintinib,0.000276365429100255,0.464119239854206,0.000662944386018882,0.437652523853853,"oncogene, fusion",Dom,"PMBL, Hodgkin lymphoma"
PDCD1LG2,755980,Lenvatinib,0.000689471418885645,0.440053129537463,0.00313632871472568,0.387916323684148,"oncogene, fusion",Dom,"PMBL, Hodgkin lymphoma"
PDCD1LG2,811429,Pralsetinib,7.60969139406153e-05,0.495679495111518,6.59638734248346e-05,0.499361646549669,"oncogene, fusion",Dom,"PMBL, Hodgkin lymphoma"
PDCD1LG2,818434,Selpercatinib,0.000273278000200383,0.460727748093037,0.000139253623105961,0.479627089878679,"oncogene, fusion",Dom,"PMBL, Hodgkin lymphoma"
PDCD1LG2,721517,Zoledronate,0.00548869189802747,0.360137151055793,0.00881893228678176,0.340942164784734,"oncogene, fusion",Dom,"PMBL, Hodgkin lymphoma"
PDE4DIP,749226,Abiraterone,0.0250049514515562,0.354045380562518,0.00479334717310431,0.437155374787404,fusion,Dom,MPN
PDE4DIP,92859,Arsenic trioxide,0.00199128476241439,0.394465452351042,0.0011945151614745,0.411763849080134,fusion,Dom,MPN
PDGFB,750691,Afatinib,0.000167085637786446,0.47462657918845,7.21376697394582e-05,0.497061205237951,"oncogene, fusion",Dom,DFSP
PDGFB,765888,Dacomitinib,0.000698194482450009,0.432468063347473,0.000556252632218701,0.439542644262797,"oncogene, fusion",Dom,DFSP
PDGFB,718781,Erlotinib,0.000783366958079234,0.425384902631089,0.00826640513368404,0.340761632567169,"oncogene, fusion",Dom,DFSP
PDGFB,761910,Ibrutinib,0.000986451823275391,0.4180131136574,0.00139485625265467,0.406611721440754,"oncogene, fusion",Dom,DFSP
PDGFB,757439,Neratinib,0.00146927178913003,0.408176903801932,0.00171110046324507,0.402971759822607,"oncogene, fusion",Dom,DFSP
PDGFB,779217,Osimertinib,0.00213973308939618,0.39195625327734,0.00164185855738718,0.401105021815766,"oncogene, fusion",Dom,DFSP
PDGFB,823807,Zanubrutinib,0.00509846925160739,0.360015631984346,0.00446962027511288,0.365065914517283,"oncogene, fusion",Dom,DFSP
PDGFRA,279836,Mitoxantrone,0.00905082975677795,0.334245455888226,0.00022001332126198,0.459679029306878,"oncogene, fusion",Dom,"GIST, idiopathic hypereosinophilic syndrome, paediatric glioblastoma"
PDGFRB,749226,Abiraterone,0.0197815764187012,0.367148550168788,0.00831078200686308,0.411661286404998,"oncogene, fusion",Dom,"MPN, AML, CMML, CML"
PDGFRB,125066,Bleomycin,7.14357481403915e-05,0.48974398642565,0.000109086902883692,0.478753856727065,"oncogene, fusion",Dom,"MPN, AML, CMML, CML"
PDGFRB,732517,Dasatinib,0.00148191574076506,0.404577632263994,0.00564734575993686,0.35603746843684,"oncogene, fusion",Dom,"MPN, AML, CMML, CML"
PDGFRB,811429,Pralsetinib,0.00143678661829471,0.408933748035763,0.000562022192018396,0.439224734656206,"oncogene, fusion",Dom,"MPN, AML, CMML, CML"
PDGFRB,818434,Selpercatinib,0.00138038100615167,0.410285120411929,0.00109268298515763,0.418062087702809,"oncogene, fusion",Dom,"MPN, AML, CMML, CML"
PHF6,3053,Actinomycin D,0.00250302099280186,0.383303863415344,0.000929778383501389,0.416594882128338,TSG,Rec,ETP ALL
PHF6,92859,Arsenic trioxide,0.0068530834586804,0.348370357655614,0.00810402621221495,0.341575334790753,TSG,Rec,ETP ALL
PHF6,758252,Carfilzomib,0.00930442433890421,0.335866102229313,0.000440301710184609,0.443114182110056,TSG,Rec,ETP ALL
PHF6,628503,Docetaxel,0.0041197990942301,0.402720179535648,0.00135809258207331,0.444955681490489,TSG,Rec,ETP ALL
PHF6,109724,Ifosfamide,0.000187814353341364,0.499883538927343,0.00141955715332553,0.435081687078755,TSG,Rec,ETP ALL
PHF6,79037,Lomustine,0.000234346744589331,0.461478066054965,0.00119367451417073,0.411787057728661,TSG,Rec,ETP ALL
PHF6,125973,Paclitaxel,0.00527615988164509,0.355764411996182,0.00467063801520883,0.36043070541903,TSG,Rec,ETP ALL
PHF6,49842,Vinblastine,0.00176821899463064,0.395378463493249,0.00501854910037047,0.357688789030696,TSG,Rec,ETP ALL
PICALM,732517,Dasatinib,0.00538795063784247,0.357873070083365,0.0057189422962991,0.355543866408939,fusion,Dom,"T-ALL, AML"
PICALM,811429,Pralsetinib,0.0102665771295233,0.334537434604256,0.00452761451655603,0.367613130175576,fusion,Dom,"T-ALL, AML"
PIK3R1,180973,Tamoxifen,0.00837761187409347,0.340212354638119,0.00333249969996352,0.376052141919694,TSG,Rec,"glioblastoma, ovarian, colorectal"
PIK3R1,761431,Vemurafenib,0.000475906140103399,0.440776690418447,0.000274427963430579,0.456976683241235,TSG,Rec,"glioblastoma, ovarian, colorectal"
PIM1,749226,Abiraterone,0.0176597831506897,0.373315306198208,0.0222228092236016,0.36070483996638,"oncogene, fusion",Dom,NHL
PIM1,755980,Lenvatinib,0.00515770052619224,0.368810274302294,0.00843374812435326,0.348747788069549,"oncogene, fusion",Dom,NHL
PLAG1,1390,Allopurinol,0.00954812105312319,0.33478596281582,0.00606344223478183,0.353242051064771,"oncogene, fusion",Dom,"salivary adenoma, lipoblastoma"
PLCG1,92859,Arsenic trioxide,0.00889771142901985,0.337724762684783,0.00508736135859777,0.360099957813278,"oncogene, fusion",Dom,angiosarcoma
PML,816987,Trilaciclib,0.0106241147056551,0.335940366380579,0.00343809663576721,0.381200877584571,"TSG, fusion",Dom,"APL, ALL"
PMS1,758254,Ixazomib,0.00402023293262687,0.37214420629941,0.00110697580883911,0.417634485381753,unknown,Rec,
POLD1,719627,Celecoxib,0.00381989640676883,0.377234510293095,0.00437148169030088,0.372082481391911,TSG,,CRC
POLD1,266046,Oxaliplatin,0.00151563049762559,0.436824274693738,0.0021596542830764,0.423858235638984,TSG,,CRC
POLE,755,Mercaptopurine,0.00537549540006176,0.355044393052158,0.00140097016595719,0.403223342410953,TSG,Rec,"colorectal carcinoma, endometrioid carcinoma, stomach carcinoma, skin cancer"
POLE,752,Tioguanine,0.00222648556539528,0.387421932451322,0.00550801699496861,0.354101827954914,TSG,Rec,"colorectal carcinoma, endometrioid carcinoma, stomach carcinoma, skin cancer"
POLE,75520,Trifluridine,0.00891771471924629,0.337631639167894,0.00861379557044661,0.339066526538629,TSG,Rec,"colorectal carcinoma, endometrioid carcinoma, stomach carcinoma, skin cancer"
POLG,701852,Vorinostat,0.0020789916953694,0.392963571116006,0.00104554374377352,0.416126015725071,TSG,,CRC
POLR2A,63878,Cytarabine,0.00348002132768909,0.371422797512613,0.00279805187178849,0.379335265388838,unknown,,meningioma
POLR2A,740,Methotrexate,4.75468573029047e-05,0.49997006619813,0.000100261301830828,0.480973986982644,unknown,,meningioma
POLR2A,26980,Mitomycin,0.00879198908350753,0.335440318281399,0.00518412332440698,0.356442246379507,unknown,,meningioma
POLR2A,25154,Pipobroman,0.00769584652149601,0.340866746708322,0.00261280052846935,0.3817807967701,unknown,,meningioma
POLR2A,75520,Trifluridine,0.00609726062627125,0.353022317606313,0.00848024484678022,0.339711028317085,unknown,,meningioma
POT1,409962,Carmustine,0.00313411397126506,0.37524486256192,0.00264668005436052,0.381322258016408,TSG,Dom,CLL
POT1,756645,Crizotinib,0.000499431870356836,0.43931782177637,0.000155513045945632,0.472886681246365,TSG,Dom,CLL
POT1,45388,Dacarbazine,0.00459896380124491,0.361017848893208,0.000528820505539595,0.434147089074629,TSG,Dom,CLL
POT1,778909,Ribociclib,0.0110410962835563,0.340207067510729,0.0110880989337052,0.340020206927624,TSG,Dom,CLL
POT1,758244,tepotinib,0.00040539139055884,0.445579188026805,0.000686283740920501,0.42954227486277,TSG,Dom,CLL
POT1,816987,Trilaciclib,0.00882462315820076,0.343837028819364,0.00236267445317439,0.394950086140493,TSG,Dom,CLL
POU2AF1,701852,Vorinostat,0.00190731701342095,0.395959727208987,0.00591798993883863,0.354199544250851,"oncogene, fusion",Dom,NHL
PPM1D,169780,Dexrazoxane,0.000385514185895718,0.443581140480857,0.00115542507825372,0.409576616286852,oncogene,Dom,"glioma, ovarian cancer, breast cancer"
PPM1D,256439,Idarubicin,0.000140571075620155,0.471987959855706,1.60059267431122e-05,0.525815596780762,oncogene,Dom,"glioma, ovarian cancer, breast cancer"
PPP2R1A,811429,Pralsetinib,0.00816822627318281,0.344123811977418,0.00181791970028211,0.400879837758144,TSG,Dom,clear cell ovarian carcinoma
PPP6C,141540,Etoposide,0.00473029404650349,0.359948038985004,0.00317074672608175,0.374822846469392,TSG,Dom,melanoma
PPP6C,109724,Ifosfamide,0.0108579805213844,0.353835221074957,0.00371912918309491,0.399094922793958,TSG,Dom,melanoma
PPP6C,79037,Lomustine,0.00259885875691945,0.385073831989656,0.000920544724883898,0.420241994922149,TSG,Dom,melanoma
PRCC,19893,Fluorouracil,0.00241180967694298,0.384615266234268,0.00435522687024914,0.363076796537449,fusion,Dom,papillary renal
PRCC,762,Nitrogen mustard,0.00153275378569217,0.400216340844325,0.0054909688040976,0.354221959445534,fusion,Dom,papillary renal
PRDM1,749226,Abiraterone,0.0292867026121008,0.344910264939279,0.0212627934231346,0.363164638384044,TSG,Rec,DLBCL
PRDM1,816987,Trilaciclib,0.00201063371735088,0.400690176863953,0.00576243494258577,0.36126732263903,TSG,Rec,DLBCL
PRDM16,109724,Ifosfamide,0.00877045352746286,0.363366078535111,0.0112980119720247,0.352030774964758,"oncogene, fusion",Dom,"MDS, AML"
PRDM2,180973,Tamoxifen,0.00385599288301663,0.37063884309254,0.00457029258609975,0.364216926544767,TSG,,"glioma, colon adenocarcinoma, gastric carcinoma, ovarian carcinoma, HNSCC"
PRDM2,758244,tepotinib,0.00375880153938834,0.371592546543278,0.00275635595145296,0.382961626421149,TSG,,"glioma, colon adenocarcinoma, gastric carcinoma, ovarian carcinoma, HNSCC"
PREX2,765888,Dacomitinib,0.00982528707300001,0.336402050652508,0.001625016045669,0.404744431946383,oncogene,Dom,"melanoma, pancreatic ductal adenocarcinoma"
PREX2,772469,Duvelisib,0.000537217936148248,0.440613096230938,0.00805760814593004,0.34468648344227,oncogene,Dom,"melanoma, pancreatic ductal adenocarcinoma"
PREX2,761910,Ibrutinib,3.58927079071591e-05,0.510673885088514,0.000154876175327611,0.472998851529869,oncogene,Dom,"melanoma, pancreatic ductal adenocarcinoma"
PREX2,764581,Tucatinib,0.00143435056711149,0.408991119974811,0.00242379898655187,0.390755803829295,oncogene,Dom,"melanoma, pancreatic ductal adenocarcinoma"
PREX2,760766,Vandetanib,0.000879700683393824,0.428616790337075,0.00684627345067201,0.354332113155831,oncogene,Dom,"melanoma, pancreatic ductal adenocarcinoma"
PRF1,266046,Oxaliplatin,0.00741096498257531,0.374289747952872,0.000513652421793464,0.473561618066067,TSG,Rec,
PRF1,246131,Valrubicin,0.00734488700822533,0.348482284539276,0.00588735973546716,0.35737029122377,TSG,Rec,
PRKACA,749226,Abiraterone,0.000238516342497607,0.549734549565144,0.000158543202312788,0.562434691447658,oncogene,Dom,"fibrolamellar hepatocellular carcinoma, cortisol secreting adrenal adenoma"
PRKCB,241240,Carboplatin,0.00444871874423347,0.362275291798948,0.00494840323776246,0.358227836356037,unknown,,adult T-cell lymphoma-leukaemia
PRKCB,747599,Nilotinib,2.29646344163114e-07,0.614176537503437,0.000596705770521843,0.433880372403079,unknown,,adult T-cell lymphoma-leukaemia
PRPF40B,764134,Dabrafenib,0.00301335474338726,0.407298338749322,0.0114131465140214,0.351568633306021,unknown,,"melanoma, colon carcinoma, MDS"
PSIP1,740,Methotrexate,0.00826312533906703,0.337980012862582,0.00519057511596288,0.356394386332146,"oncogene, fusion",Dom,AML
PTCH1,409962,Carmustine,0.00764737866817322,0.34112191137123,0.0059697336879636,0.350966417906945,TSG,Rec,"skin basal cell, medulloblastoma"
PTCH1,768068,Cobimetinib,0.00858152837919479,0.34207854504677,0.00123975705177059,0.41388321131572,TSG,Rec,"skin basal cell, medulloblastoma"
PTCH1,741078,Selumetinib,0.00524858967877106,0.358891557767218,0.00062746199771535,0.432328163232023,TSG,Rec,"skin basal cell, medulloblastoma"
PTEN,776422,Ceritinib,0.00960842418884588,0.337345121313598,0.00746621493256594,0.347814053860188,TSG,Dom,"glioma, prostate, endometrial"
PTEN,169780,Dexrazoxane,0.0054809696460909,0.354292571935634,0.000254358851841551,0.455591380277261,TSG,Dom,"glioma, prostate, endometrial"
PTPN13,125066,Bleomycin,0.00030046563150643,0.450832904482443,0.0005079878371399,0.43536195906037,TSG,Rec,"lung, NSCLC, gastric, peritoneal carcinomatosis"
PTPN13,718781,Erlotinib,0.00019006259760923,0.467355088171099,4.72677763259099e-05,0.503908934169833,TSG,Rec,"lung, NSCLC, gastric, peritoneal carcinomatosis"
PTPN13,759224,Idelalisib,0.00616996463849317,0.355506810603336,0.00734539095602526,0.348479489117287,TSG,Rec,"lung, NSCLC, gastric, peritoneal carcinomatosis"
PTPN13,760766,Vandetanib,0.00945962999343863,0.340903094534577,0.0062907013804192,0.357756387014829,TSG,Rec,"lung, NSCLC, gastric, peritoneal carcinomatosis"
PTPN6,776422,Ceritinib,0.00256646286751616,0.388704805018153,0.00393003674596537,0.373002082103717,TSG,,DLBCL
PTPN6,169780,Dexrazoxane,3.72773278050075e-05,0.505930707974522,0.00261343172827865,0.381772205607317,TSG,,DLBCL
PTPN6,19893,Fluorouracil,0.000894787615965952,0.417818412183928,0.000252541077662815,0.455794697241379,TSG,,DLBCL
PTPN6,758247,Palbociclib,3.0013979412935e-06,0.565884104847008,5.67356673752961e-05,0.499342397099343,TSG,,DLBCL
PTPN6,816987,Trilaciclib,8.71458839091232e-06,0.551557663920017,0.00486141938101569,0.367966422068932,TSG,,DLBCL
PTPRC,92859,Arsenic trioxide,6.59272337757421e-05,0.495537651594873,0.000773633068641865,0.425780051560125,TSG,Rec,T-ALL
PTPRC,241240,Carboplatin,0.000180406938485644,0.465190009373255,0.00261220704361386,0.381788876285818,TSG,Rec,T-ALL
PTPRC,409962,Carmustine,3.17925241688499e-10,0.705157032951291,0.00754312531065948,0.341675584110573,TSG,Rec,T-ALL
PTPRC,26271,Cyclophosphamide,2.76664663179104e-07,0.668842198981194,0.000774954344774592,0.473499293839342,TSG,Rec,T-ALL
PTPRC,825331,Darolutamide,1.68095510844068e-08,0.656189025128231,0.00305016449168116,0.379293005275286,TSG,Rec,T-ALL
PTPRD,781556,Erdafitinib,0.000716000411203676,0.435217975890387,0.00575630726148612,0.36130967655182,TSG,,"lung cancer, kidney cancer, HNSCC, glioblastoma"
PTPRD,761910,Ibrutinib,0.00122542653009505,0.410920479669607,0.00050936774548882,0.43872033879412,TSG,,"lung cancer, kidney cancer, HNSCC, glioblastoma"
PTPRD,759224,Idelalisib,0.00246216104100227,0.390193947865612,0.00883732180315766,0.340855253683202,TSG,,"lung cancer, kidney cancer, HNSCC, glioblastoma"
PTPRK,811429,Pralsetinib,0.000290835163848868,0.458925653119019,7.00142857299468e-05,0.497831237291327,"TSG, fusion",Dom,colorectal
PTPRT,721517,Zoledronate,0.00308515244407203,0.382014575174525,0.00145273102046328,0.408560377284433,TSG,,"HNSCC, colorectal cancer, gastric cancer, lung cancer, melanoma"
PWWP2A,780203,Selinexor,0.00770223662182267,0.343651546774996,0.00164864834979572,0.400964419176821,fusion,Dom,Spitzoid tumour
QKI,241240,Carboplatin,0.00265359916544172,0.381229254923518,0.00731132248016686,0.342931002084464,"oncogene, TSG",Dom,"angiocentric glioma, colorectal cancer"
QKI,119875,Cisplatin,0.00130833241126127,0.405493106679993,0.00853379148792532,0.336663101005156,"oncogene, TSG",Dom,"angiocentric glioma, colorectal cancer"
RAC1,829498,Fruquintinib,0.00633523923029644,0.357472322734948,0.00167055751203148,0.407160338802764,oncogene,Dom,"melanoma, carcinoma"
RAC1,811429,Pralsetinib,0.00402060011949201,0.37214074878995,0.00193987324170108,0.398621836051474,oncogene,Dom,"melanoma, carcinoma"
RAD17,3053,Actinomycin D,0.00789802962424235,0.339817228462449,0.00791158846525452,0.339747687189309,TSG,,"lymphoma, colon cancer"
RAD17,758252,Carfilzomib,0.00142698422035847,0.40584814706921,9.57836625230523e-05,0.485872623171551,TSG,,"lymphoma, colon cancer"
RAD17,756645,Crizotinib,0.000863308121969996,0.42229764614397,0.00191822079998438,0.395762402659803,TSG,,"lymphoma, colon cancer"
RAD17,169780,Dexrazoxane,0.00136480110564685,0.404093025054266,0.00238495464676757,0.385009800653959,TSG,,"lymphoma, colon cancer"
RAD17,266046,Oxaliplatin,0.00156523124282736,0.435665919033246,0.00294984881860704,0.412006244315519,TSG,,"lymphoma, colon cancer"
RAD51B,764134,Dabrafenib,0.0020414535008344,0.425953333286838,0.00206996191644259,0.425438355549983,"TSG, fusion",Dom,"lipoma, uterine leiomyoma"
RALGDS,758774,Belinostat,0.000949739886064282,0.41923747778101,2.10614498237227e-05,0.523379508755359,fusion,Dom,"PMBL, Hodgkin lymphoma,"
RALGDS,756645,Crizotinib,3.77137677751715e-05,0.509468214625054,0.00871292771106735,0.338593723180501,fusion,Dom,"PMBL, Hodgkin lymphoma,"
RALGDS,79037,Lomustine,0.00937098820613524,0.335568655060175,0.00569464283363796,0.355710781013803,fusion,Dom,"PMBL, Hodgkin lymphoma,"
RALGDS,180973,Tamoxifen,0.00127231689738493,0.40967695247093,0.000870715928368959,0.42202478661074,fusion,Dom,"PMBL, Hodgkin lymphoma,"
RALGDS,701852,Vorinostat,0.000519161984562144,0.438141632053478,0.000458551285866803,0.441895466327518,fusion,Dom,"PMBL, Hodgkin lymphoma,"
RANBP2,701852,Vorinostat,0.000932550107553664,0.419825497001694,0.00240456180118719,0.387842478305452,"TSG, fusion",Dom,inflammatory myofibroblastic tumour
RB1,768073,Abemaciclib,0.00988679563272398,0.336137854582222,0.00216879935832259,0.394705674669993,TSG,Rec,"retinoblastoma, sarcoma, breast, small cell lung carcinoma"
RB1,758247,Palbociclib,0.000326143242807663,0.451982298542996,0.00217767356815645,0.391339931025055,TSG,Rec,"retinoblastoma, sarcoma, breast, small cell lung carcinoma"
RB1,816987,Trilaciclib,0.000419539759078491,0.451758910057349,0.000870473953617612,0.428958074759732,TSG,Rec,"retinoblastoma, sarcoma, breast, small cell lung carcinoma"
RBM10,409962,Carmustine,0.00335441176881179,0.372770058263727,8.14552402061963e-06,0.540851494772097,TSG,Rec/X,lung adenocarcinoma
RBM10,109724,Ifosfamide,0.000560936558461344,0.466421260090716,7.26191842732593e-05,0.526383674147757,TSG,Rec/X,lung adenocarcinoma
RBM10,79037,Lomustine,0.000638369297078167,0.431794208261442,1.99811317713738e-06,0.574067311679361,TSG,Rec/X,lung adenocarcinoma
RBM10,266046,Oxaliplatin,0.0151960221572757,0.34156856021618,0.00189176628949772,0.428766959931106,TSG,Rec/X,lung adenocarcinoma
RBM10,180973,Tamoxifen,0.00326497578737239,0.376804422418518,0.00121985717378203,0.411071007981377,TSG,Rec/X,lung adenocarcinoma
RBM15,92859,Arsenic trioxide,0.00593126637121788,0.357075698138029,0.00728089069773707,0.348838642850477,fusion,Dom,acute megakaryocytic leukaemia
RET,719276,Fulvestrant,3.12819950647469e-05,0.517928177843654,0.00233200635046637,0.392133042051342,"oncogene, fusion",Dom,"medullary thyroid, papillary thyroid, pheochromocytoma, NSCLC, Spitzoid tumour"
RFWD3,82151,Daunorubicin,0.00752697215462827,0.341761967872763,0.00706963219519352,0.344277558929765,TSG,,lung cancer
RFWD3,256439,Idarubicin,0.00369571975729221,0.369206678607733,0.00454456496466448,0.361468885874508,TSG,,lung cancer
RFWD3,616348,Irinotecan,0.0027432383961583,0.380043480522439,0.000906266814363121,0.417412329594686,TSG,,lung cancer
RFWD3,740,Methotrexate,0.00152765492757289,0.400328291285894,0.000983564408732817,0.414792811358183,TSG,,lung cancer
RFWD3,26980,Mitomycin,0.00537020703810497,0.355082428907422,0.00113132110709335,0.410264247567308,TSG,,lung cancer
RFWD3,762,Nitrogen mustard,0.00290414498851765,0.377998847685687,0.00126892476361684,0.406502713386289,TSG,,lung cancer
RFWD3,758247,Palbociclib,5.61845032487351e-05,0.499588215922713,0.000245138736135297,0.460200790173515,TSG,,lung cancer
RFWD3,755384,Pemetrexed,0.00917151232187718,0.336465603796044,0.00225534595953336,0.390107500514406,TSG,,lung cancer
RFWD3,75520,Trifluridine,0.00843284452618542,0.339941902263082,0.00242041651175095,0.38760922867052,TSG,,lung cancer
RHOA,721517,Zoledronate,0.00479508428485653,0.36540208818662,0.00904632469418276,0.339878366635389,"oncogene, TSG",Dom,"diffuse gastric, T cell lymphomas, paediatric Burkitt lymphoma"
RHOH,169780,Dexrazoxane,0.000310721531712632,0.449865710714848,0.00509048153714153,0.357142857694616,"TSG, fusion",Dom,NHL
RMI2,19893,Fluorouracil,0.00802283212784482,0.339181026436428,0.00326703593456523,0.373733866796689,"TSG, fusion",Dom,"PMBL, Hodgkin lymphoma"
RMI2,758247,Palbociclib,0.00556552204113702,0.356608351720745,0.00728928609551737,0.345886309538904,"TSG, fusion",Dom,"PMBL, Hodgkin lymphoma"
RNF213,768073,Abemaciclib,0.00331236214164976,0.379394541530417,0.00589127906217923,0.357343916212669,fusion,Dom,ALCL
RNF43,764042,Binimetinib,0.00091847892938679,0.420314156163902,0.0070426427310295,0.347274375960578,TSG,Rec,"cholangiocarcinoma, ovary, pancreas"
RNF43,768068,Cobimetinib,0.000753234621271303,0.430071662926978,0.00145286985339287,0.408557142393352,TSG,Rec,"cholangiocarcinoma, ovary, pancreas"
RNF43,758246,Trametinib,0.000841456315627819,0.423115027036032,0.00307039862843172,0.379052070466485,TSG,Rec,"cholangiocarcinoma, ovary, pancreas"
ROS1,749226,Abiraterone,0.00162312994626834,0.488029910427353,0.00348155293990681,0.456581890250171,"oncogene, fusion",Dom,"glioblastoma, NSCLC, Spitzoid tumour, cholangiocarcinoma, borderline ovarian"
ROS1,818434,Selpercatinib,0.0075629024992212,0.35025700325778,0.0059608925502208,0.359916501937971,"oncogene, fusion",Dom,"glioblastoma, NSCLC, Spitzoid tumour, cholangiocarcinoma, borderline ovarian"
RPL10,743414,Imatinib,0.00196720132172201,0.398133293270643,0.00969090479140977,0.336984284115934,TSG,Dom,T-ALL
RPL10,266046,Oxaliplatin,5.17468727569969e-05,0.544843647096393,5.77552184779506e-05,0.541943058235838,TSG,Dom,T-ALL
RPL10,800405,umbralisib,0.000851686766404347,0.426154518552821,0.00101186416256626,0.42057909364654,TSG,Dom,T-ALL
RPL5,266046,Oxaliplatin,0.00866003077048804,0.37111065420407,0.0135489294449047,0.350494950289235,TSG,Dom,T-ALL
RUNX1,109724,Ifosfamide,0.000145153195490355,0.507287472326385,0.00207653137310837,0.421333696352425,"oncogene, TSG, fusion",Dom,"AML, pre B-ALL, T-ALL"
RUNX1,816987,Trilaciclib,0.00488233476449373,0.367798972126257,0.00684547866113893,0.354336835591946,"oncogene, TSG, fusion",Dom,"AML, pre B-ALL, T-ALL"
RUNX1T1,749226,Abiraterone,0.0045324062420371,0.439644280351424,0.0285232375277995,0.346454259724843,"oncogene, TSG, fusion",Dom,AML
RUNX1T1,125066,Bleomycin,0.000633339186066228,0.428639089901588,0.00857335517846591,0.336473662351388,"oncogene, TSG, fusion",Dom,AML
RUNX1T1,829498,Fruquintinib,2.99353128787593e-05,0.523014028910524,0.00160593049243251,0.408521660029403,"oncogene, TSG, fusion",Dom,AML
RUNX1T1,759224,Idelalisib,0.00815630397134192,0.344184135974271,0.00981515148917555,0.336445723258151,"oncogene, TSG, fusion",Dom,AML
RUNX1T1,818434,Selpercatinib,0.00985918182389555,0.336256286702808,0.00477407360142012,0.365571789591991,"oncogene, TSG, fusion",Dom,AML
SDC4,732517,Dasatinib,0.000363573930714178,0.448799737484078,0.00209861235734587,0.392635347787215,fusion,Dom,NSCLC
SDC4,811429,Pralsetinib,1.2795619976913e-06,0.586986689623842,4.99359763317386e-07,0.604648301752755,fusion,Dom,NSCLC
SDC4,818434,Selpercatinib,0.00252289235525315,0.389320201186411,0.00330557791140906,0.379470432313999,fusion,Dom,NSCLC
SDHAF2,755,Mercaptopurine,0.000676358175374369,0.42660882070201,0.0018527906100183,0.393781088223098,TSG,Rec,
SDHB,747599,Nilotinib,0.00298675069624598,0.380057396208666,0.00089688808663757,0.421077243924872,TSG,Rec,
SDHB,49842,Vinblastine,0.00896595427046231,0.334633946869811,0.00153450901370399,0.400177880348897,TSG,Rec,
SET,740,Methotrexate,0.00508525192711273,0.357182318182394,0.00617428952131993,0.349644928196842,"oncogene, fusion",Dom,T-ALL
SET,266046,Oxaliplatin,0.0127834478985806,0.349750798407639,0.0083141688980195,0.369264018247118,"oncogene, fusion",Dom,T-ALL
SETD1B,19893,Fluorouracil,0.0025960503415634,0.382009458709971,0.00182950220072797,0.3942143381945,TSG,,"CRC, endometrium"
SETD1B,32065,Hydroxyurea,0.000953257183918587,0.415796974248659,0.00151269842215429,0.400658620037343,TSG,,"CRC, endometrium"
SETD1B,256439,Idarubicin,0.000107801771742632,0.479066638541852,0.00262151750269579,0.381662314448017,TSG,,"CRC, endometrium"
SETD1B,8806,Melphalan,0.000518842792709417,0.43472342031898,0.00822401833973263,0.338173382849622,TSG,,"CRC, endometrium"
SETD1B,755,Mercaptopurine,0.0039720933413907,0.366528781484913,0.00335919638787718,0.37271792649329,TSG,,"CRC, endometrium"
SETD1B,740,Methotrexate,0.00190836980083242,0.39276647456094,0.00283660093004023,0.378844546375615,TSG,,"CRC, endometrium"
SETD1B,762,Nitrogen mustard,0.000173905605052482,0.46619897146036,0.000702461209211247,0.425433175942548,TSG,,"CRC, endometrium"
SETD1B,266046,Oxaliplatin,0.00482501676892699,0.392395967059333,0.0126290738272898,0.350318166355001,TSG,,"CRC, endometrium"
SETDB1,776422,Ceritinib,0.00615939251739483,0.355575162713771,0.00261755062904667,0.387994960922674,oncogene,,malignant mesothelioma
SETDB1,169780,Dexrazoxane,0.00142600570274487,0.402633094026189,0.00274427133191412,0.380030018622151,oncogene,,malignant mesothelioma
SETDB1,755,Mercaptopurine,0.00568935862454145,0.352843812736902,0.00183364786341844,0.394136854025012,oncogene,,malignant mesothelioma
SETDB1,762,Nitrogen mustard,0.000195232606055029,0.463008241373961,0.000264886180331602,0.454439354115804,oncogene,,malignant mesothelioma
SETDB1,758247,Palbociclib,0.00523436639916807,0.358996837979328,0.00683644753573986,0.348467802695213,oncogene,,malignant mesothelioma
SF3B1,3053,Actinomycin D,0.00882312652728778,0.335294974842085,0.000951186692398131,0.415866621357751,oncogene,Dom,myelodysplastic syndrome
SF3B1,758252,Carfilzomib,0.00620975316509087,0.352299009337871,0.00606516421525826,0.353230836646902,oncogene,Dom,myelodysplastic syndrome
SF3B1,778909,Ribociclib,0.00482397037121229,0.374707241969054,0.00416914641511745,0.380423216642389,oncogene,Dom,myelodysplastic syndrome
SF3B1,754143,Romidepsin,0.00981934637279069,0.339316098526591,0.00895820175174866,0.34320497142889,oncogene,Dom,myelodysplastic syndrome
SFRP4,829498,Fruquintinib,0.00187167542148136,0.403206098122049,7.93040500246533e-05,0.498511259907152,TSG,Rec,"colorectal cancer, melanoma, SCC, gastric cancer, oesophageal SCC"
SFRP4,761910,Ibrutinib,0.00306229956390868,0.379148339175862,0.0069297483281665,0.347923948199235,TSG,Rec,"colorectal cancer, melanoma, SCC, gastric cancer, oesophageal SCC"
SFRP4,755980,Lenvatinib,0.00113658668465044,0.423748266924226,0.00310255296269801,0.38831999993072,TSG,Rec,"colorectal cancer, melanoma, SCC, gastric cancer, oesophageal SCC"
SFRP4,811429,Pralsetinib,0.0057381929923399,0.358385732800721,1.32935245473753e-05,0.5379704973641,TSG,Rec,"colorectal cancer, melanoma, SCC, gastric cancer, oesophageal SCC"
SGK1,761431,Vemurafenib,5.59116524967429e-06,0.552933209874768,0.00617265220144203,0.352536284093944,oncogene,,Nodular lymphocyte predominant Hodgkin lymphoma
SH2B3,764042,Binimetinib,0.000841676910333433,0.423106680292427,0.00479842394766283,0.362352444743284,TSG,Rec,"MPN, sAML, erythrocytosis, B-ALL"
SH2B3,768068,Cobimetinib,0.00127982495058631,0.412822146095755,0.0035380948090613,0.376944732302247,TSG,Rec,"MPN, sAML, erythrocytosis, B-ALL"
SH2B3,764134,Dabrafenib,2.44478604822795e-05,0.554260172416845,0.015265539279698,0.338024776389182,TSG,Rec,"MPN, sAML, erythrocytosis, B-ALL"
SH2B3,778304,Encorafenib,6.12005121478631e-05,0.509244234933808,0.00627687610096527,0.360946990209466,TSG,Rec,"MPN, sAML, erythrocytosis, B-ALL"
SH2B3,741078,Selumetinib,0.0006442570637879,0.431509401876172,0.00478611141619911,0.362451058158586,TSG,Rec,"MPN, sAML, erythrocytosis, B-ALL"
SH2B3,758246,Trametinib,0.00595926323839735,0.353925769049567,0.00802139936710943,0.341994855699511,TSG,Rec,"MPN, sAML, erythrocytosis, B-ALL"
SH2B3,761431,Vemurafenib,8.17972997779747e-06,0.544736640805205,0.00155683989544774,0.402911136776936,TSG,Rec,"MPN, sAML, erythrocytosis, B-ALL"
SH3GL1,829498,Fruquintinib,0.00194123696985704,0.401926546401419,0.00337930676269548,0.381845924441395,"oncogene, fusion",Dom,AL
SH3GL1,811429,Pralsetinib,1.50772065443671e-05,0.535100379369541,3.92322873596917e-05,0.512405592960282,"oncogene, fusion",Dom,AL
SHTN1,764042,Binimetinib,0.00225366963124251,0.390133696459299,0.00603965795547578,0.353397232766362,fusion,Dom,Spitzoid tumour
SHTN1,768068,Cobimetinib,0.00233928831227014,0.392022037880966,0.0022462421009628,0.39346418402689,fusion,Dom,Spitzoid tumour
SHTN1,758246,Trametinib,0.00224390309640609,0.390286664268119,0.00264777995630827,0.384405829713807,fusion,Dom,Spitzoid tumour
SKI,749226,Abiraterone,0.0160207158786294,0.378521424714376,0.0190993402879322,0.36906815458644,oncogene,,melanoma
SLC34A2,750691,Afatinib,0.000220341919564104,0.466883460261431,0.00583546560562298,0.357720970765427,"TSG, fusion",Dom,NSCLC
SLC34A2,765888,Dacomitinib,0.00214378192379838,0.395115184224611,0.00267046017176308,0.387272674054201,"TSG, fusion",Dom,NSCLC
SLC45A3,764042,Binimetinib,4.3893969792208e-05,0.505742745233543,5.96218998643038e-05,0.498090006755674,fusion,Dom,prostate
SLC45A3,768068,Cobimetinib,4.9357033317321e-05,0.506707664156126,3.23663658705619e-05,0.517103234808473,fusion,Dom,prostate
SLC45A3,764134,Dabrafenib,0.000689788973179394,0.459694915085277,0.00796671935064186,0.367567566857268,fusion,Dom,prostate
SLC45A3,741078,Selumetinib,0.000153953528252648,0.473162106480534,0.000290659338320731,0.455322854222597,fusion,Dom,prostate
SLC45A3,758246,Trametinib,7.73857074876094e-05,0.491426715499582,2.24181920462918e-05,0.521917579662983,fusion,Dom,prostate
SMAD3,125066,Bleomycin,0.00176556828432117,0.39542962626101,0.00250967233048871,0.383209906985347,TSG,Rec,"colorectal carcinoma, oral squamous cell carcinoma"
SMAD3,787457,Brigatinib,5.90734801515502e-05,0.498323613031343,7.24731119539079e-06,0.547367501000474,TSG,Rec,"colorectal carcinoma, oral squamous cell carcinoma"
SMAD3,732517,Dasatinib,1.92204345763613e-05,0.525509423856276,8.56915977509587e-06,0.543719680629485,TSG,Rec,"colorectal carcinoma, oral squamous cell carcinoma"
SMAD3,811429,Pralsetinib,0.00192725047316755,0.398849570986333,0.000219859102389419,0.466945581835571,TSG,Rec,"colorectal carcinoma, oral squamous cell carcinoma"
SMARCD1,764134,Dabrafenib,0.00436931427431153,0.392673610569452,0.000790715839013467,0.455176457946676,TSG,Rec,breast
SMARCD1,266046,Oxaliplatin,0.00699684009931322,0.376774223281692,0.00978670248059776,0.362003555432434,TSG,Rec,breast
SMARCD1,701852,Vorinostat,0.00910078901447786,0.336787684941634,0.00883790063496503,0.338004296246549,TSG,Rec,breast
SMARCE1,63878,Cytarabine,0.00601452569696281,0.350673689386646,0.00324083363568727,0.374027350686328,TSG,Rec,
SMARCE1,256439,Idarubicin,5.97587289759005e-05,0.494267604738035,1.07041800267992e-06,0.58207939363571,TSG,Rec,
SMARCE1,279836,Mitoxantrone,0.00685100159546214,0.345530770619502,0.000297890278005752,0.451080500891333,TSG,Rec,
SMARCE1,762,Nitrogen mustard,0.00184432333625639,0.393938044045832,0.000149742608769987,0.470279287574252,TSG,Rec,
SMARCE1,9706,Triethylenemelamine,0.00435245011642093,0.363100832988392,0.000564421714324581,0.43216806802853,TSG,Rec,
SMARCE1,34462,Uracil mustard,0.00870387186329946,0.33585407268785,0.000503702972024289,0.435617428704263,TSG,Rec,
SMARCE1,246131,Valrubicin,0.00443916263963961,0.368369676478127,0.00113526691163867,0.416802535627522,TSG,Rec,
SMC1A,628503,Docetaxel,0.000960947129250655,0.457093702654506,0.000712950374935683,0.467221802370444,TSG,,AML
SMC1A,79037,Lomustine,0.00869671011943129,0.33867075057967,0.00875194113217103,0.338408933806493,TSG,,AML
SMO,761910,Ibrutinib,0.00413386888410194,0.368024841228632,0.00724620969633815,0.346125748921794,oncogene,Dom,skin basal cell
SMO,823807,Zanubrutinib,0.00901244170262072,0.337193096844557,0.000400652262041223,0.445928574110107,oncogene,Dom,skin basal cell
SND1,764042,Binimetinib,0.00132005925155587,0.408452435562678,0.00035128587731803,0.449810255483273,"oncogene, fusion",Dom,pancreas acinar carcinoma
SND1,768068,Cobimetinib,0.00100719782027747,0.420729884803661,2.47180565842164e-05,0.523571645536957,"oncogene, fusion",Dom,pancreas acinar carcinoma
SND1,756645,Crizotinib,0.00384942351281614,0.370702632206612,0.000128542887394278,0.478052487811724,"oncogene, fusion",Dom,pancreas acinar carcinoma
SND1,764134,Dabrafenib,0.000382023617452098,0.478562658587593,0.012559809273277,0.347172325786273,"oncogene, fusion",Dom,pancreas acinar carcinoma
SND1,778304,Encorafenib,0.000313862073002546,0.46418608041379,0.000182429506366599,0.479844840299488,"oncogene, fusion",Dom,pancreas acinar carcinoma
SND1,741078,Selumetinib,5.53442932922365e-05,0.499967259461209,2.78283785348776e-05,0.516802402372203,"oncogene, fusion",Dom,pancreas acinar carcinoma
SND1,758244,tepotinib,0.00144343454526918,0.405463129842005,0.000450743097115235,0.442411409972736,"oncogene, fusion",Dom,pancreas acinar carcinoma
SND1,761431,Vemurafenib,2.33866995440479e-05,0.520923293373269,1.23183063749365e-08,0.66078214612842,"oncogene, fusion",Dom,pancreas acinar carcinoma
SND1,766270,Venetoclax,0.000184795497744083,0.471828415918725,8.21458540878339e-06,0.548707145049074,"oncogene, fusion",Dom,pancreas acinar carcinoma
SNX29,758247,Palbociclib,0.000102615369399705,0.484057988944064,0.00234256431514623,0.388767922068021,fusion,Dom,"PMBL, Hodgkin lymphoma"
SOCS1,749226,Abiraterone,0.00135784924390303,0.489209935511899,0.00162632516479632,0.482241501536909,TSG,Rec,"Hodgkin lymphoma, PMBL"
SPECC1,816556,Pemigatinib,0.000480320656184307,0.451358928189008,0.00151127019875052,0.414078924144356,fusion,Dom,JMML
SPEN,409962,Carmustine,0.00160368965187873,0.398692549347459,0.00564848360964997,0.353124265959653,TSG,Rec,"SMZL, adenoid cystic carcinoma, DLBCL"
SPEN,26271,Cyclophosphamide,0.00322993548293526,0.420760246510327,0.00053975393001826,0.485629421887527,TSG,Rec,"SMZL, adenoid cystic carcinoma, DLBCL"
SPEN,45388,Dacarbazine,0.00876920543487136,0.335546951842061,0.00791245711099164,0.339743235578499,TSG,Rec,"SMZL, adenoid cystic carcinoma, DLBCL"
SPEN,747973,Ixabepilone,0.00669318938877383,0.368086224195343,0.00883831726660933,0.356254410489229,TSG,Rec,"SMZL, adenoid cystic carcinoma, DLBCL"
SPEN,79037,Lomustine,0.00438828378120836,0.365764245770165,0.0071941327342837,0.346416883358525,TSG,Rec,"SMZL, adenoid cystic carcinoma, DLBCL"
SPEN,755,Mercaptopurine,0.00263243234167553,0.381514451898453,0.000501285747915414,0.435762418557547,TSG,Rec,"SMZL, adenoid cystic carcinoma, DLBCL"
SPEN,125973,Paclitaxel,0.00711255549599743,0.344035506601294,0.00114547666819819,0.409858842469087,TSG,Rec,"SMZL, adenoid cystic carcinoma, DLBCL"
SPEN,752,Tioguanine,0.00147183513687543,0.401576293187913,0.000786938564478756,0.42188195339692,TSG,Rec,"SMZL, adenoid cystic carcinoma, DLBCL"
SPOP,616348,Irinotecan,0.00467016924669971,0.360434519611341,0.00813197367011642,0.338631692193652,TSG,Rec,"prostate, endometrial"
SPOP,755,Mercaptopurine,0.00215028877237322,0.388636776824433,0.00399718946400007,0.3662938529158,TSG,Rec,"prostate, endometrial"
SPOP,752,Tioguanine,0.00168244123963789,0.397070064342877,0.00140751898724822,0.403068035838806,TSG,Rec,"prostate, endometrial"
SRC,816556,Pemigatinib,0.00132489498106203,0.418581024857402,0.00580228211045463,0.364117990771601,oncogene,Dom,"colorectal cancer, endometrial carcinoma"
SRSF2,764042,Binimetinib,0.000441965846465386,0.446549389424466,0.00221988642326032,0.393882350848127,oncogene,Dom,"MDS, CLL"
SRSF2,776422,Ceritinib,0.00752294515515661,0.350475157263477,0.000124591886844216,0.486482991372688,oncogene,Dom,"MDS, CLL"
SRSF2,768068,Cobimetinib,0.000196646286399815,0.473860979253736,0.000248603291725046,0.467180992948048,oncogene,Dom,"MDS, CLL"
SRSF2,756645,Crizotinib,0.0100902863134018,0.335273840895477,0.00167536771100973,0.403697665882351,oncogene,Dom,"MDS, CLL"
SRSF2,764134,Dabrafenib,0.00236461428317902,0.420455347293091,0.000318418709981394,0.488576421622008,oncogene,Dom,"MDS, CLL"
SRSF2,747973,Ixabepilone,0.00682400104537483,0.370701591264547,0.0095649390834136,0.356122863544723,oncogene,Dom,"MDS, CLL"
SRSF2,741078,Selumetinib,3.6896657710006e-05,0.513911906552609,0.000260609936460154,0.462094791457961,oncogene,Dom,"MDS, CLL"
SRSF2,180973,Tamoxifen,0.00299151329330515,0.383144447524755,0.000552559096093752,0.439747734447898,oncogene,Dom,"MDS, CLL"
SRSF2,758246,Trametinib,0.000828735724595297,0.427029669886432,0.000882138382598318,0.425025630568071,oncogene,Dom,"MDS, CLL"
SS18,1390,Allopurinol,0.00113755560257367,0.413370652866083,0.000432600052675091,0.44364232112462,fusion,Dom,synovial sarcoma
STAG1,758252,Carfilzomib,0.00473135988201978,0.362892297899444,0.00045929032103209,0.441847047054478,TSG,,"colorectal cancer, AML"
STAG2,628503,Docetaxel,0.0111783435745977,0.359512411047936,0.000238153033168098,0.501956950943173,TSG,Rec,"bladder carcinoma, glioblastoma, melanoma, Ewing's sarcoma, myeloid neoplasms"
STAT5B,141540,Etoposide,0.0010176393510437,0.413696595753686,0.00539590917751731,0.35489787754008,"oncogene, TSG, fusion",Dom,"large granular lymphocytic leukaemia, skin basal cell, APL"
STAT6,764042,Binimetinib,0.00690726668964458,0.348054406518286,0.001934690795927,0.395466239336245,"oncogene, fusion",Dom,"solitary fibrous tumour, meningeal haemangiopericytoma"
STAT6,768068,Cobimetinib,0.00149293714629328,0.407634931752928,0.000120147126781988,0.483621508799609,"oncogene, fusion",Dom,"solitary fibrous tumour, meningeal haemangiopericytoma"
STAT6,764134,Dabrafenib,0.00139467183076269,0.435707265344142,5.90728871259216e-05,0.531862564373618,"oncogene, fusion",Dom,"solitary fibrous tumour, meningeal haemangiopericytoma"
STAT6,778304,Encorafenib,0.00262244759472807,0.394524636599361,7.50709741992317e-05,0.503945380032234,"oncogene, fusion",Dom,"solitary fibrous tumour, meningeal haemangiopericytoma"
STAT6,741078,Selumetinib,0.000870574975891713,0.422029958880693,0.000188783870432196,0.46754275490093,"oncogene, fusion",Dom,"solitary fibrous tumour, meningeal haemangiopericytoma"
STAT6,750690,Sunitinib,0.00463404614151974,0.363687767869796,0.00177584685410625,0.398421861222675,"oncogene, fusion",Dom,"solitary fibrous tumour, meningeal haemangiopericytoma"
STAT6,758246,Trametinib,0.00385098410122908,0.370687470055728,0.00161857797919839,0.401591101109908,"oncogene, fusion",Dom,"solitary fibrous tumour, meningeal haemangiopericytoma"
STRN,764134,Dabrafenib,0.0172979137414692,0.335299189098657,0.0164291080687744,0.337807453128739,fusion,Dom,"anaplastic thyroid, papillary thyroid, lung"
STRN,608210,Vinorelbine,0.00491529420424718,0.370709058326583,0.00628721988644431,0.360880246577303,fusion,Dom,"anaplastic thyroid, papillary thyroid, lung"
SUB1,82151,Daunorubicin,0.00216753339725794,0.388358511636915,0.00196432505508292,0.391771344180557,unknown,,lung cancer
SUB1,141540,Etoposide,0.00272173653227314,0.380324735828046,0.00766455801826726,0.341031307628476,unknown,,lung cancer
SUB1,616348,Irinotecan,0.00193556237886194,0.392279659088672,0.002742544717512,0.3800525235311,unknown,,lung cancer
SUB1,266046,Oxaliplatin,0.00555658511625267,0.386548675751373,0.00211524337901458,0.424633191775292,unknown,,lung cancer
SUB1,122819,Teniposide,0.0025934540515804,0.382045018959299,0.00794772235178031,0.339562868165144,unknown,,lung cancer
SUB1,246131,Valrubicin,0.00248153361294312,0.389913169399439,0.00116564872988078,0.415929611961036,unknown,,lung cancer
SUFU,818433,Sotorasib,0.00903756177736658,0.337077474663434,0.00105245493657646,0.415911621523682,TSG,Rec,medulloblastoma
SUZ12,26980,Mitomycin,0.00674522069751493,0.346149722594145,0.00229089411282545,0.386423629591503,"oncogene, TSG, fusion",Dom,endometrial stromal tumour
SYK,776422,Ceritinib,0.00907056022916963,0.339766360881874,0.00135758666877405,0.410845325473006,"oncogene, fusion",Dom,"MDS, peripheral T-cell lymphoma"
SYK,758247,Palbociclib,0.000328913621611581,0.451735635027667,0.00879321076414996,0.338214235834568,"oncogene, fusion",Dom,"MDS, peripheral T-cell lymphoma"
SYK,180973,Tamoxifen,0.00306366087984999,0.379132142245458,0.00583554033615318,0.3547515033685,"oncogene, fusion",Dom,"MDS, peripheral T-cell lymphoma"
TAF15,3088,Chlorambucil,0.00166506000808963,0.397422220507096,0.00277037861617746,0.37969125892632,"oncogene, fusion",Dom,"extraskeletal myxoid chondrosarcoma, ALL"
TAF15,63878,Cytarabine,0.000337128723134405,0.447503179709289,0.000175048335916194,0.466019153108578,"oncogene, fusion",Dom,"extraskeletal myxoid chondrosarcoma, ALL"
TAF15,82151,Daunorubicin,0.00138515881599121,0.403601015148735,3.21845299562362e-05,0.509476173774187,"oncogene, fusion",Dom,"extraskeletal myxoid chondrosarcoma, ALL"
TAF15,169780,Dexrazoxane,0.00184717878479556,0.393885041376207,0.00168722978805746,0.396973617543055,"oncogene, fusion",Dom,"extraskeletal myxoid chondrosarcoma, ALL"
TAF15,141540,Etoposide,0.000953928722185803,0.415774414369501,0.000863266492261427,0.418958165818136,"oncogene, fusion",Dom,"extraskeletal myxoid chondrosarcoma, ALL"
TAF15,256439,Idarubicin,0.000351102981613671,0.446320400445947,9.12863014455034e-05,0.48342411105573,"oncogene, fusion",Dom,"extraskeletal myxoid chondrosarcoma, ALL"
TAF15,109724,Ifosfamide,0.00351647949980393,0.401299058483886,0.00557144787954699,0.382744265494962,"oncogene, fusion",Dom,"extraskeletal myxoid chondrosarcoma, ALL"
TAF15,616348,Irinotecan,0.000935055595483458,0.416413969918777,0.000986141905563009,0.414708704077656,"oncogene, fusion",Dom,"extraskeletal myxoid chondrosarcoma, ALL"
TAF15,8806,Melphalan,0.003376329559583,0.372531786976295,0.00621499579180739,0.349386544159493,"oncogene, fusion",Dom,"extraskeletal myxoid chondrosarcoma, ALL"
TAF15,740,Methotrexate,0.00232285863277703,0.385937456373652,0.000453632575471818,0.438758660592031,"oncogene, fusion",Dom,"extraskeletal myxoid chondrosarcoma, ALL"
TAF15,26980,Mitomycin,0.000453024299172266,0.438798722395919,0.000103662840374552,0.480097809068661,"oncogene, fusion",Dom,"extraskeletal myxoid chondrosarcoma, ALL"
TAF15,279836,Mitoxantrone,0.00306804718963937,0.376017158079406,0.000450202862034565,0.438985187095662,"oncogene, fusion",Dom,"extraskeletal myxoid chondrosarcoma, ALL"
TAF15,762,Nitrogen mustard,0.00461489884180066,0.360886617685552,0.00503951788296097,0.357528938865298,"oncogene, fusion",Dom,"extraskeletal myxoid chondrosarcoma, ALL"
TAF15,266046,Oxaliplatin,0.000130755553214623,0.514805266737283,1.22362725192282e-05,0.575627327703208,"oncogene, fusion",Dom,"extraskeletal myxoid chondrosarcoma, ALL"
TAF15,25154,Pipobroman,0.00240890299367579,0.384657779602644,0.00466571542332627,0.360470775536488,"oncogene, fusion",Dom,"extraskeletal myxoid chondrosarcoma, ALL"
TAF15,122819,Teniposide,0.0060733777605928,0.350291967818788,0.00383286171972074,0.367856499495961,"oncogene, fusion",Dom,"extraskeletal myxoid chondrosarcoma, ALL"
TAF15,6396,Thiotepa,0.000477823936657406,0.437203667829565,0.000359121494553971,0.445660933802981,"oncogene, fusion",Dom,"extraskeletal myxoid chondrosarcoma, ALL"
TAF15,609699,Topotecan,0.000504467801259567,0.435571684260403,0.00015860759606312,0.468716568611775,"oncogene, fusion",Dom,"extraskeletal myxoid chondrosarcoma, ALL"
TAF15,9706,Triethylenemelamine,0.000233780116035475,0.457974976042851,7.83936126600437e-05,0.487362967944111,"oncogene, fusion",Dom,"extraskeletal myxoid chondrosarcoma, ALL"
TAF15,75520,Trifluridine,0.00460804152405636,0.363902828328191,0.000751495920103595,0.426695707514186,"oncogene, fusion",Dom,"extraskeletal myxoid chondrosarcoma, ALL"
TAF15,34462,Uracil mustard,0.000893479067406666,0.417865000843452,0.000394669384402135,0.442889892708443,"oncogene, fusion",Dom,"extraskeletal myxoid chondrosarcoma, ALL"
TAF15,246131,Valrubicin,1.34554868920222e-05,0.537695582403168,1.05917187465109e-06,0.590620338099778,"oncogene, fusion",Dom,"extraskeletal myxoid chondrosarcoma, ALL"
TAL1,26271,Cyclophosphamide,0.00132990820301714,0.454515697729103,0.00537958042556652,0.399686641802799,"oncogene, fusion",Dom,lymphoblastic leukaemia/biphasic
TAL2,109724,Ifosfamide,0.00302844212461428,0.407105981694845,0.00968897570003912,0.358954635174246,"oncogene, fusion",Dom,T-ALL
TBL1XR1,721517,Zoledronate,0.00107654910811283,0.418550857095259,0.00189756807320318,0.399390383981719,"oncogene, TSG, fusion",Rec,"splenic marginal zone lymphoma, primary central nervous system lymphoma, colorectal carcinoma, gallbladder carcinoma"
TCEA1,732517,Dasatinib,0.00748398158741303,0.344819274230763,0.00622795396788777,0.352183062148128,fusion,Dom,salivary adenoma
TCEA1,38721,Mitotane,0.0132402919292058,0.374929913979227,0.0150714389906514,0.368387273869241,fusion,Dom,salivary adenoma
TCF12,409962,Carmustine,0.00902068702698177,0.334383060685079,0.00164312937304034,0.397871279963627,fusion,Dom,extraskeletal myxoid chondrosarcoma
TCF12,256942,Epirubicin,0.00757980283989523,0.350165035158259,0.00709399607856608,0.352883026703241,fusion,Dom,extraskeletal myxoid chondrosarcoma
TCF12,246131,Valrubicin,0.00415094343725241,0.370930672726266,0.00769547217446064,0.346576838847445,fusion,Dom,extraskeletal myxoid chondrosarcoma
TCF3,628503,Docetaxel,0.00499270351264158,0.394828129834047,0.0169062452607973,0.339798341720485,"oncogene, TSG, fusion",Dom,pre B-ALL
TCF3,616348,Irinotecan,0.00389526782118743,0.367256205670254,0.0087760698930388,0.335514798998383,"oncogene, TSG, fusion",Dom,pre B-ALL
TCF3,266046,Oxaliplatin,0.00698225846103195,0.376864010424772,0.00484746276916991,0.392205360167997,"oncogene, TSG, fusion",Dom,pre B-ALL
TEC,1390,Allopurinol,5.7852944464809e-05,0.49885077251954,9.86893453731596e-05,0.48508673850091,"oncogene, fusion",,myxoid chondrosarcoma
TERT,26271,Cyclophosphamide,0.00394268819823762,0.412680857613267,0.0085833167339695,0.379144134106371,"oncogene, TSG",Dom,"melanoma, glioblastoma, hepatocellular carcinoma, bladder, skin basal cell, skin squamous cell, mesothelioma, medulloblastoma, other tumour types"
TERT,63878,Cytarabine,7.51080323158071e-05,0.488461973963647,0.000195210748296759,0.463011344809043,"oncogene, TSG",Dom,"melanoma, glioblastoma, hepatocellular carcinoma, bladder, skin basal cell, skin squamous cell, mesothelioma, medulloblastoma, other tumour types"
TERT,82151,Daunorubicin,0.0036205675990133,0.369965484360192,0.00329201890346575,0.37345597824337,"oncogene, TSG",Dom,"melanoma, glioblastoma, hepatocellular carcinoma, bladder, skin basal cell, skin squamous cell, mesothelioma, medulloblastoma, other tumour types"
TERT,628503,Docetaxel,0.00554633239759372,0.390428727826471,0.000807588598823239,0.463030532557746,"oncogene, TSG",Dom,"melanoma, glioblastoma, hepatocellular carcinoma, bladder, skin basal cell, skin squamous cell, mesothelioma, medulloblastoma, other tumour types"
TERT,19893,Fluorouracil,0.00130079235284519,0.405684145853014,0.00014828616819118,0.470544103390375,"oncogene, TSG",Dom,"melanoma, glioblastoma, hepatocellular carcinoma, bladder, skin basal cell, skin squamous cell, mesothelioma, medulloblastoma, other tumour types"
TERT,613327,Gemcitabine,0.00495451927106804,0.358180569866512,0.00340589179276706,0.372212574708477,"oncogene, TSG",Dom,"melanoma, glioblastoma, hepatocellular carcinoma, bladder, skin basal cell, skin squamous cell, mesothelioma, medulloblastoma, other tumour types"
TERT,32065,Hydroxyurea,0.000131626245749139,0.473755863752705,0.00102721570658115,0.413394473908561,"oncogene, TSG",Dom,"melanoma, glioblastoma, hepatocellular carcinoma, bladder, skin basal cell, skin squamous cell, mesothelioma, medulloblastoma, other tumour types"
TERT,616348,Irinotecan,0.00119441345759385,0.408491223811337,0.000990162727882104,0.414577893963326,"oncogene, TSG",Dom,"melanoma, glioblastoma, hepatocellular carcinoma, bladder, skin basal cell, skin squamous cell, mesothelioma, medulloblastoma, other tumour types"
TERT,755,Mercaptopurine,0.00525947601105603,0.355886510113268,0.000768686852411715,0.422618965938129,"oncogene, TSG",Dom,"melanoma, glioblastoma, hepatocellular carcinoma, bladder, skin basal cell, skin squamous cell, mesothelioma, medulloblastoma, other tumour types"
TERT,740,Methotrexate,6.42613832324556e-06,0.545962510352519,5.32052747637124e-07,0.59507466986312,"oncogene, TSG",Dom,"melanoma, glioblastoma, hepatocellular carcinoma, bladder, skin basal cell, skin squamous cell, mesothelioma, medulloblastoma, other tumour types"
TERT,266046,Oxaliplatin,0.00938444235465185,0.363887739009397,0.00834308677591133,0.369111080797783,"oncogene, TSG",Dom,"melanoma, glioblastoma, hepatocellular carcinoma, bladder, skin basal cell, skin squamous cell, mesothelioma, medulloblastoma, other tumour types"
TERT,125973,Paclitaxel,0.00558750047231382,0.353546017652415,0.00112996117293961,0.410303435111766,"oncogene, TSG",Dom,"melanoma, glioblastoma, hepatocellular carcinoma, bladder, skin basal cell, skin squamous cell, mesothelioma, medulloblastoma, other tumour types"
TERT,755384,Pemetrexed,0.00523566221291327,0.35898723600506,0.000357857329766231,0.449265916970231,"oncogene, TSG",Dom,"melanoma, glioblastoma, hepatocellular carcinoma, bladder, skin basal cell, skin squamous cell, mesothelioma, medulloblastoma, other tumour types"
TERT,25154,Pipobroman,0.00589524879771818,0.351457492262447,0.00160970941572347,0.398566034886939,"oncogene, TSG",Dom,"melanoma, glioblastoma, hepatocellular carcinoma, bladder, skin basal cell, skin squamous cell, mesothelioma, medulloblastoma, other tumour types"
TERT,754230,Pralatrexate,0.00186397445891728,0.403350353511136,0.00064212105517547,0.438656432556683,"oncogene, TSG",Dom,"melanoma, glioblastoma, hepatocellular carcinoma, bladder, skin basal cell, skin squamous cell, mesothelioma, medulloblastoma, other tumour types"
TERT,752,Tioguanine,0.00201516991024552,0.390888832729819,0.00254021848463148,0.38278124142607,"oncogene, TSG",Dom,"melanoma, glioblastoma, hepatocellular carcinoma, bladder, skin basal cell, skin squamous cell, mesothelioma, medulloblastoma, other tumour types"
TERT,75520,Trifluridine,0.00273367301692273,0.383259105977076,0.00254292085460372,0.385851496547458,"oncogene, TSG",Dom,"melanoma, glioblastoma, hepatocellular carcinoma, bladder, skin basal cell, skin squamous cell, mesothelioma, medulloblastoma, other tumour types"
TET1,92859,Arsenic trioxide,0.00125154571719132,0.410222632432002,0.00378846899919915,0.371299140342408,"oncogene, TSG, fusion",Dom,AML
TET1,241240,Carboplatin,0.00287037491583119,0.378419461385859,0.00133927947931633,0.404719234205878,"oncogene, TSG, fusion",Dom,AML
TET1,119875,Cisplatin,0.00490094820878472,0.358596341085872,0.00065649231194631,0.427531399520393,"oncogene, TSG, fusion",Dom,AML
TFE3,811429,Pralsetinib,0.000769586326390125,0.429390203160439,0.000168288149346773,0.474428191789926,"oncogene, fusion",Dom,"papillary renal, alveolar soft part sarcoma, renal"
TFE3,818434,Selpercatinib,0.000616606311058198,0.436355151699076,0.00069869015163726,0.432445731461434,"oncogene, fusion",Dom,"papillary renal, alveolar soft part sarcoma, renal"
TFG,702294,Estramustine,0.0113761048305676,0.351716876697495,0.00285451611407516,0.409376842257708,fusion,Dom,"papillary thyroid, ALCL, NSCLC, extraskeletal myxoid chondrosarcoma"
TFRC,747599,Nilotinib,0.00458265128781487,0.364113842328512,0.00122787810479341,0.410854413441568,fusion,Dom,NHL
TFRC,180973,Tamoxifen,0.00369165134058602,0.372264291214513,0.00462965053525765,0.363724045099768,fusion,Dom,NHL
THRAP3,409962,Carmustine,0.00338702111111421,0.375454516710263,0.00630621546346121,0.35168785995863,fusion,Dom,aneurysmal bone cyst
THRAP3,79037,Lomustine,0.00354060247142973,0.376918303690889,0.00708509382534394,0.349946164778567,fusion,Dom,aneurysmal bone cyst
TMEM127,749226,Abiraterone,0.0193738974952708,0.368288828230449,0.0311957637917421,0.341190044190824,TSG,Rec,
TMEM127,829498,Fruquintinib,0.00294826575908402,0.38690467907862,0.00575249879219308,0.361336020229021,TSG,Rec,
TNC,761431,Vemurafenib,0.00160044604109188,0.401974038332153,0.00864832311943963,0.33890131526504,oncogene,,"SCC, melanoma"
TNFRSF14,764042,Binimetinib,7.83923223579563e-06,0.545663415449039,5.94152347881404e-05,0.49817780497132,TSG,Rec,follicular lymphoma
TNFRSF14,768068,Cobimetinib,9.90174930270981e-06,0.544584364345874,4.44628252882495e-07,0.606755590853053,TSG,Rec,follicular lymphoma
TNFRSF14,764134,Dabrafenib,2.87665447018525e-11,0.773434106283873,1.81981553182275e-06,0.612066219092247,TSG,Rec,follicular lymphoma
TNFRSF14,778304,Encorafenib,5.14954497710107e-07,0.612862933177561,0.000614392343298408,0.443701612815951,TSG,Rec,follicular lymphoma
TNFRSF14,758254,Ixazomib,0.00625726239884283,0.351996976915385,0.00173517011538315,0.399216708455971,TSG,Rec,follicular lymphoma
TNFRSF14,741078,Selumetinib,1.3301008205957e-07,0.623486809761705,1.78376103621147e-06,0.576310865687914,TSG,Rec,follicular lymphoma
TNFRSF14,758246,Trametinib,0.000437201058120173,0.443325791465932,0.000176644986522145,0.469384593206907,TSG,Rec,follicular lymphoma
TNFRSF14,761431,Vemurafenib,8.30668867024542e-13,0.771844023627453,0.000181096326392182,0.468696114671089,TSG,Rec,follicular lymphoma
TNFRSF14,766270,Venetoclax,0.00460454745782845,0.366965624863748,3.2110763288351e-06,0.568644343234622,TSG,Rec,follicular lymphoma
TNFRSF17,758247,Palbociclib,0.00931435078330489,0.335821627944861,0.0027582365435772,0.382937060852927,"oncogene, fusion",Dom,intestinal T-cell lymphoma
TOP1,776422,Ceritinib,0.00106932118870717,0.418771964783174,0.00141287676321111,0.409500668454586,fusion,Dom,AML*
TOP1,755,Mercaptopurine,0.00118986185310721,0.408616278033902,0.00177497609096577,0.39524835107528,fusion,Dom,AML*
TOP1,740,Methotrexate,0.00193741562530247,0.392246704328441,0.000717552212382788,0.424771409446877,fusion,Dom,AML*
TOP1,758247,Palbociclib,0.00304032620978667,0.379410666050859,0.00182047328788748,0.397568356962424,fusion,Dom,AML*
TOP1,752,Tioguanine,0.00252265784178717,0.383027111773519,0.00246749666556667,0.383809476211373,fusion,Dom,AML*
TPM3,757439,Neratinib,0.00124397314747115,0.41719947928652,0.000779678979133891,0.432502512820028,"TSG, fusion",Dom,"papillary thyroid, ALCL, NSCLC, Spitzoid tumour"
TPM4,749226,Abiraterone,0.00405540439975737,0.444535135246444,0.00599517751055245,0.427021005306625,fusion,Dom,ALCL
TPM4,829498,Fruquintinib,0.00269416010803391,0.390203551587823,0.00109196923398835,0.421540804116304,fusion,Dom,ALCL
TPM4,816556,Pemigatinib,0.0088860570617697,0.34654117342544,0.00516787934216478,0.368732271139025,fusion,Dom,ALCL
TPM4,811429,Pralsetinib,0.00579907331179718,0.357968530170961,0.00091062431817912,0.424000985205855,fusion,Dom,ALCL
TPM4,818434,Selpercatinib,0.00199426035855454,0.39765549483328,6.80876108307693e-05,0.498548758386468,fusion,Dom,ALCL
TRAF7,764134,Dabrafenib,0.00266237153598192,0.4120325061984,0.00539647165320245,0.384065050745806,TSG,Dom,meningioma
TRAF7,19893,Fluorouracil,0.00369918330873408,0.36917203774468,0.00218395405918525,0.388095372819345,TSG,Dom,meningioma
TRAF7,701852,Vorinostat,0.000506471127605934,0.438893423940736,0.000226273874520899,0.462469132638911,TSG,Dom,meningioma
TRIM24,92859,Arsenic trioxide,0.000574684324895269,0.435036919843484,0.00234740701112401,0.388694853631742,"oncogene, TSG, fusion",Dom,APL
TRIM24,409962,Carmustine,0.000126900127389362,0.474734956921909,6.25886770713179e-05,0.493101008483006,"oncogene, TSG, fusion",Dom,APL
TRIM24,756645,Crizotinib,0.00198276793210938,0.394614423578607,0.000232633875086651,0.46168571197786,"oncogene, TSG, fusion",Dom,APL
TRIM24,825331,Darolutamide,0.000142973235561338,0.475177009798945,0.00409821567895907,0.368351392050899,"oncogene, TSG, fusion",Dom,APL
TRIM24,169780,Dexrazoxane,0.00385969157393795,0.367597367371349,0.00178980840207509,0.394964292504937,"oncogene, TSG, fusion",Dom,APL
TRIM24,79037,Lomustine,0.00316503323557615,0.377943595820054,0.00238193766138206,0.388177701331393,"oncogene, TSG, fusion",Dom,APL
TRIM24,747599,Nilotinib,0.00357393520930582,0.373468413307159,0.0042780632206425,0.366729016291679,"oncogene, TSG, fusion",Dom,APL
TRIM24,758247,Palbociclib,0.00539625761935469,0.357813094453309,0.00425319864418272,0.366949686995001,"oncogene, TSG, fusion",Dom,APL
TRIM24,747974,Raloxifene,0.000900896917108706,0.420934315816536,0.000144970616050343,0.474800169965101,"oncogene, TSG, fusion",Dom,APL
TRIM24,778909,Ribociclib,0.00227922425802784,0.40307538984152,0.000993022177565361,0.431888295311165,"oncogene, TSG, fusion",Dom,APL
TRIM24,816987,Trilaciclib,0.000297133424794537,0.462007015848086,0.000515950666243325,0.445456462250491,"oncogene, TSG, fusion",Dom,APL
TRIM27,1390,Allopurinol,0.00782115140026817,0.343027414639865,0.0054507637547756,0.357421565652083,"oncogene, fusion",Dom,papillary thyroid
TRIM27,45388,Dacarbazine,0.00027395458765822,0.453480007760997,0.000143047746321789,0.471516703852116,"oncogene, fusion",Dom,papillary thyroid
TRIM27,755,Mercaptopurine,0.000439364157952981,0.439711518429815,0.000123838277672483,0.475387288399599,"oncogene, fusion",Dom,papillary thyroid
TRIM27,747599,Nilotinib,0.000269148635682059,0.457533857950389,0.000853681528291794,0.42265540683242,"oncogene, fusion",Dom,papillary thyroid
TRIM27,752,Tioguanine,0.00227935002088441,0.386600700557037,0.000879886800124296,0.41835260697169,"oncogene, fusion",Dom,papillary thyroid
TRIM27,701852,Vorinostat,0.00175050456666481,0.39891512562267,0.00402078018922669,0.369069363418439,"oncogene, fusion",Dom,papillary thyroid
TRRAP,747974,Raloxifene,0.00137284077449795,0.407144121674881,0.00855203767527013,0.339363474876113,oncogene,Dom,melanoma
TSC1,758774,Belinostat,0.00429866309443305,0.369599167607716,0.00876274718462299,0.341208681703927,TSG,Rec,"renal cell carcinoma, bladder carcinoma"
U2AF1,409962,Carmustine,0.00183422754083006,0.394126032104017,0.00303474423442073,0.376412070703037,oncogene,Dom,"CLL, MDS"
U2AF1,45388,Dacarbazine,0.000129440077178522,0.474204685556098,3.43748781761465e-05,0.507891961121235,oncogene,Dom,"CLL, MDS"
U2AF1,755,Mercaptopurine,3.35213697133518e-06,0.559573525823669,8.16691725802343e-07,0.587176104230298,oncogene,Dom,"CLL, MDS"
U2AF1,752,Tioguanine,2.8268229064654e-05,0.512575271454962,1.72996753655674e-05,0.524038468823247,oncogene,Dom,"CLL, MDS"
USP8,3053,Actinomycin D,0.00310637242568034,0.375567373554,0.0056205250339465,0.353317124853922,oncogene,Dom,corticotroph adenoma
USP8,758253,Homoharringtonine,0.000662946642737249,0.430620689417515,0.0080452532705233,0.341873357233528,oncogene,Dom,corticotroph adenoma
VAV1,26271,Cyclophosphamide,0.000272924227159521,0.507346251466555,0.00416727529633043,0.410401009624223,fusion,,T-cell lymphoma
VAV1,825331,Darolutamide,4.77129729059555e-08,0.640178524782811,0.00513577137785525,0.359733629705468,fusion,,T-cell lymphoma
VAV1,701852,Vorinostat,0.00125491252197673,0.410133633088477,0.00408313548581085,0.368490268437209,fusion,,T-cell lymphoma
WAS,719627,Celecoxib,0.00766127817610451,0.349724155574008,0.00977874525114819,0.339492675566258,oncogene,Rec/X,
WAS,26271,Cyclophosphamide,1.68652459930918e-05,0.583289704919487,0.0123087026303605,0.362378320922067,oncogene,Rec/X,
WAS,141540,Etoposide,4.51579589499928e-07,0.598042506488834,0.000803083526544234,0.42124277716905,oncogene,Rec/X,
WAS,32065,Hydroxyurea,1.90483029349763e-09,0.682491182884919,0.00228376373037053,0.3865329059008,oncogene,Rec/X,
WAS,767125,Talazoparib,0.00842078829108183,0.342863582028212,0.00638269842537075,0.354152764017826,oncogene,Rec/X,
WAS,122819,Teniposide,9.2381304288569e-06,0.538103741391584,0.000276224528973578,0.453244408967046,oncogene,Rec/X,
WAS,816987,Trilaciclib,1.10416231760002e-05,0.546281063764206,0.00746205933023036,0.350809524189555,oncogene,Rec/X,
WAS,246131,Valrubicin,2.84200930065203e-05,0.520239438365108,0.00301547233998467,0.382852396661814,oncogene,Rec/X,
WIF1,765888,Dacomitinib,0.00248632268041859,0.389844059335816,0.00144923876858804,0.408641840164734,"TSG, fusion",Dom,pleomorphic salivary gland adenoma
WIF1,761910,Ibrutinib,0.00279594450642717,0.382447609715889,0.000118760213366986,0.48017538316379,"TSG, fusion",Dom,pleomorphic salivary gland adenoma
WIF1,761385,Sonidegib,0.00347645899662651,0.374492374932449,0.0025837820023884,0.38528195564093,"TSG, fusion",Dom,pleomorphic salivary gland adenoma
WRN,747973,Ixabepilone,0.00466585357052773,0.382829903558511,0.00455008292130232,0.383832275674226,TSG,Rec,
WT1,26271,Cyclophosphamide,0.000457035629937596,0.49106166891444,0.00682419173254156,0.389386500095272,"oncogene, TSG, fusion",Rec,"Wilms tumour, desmoplastic small round cell tumour"
WT1,109724,Ifosfamide,0.000350509269466225,0.481223369538867,0.000317874438035437,0.484217674781194,"oncogene, TSG, fusion",Rec,"Wilms tumour, desmoplastic small round cell tumour"
WWTR1,778304,Encorafenib,0.00562755045880836,0.365342906843259,0.00824175128614057,0.349715677833803,"oncogene, fusion",Dom,epithelioid haemangioendothelioma
WWTR1,761431,Vemurafenib,0.00934640057900404,0.33567831297178,0.0040879728239771,0.36844567118254,"oncogene, fusion",Dom,epithelioid haemangioendothelioma
XPA,169780,Dexrazoxane,0.000846738681500536,0.419570883727072,0.00770860232731585,0.340799825428373,TSG,Rec,
XPO1,82151,Daunorubicin,0.00833208583160027,0.337640962404638,0.00813103328189268,0.338636397862468,oncogene,Dom,CLL
XPO1,740,Methotrexate,0.00163965560426637,0.39794290216907,0.000362737690978942,0.445367902994851,oncogene,Dom,CLL
XPO1,26980,Mitomycin,0.00901265319481758,0.334419803460866,0.00834548450846939,0.337575370382338,oncogene,Dom,CLL
XPO1,49842,Vinblastine,0.000819703684397765,0.420596802519155,0.00223361591758619,0.387310156298509,oncogene,Dom,CLL
YWHAE,606869,Clofarabine,0.000884285704432663,0.421530344520767,0.00152569664979251,0.403594914683557,"TSG, fusion",Dom,endometrial stromal sarcoma
YWHAE,740,Methotrexate,0.00125185155190754,0.406948896494628,0.00477062533700056,0.359624756213742,"TSG, fusion",Dom,endometrial stromal sarcoma
ZCCHC8,169780,Dexrazoxane,0.00651480530647541,0.34752790766986,0.000345588795002349,0.446781909278854,fusion,Dom,Spitzoid tumour
ZCCHC8,19893,Fluorouracil,0.00223558363974807,0.387279366130631,0.000318855489171765,0.449119104647448,fusion,Dom,Spitzoid tumour
ZCCHC8,256439,Idarubicin,0.00372280282000314,0.368936568700869,0.00303416807932999,0.376418936658678,fusion,Dom,Spitzoid tumour
ZCCHC8,762,Nitrogen mustard,0.00246577647555845,0.383834123678824,0.00115013986746292,0.409726278791868,fusion,Dom,Spitzoid tumour
ZCCHC8,266046,Oxaliplatin,0.0151126710708568,0.341832066609515,0.00285319120384852,0.413292995231033,fusion,Dom,Spitzoid tumour
ZCCHC8,758247,Palbociclib,0.000966360239628816,0.418677989476679,0.000122773692933453,0.479285707992854,fusion,Dom,Spitzoid tumour
ZCCHC8,800405,umbralisib,0.00778472662807305,0.343217708197433,0.00925647773826621,0.336081503348771,fusion,Dom,Spitzoid tumour
ZEB1,125066,Bleomycin,0.00315862574284597,0.374962001208821,0.00180778844396267,0.394622761921092,oncogene,,"CCRCC, melanoma"
ZEB1,409962,Carmustine,0.00474610720523793,0.359820997311178,0.00307535816735216,0.3759309729488,oncogene,,"CCRCC, melanoma"
ZEB1,3088,Chlorambucil,0.00786004117094885,0.340012621595421,0.00404778292745255,0.36582417715773,oncogene,,"CCRCC, melanoma"
ZEB1,256942,Epirubicin,0.00125936534866788,0.41678685551857,0.00576093704643776,0.361277672298294,oncogene,,"CCRCC, melanoma"
ZEB1,141540,Etoposide,0.00339629559074383,0.372315924106166,0.00198691014795038,0.391376845867586,oncogene,,"CCRCC, melanoma"
ZEB1,109724,Ifosfamide,0.00730218057058795,0.37132900137571,0.0157937228395947,0.336403133024747,oncogene,,"CCRCC, melanoma"
ZEB1,279836,Mitoxantrone,3.25118170039218e-05,0.509233236284754,6.96472120664815e-06,0.544236909459302,oncogene,,"CCRCC, melanoma"
ZEB1,811429,Pralsetinib,0.00536513175738173,0.361030531057009,0.00340230190328538,0.378401243231227,oncogene,,"CCRCC, melanoma"
ZEB1,818434,Selpercatinib,0.000690818304781792,0.432802094418692,0.000427855077397509,0.447525965553403,oncogene,,"CCRCC, melanoma"
ZEB1,122819,Teniposide,0.00332762808792486,0.37306310859743,0.000574951962338587,0.431604398256583,oncogene,,"CCRCC, melanoma"
ZEB1,34462,Uracil mustard,0.00764651180810838,0.341126487889904,0.00346314758113441,0.371601250756973,oncogene,,"CCRCC, melanoma"
ZEB1,246131,Valrubicin,0.00387050984221204,0.37357783335479,0.00689667527032611,0.351037485184466,oncogene,,"CCRCC, melanoma"
ZMYM2,19893,Fluorouracil,0.000806313176445305,0.421116311070878,0.00125551619391517,0.406852667438639,fusion,Dom,"MPN, NHL"
ZMYM2,762,Nitrogen mustard,0.00085270927239156,0.419348306430701,0.000119250625755462,0.476392946102075,fusion,Dom,"MPN, NHL"
ZMYM3,92859,Arsenic trioxide,0.00811357727885031,0.341527081778723,0.00120248123872279,0.411544646974296,TSG,,"CRC, breast cancer"
ZMYM3,79037,Lomustine,0.0051294823087864,0.359781048225802,0.0076592493293226,0.343879237817908,TSG,,"CRC, breast cancer"
ZMYM3,740,Methotrexate,0.00112239250650758,0.410522310752713,0.00101269736700038,0.413853512673725,TSG,,"CRC, breast cancer"
ZMYM3,266046,Oxaliplatin,0.00716455163425022,0.375753058859346,0.0105840104331838,0.358458399297242,TSG,,"CRC, breast cancer"
ZMYM3,818433,Sotorasib,0.00275931851806476,0.382922934115995,0.00404634152697558,0.368831021761927,TSG,,"CRC, breast cancer"
ZNF384,740,Methotrexate,0.000367396017893595,0.44499431992879,0.00331926001822457,0.373155095656611,fusion,Dom,ALL
ZNF521,757441,Axitinib,0.00474672718237401,0.365793651672742,0.00466846394978826,0.366434880487848,"oncogene, fusion",Dom,ALL
ZNF521,761068,Cabozantinib,0.00210488915582063,0.392530924844813,0.00573331105624674,0.355445459100687,"oncogene, fusion",Dom,ALL
ZNF521,409962,Carmustine,0.000515000513336749,0.434948042883686,0.000916855155554063,0.417041855709974,"oncogene, fusion",Dom,ALL
ZNF521,756645,Crizotinib,0.00129020915799404,0.4092132835215,0.00543997432255194,0.357498794444215,"oncogene, fusion",Dom,ALL
ZNF521,109724,Ifosfamide,0.0055004149016955,0.3832760136178,0.00534751091554985,0.384441328451635,"oncogene, fusion",Dom,ALL
ZNF521,79037,Lomustine,0.000756683338564823,0.42647897567248,0.00617278399282272,0.352535439028668,"oncogene, fusion",Dom,ALL
ZNF521,752,Tioguanine,0.00187380880404353,0.393394234661887,0.00567251566610016,0.35295916123794,"oncogene, fusion",Dom,ALL
ZRSR2,92859,Arsenic trioxide,0.00389500249035035,0.370262024020112,0.00533409006023943,0.358263921781899,TSG,Rec,"MDS, CLL"
ZRSR2,409962,Carmustine,0.00786453498843919,0.339989464801068,0.00336400194935615,0.372665632766099,TSG,Rec,"MDS, CLL"
ZRSR2,702294,Estramustine,0.0129023616406804,0.345925887702417,0.003358576986626,0.403095515443976,TSG,Rec,"MDS, CLL"
ZRSR2,79037,Lomustine,0.00150818330698365,0.40398495122101,0.000844622160497188,0.422995428262671,TSG,Rec,"MDS, CLL"
