draw,weight_G,weight_R,weight_P,weight_L,weight_S,spearman_vs_locked_ADRS_rank,top20_jaccard_vs_locked,CDK46_mean_rank,Abemaciclib_rank,Palbociclib_rank,Ribociclib_rank
1,0.028946653918,0.00361791338771,0.163421358066,0.140250903012,0.663763171617,0.998389970181,1,27.3333333333,8,26,48
2,0.12314761531,0.193064413943,0.190454377259,0.211636625188,0.281696968301,0.998866310364,1,28,8,27,49
3,0.332492227258,0.061057426641,0.211203805288,0.210464872896,0.184781667917,0.999466498995,1,28.6666666667,8,27,51
4,0.0427748798334,0.0418221259965,0.531256810659,0.326476881771,0.0576693017406,0.997265807349,1,29,8,30,49
5,0.60161223011,0.250191457518,0.0562769955109,0.0382281887639,0.0536911280975,0.997932683605,0.904761904762,27.6666666667,8,25,50
6,0.07480977789,0.0785694305346,0.417227172805,0.194177868539,0.235215750231,0.998599559862,1,28,8,27,49
7,0.436530463834,0.108697860166,0.0283468543017,0.352718380285,0.0737064414129,0.999371230958,1,28.3333333333,8,27,50
8,0.477438344521,0.139772106547,0.251016109378,0.0025141098272,0.129259329726,0.999495079406,1,27.6666666667,7,26,50
9,0.0861105014081,0.0399737737285,0.0186703983462,0.448190436951,0.407054889567,0.997761201139,1,28,9,27,48
10,0.144251936857,0.13826975691,0.103970746981,0.0766322637365,0.536875295516,0.998961578401,1,28,7,26,51
11,0.0719528734207,0.651928556002,0.0628446820736,0.0551017197655,0.158172168738,0.99903779283,1,28.3333333333,8,26,51
12,0.108442136973,0.356777201369,0.0153135813655,0.168128169243,0.35133891105,0.999047319634,1,28.3333333333,8,26,51
13,0.374315280741,0.250396592409,0.0460652059852,0.112252824167,0.216970096697,0.999352177351,1,28,8,26,50
14,0.222629026232,0.0269286652156,0.212554591802,0.0681641926907,0.469723524059,0.999237855707,1,27.3333333333,7,26,49
15,0.0970420873959,0.0130708062788,0.219439802234,0.277155254392,0.393292049699,0.99846618461,1,28,8,27,49
16,0.219221896613,0.506401572252,0.00848785982168,0.26433861049,0.00155006082343,0.99893299799,1,29,9,27,51
17,0.140259256498,0.35286268253,0.0850291706296,0.0307474505789,0.391101439764,0.999056846437,1,28,7,26,51
18,0.0158598454778,0.0768488604604,0.845387583976,0.0584723728463,0.00343133723987,0.997665933103,1,28.6666666667,8,29,49
19,0.256248457606,0.18534849989,0.228756626406,0.221927563771,0.107718852328,0.998913944383,1,28.3333333333,8,27,50
20,0.0148635041068,0.175291506793,0.227799768913,0.145888096091,0.436157124096,0.998428077396,1,28,8,27,49
21,0.184246197999,0.0738018633725,0.125228479517,0.464424276227,0.152299182884,0.998351862966,1,28.3333333333,8,28,49
22,0.315003475321,0.0660702770718,0.00522985078647,0.00069649357614,0.612999903245,0.99882820315,1,27.3333333333,7,25,50
23,0.173490670481,0.356172966345,0.232742094957,0.195276572244,0.0423176959723,0.999104480456,1,28,8,27,49
24,0.136102194501,0.408753763387,0.139642006548,0.0814697487739,0.234032286791,0.999399811369,1,28,8,26,50
25,0.488927476832,0.376398776574,0.0255692094002,0.0915931142928,0.0175114229007,0.99846618461,0.904761904762,27.6666666667,8,25,50
26,0.145405121086,0.359355448056,0.124542231723,0.12752355695,0.243173642184,0.9992188021,1,28.3333333333,8,27,50
27,0.0811438932409,0.0668976362799,0.339763378665,0.293378769223,0.218816322592,0.998399496985,1,28.3333333333,8,28,49
28,0.288266786833,0.276190137234,0.400798887527,0.0162348883804,0.0185093000263,0.999514133013,1,28.3333333333,8,27,50
29,0.226153641878,0.175466637598,0.135887541743,0.233794870575,0.228697308206,0.999237855707,1,28.6666666667,8,27,51
30,0.188253003283,0.254731684507,0.0242127140434,0.0684453933738,0.464357204793,0.998990158812,1,28,7,26,51
31,0.400371747899,0.206977995868,0.188296800431,0.132893853792,0.071459602009,0.999904731963,1,27.6666666667,7,26,50
32,0.0532669985389,0.428189912864,0.162370769789,0.17215259602,0.184019722788,0.998885363972,1,28,8,27,49
33,0.207575889718,0.304076151732,0.161442342538,0.143595201005,0.183310415007,0.999285489725,1,28.6666666667,8,27,51
34,0.0403184968632,0.338341861176,0.426148150523,0.125446564943,0.0697449264957,0.998713881506,1,28,8,27,49
35,0.0398970421606,0.221859101292,0.597104190937,0.131725140546,0.00941452506443,0.998409023788,1,28.6666666667,8,29,49
36,0.135381935818,0.0175784485941,0.161956179109,0.531787630253,0.153295806227,0.997465870226,0.904761904762,28.3333333333,8,29,48
37,0.0462860368727,0.600510982814,0.112336173514,0.0771585603081,0.163708246491,0.999123534063,1,28.3333333333,8,27,50
38,0.100227381939,0.0130189309324,0.732553973997,0.112253331551,0.0419463815804,0.998228014519,1,28.3333333333,8,28,49
39,0.0885210328379,0.227079865144,0.272261971906,0.0111882562274,0.400948873885,0.998971105204,1,27.6666666667,8,26,49
40,0.00199451858806,0.311095515084,0.0762073659009,0.115271137972,0.495431462455,0.998580506254,1,27.6666666667,8,26,49
41,0.273935175002,0.247773188845,0.111058616983,0.362352860412,0.00488015875859,0.998856783561,1,28.6666666667,9,28,49
42,0.390434412754,0.00148973646339,0.043227574019,0.197952976019,0.366895300744,0.999314070136,1,28.3333333333,8,26,51
43,0.338718392948,0.264497510011,0.0727540157124,0.0470987177007,0.276931363628,0.999237855707,1,27.6666666667,8,26,49
44,0.194453717642,0.13741707652,0.156334099046,0.239082593923,0.272712512869,0.99903779283,1,28,8,27,49
45,0.385483941777,0.0456008640141,0.00893145148878,0.43201818163,0.12796556109,0.998990158812,1,28.6666666667,8,27,51
46,0.179249593255,0.0516131481177,0.298751123182,0.336348853738,0.134037281707,0.998771042328,1,28.3333333333,8,28,49
47,0.150568251595,0.00627022111863,0.624137860722,0.141480909133,0.0775427574315,0.998428077396,1,28,8,27,49
48,0.0215412839624,0.0550977352509,0.0794704291822,0.050124334341,0.793766217263,0.998475711414,1,27.3333333333,7,26,49
49,0.322655736088,0.128824515353,0.226770189507,0.00461280424683,0.317136754805,0.999523659817,1,28.3333333333,8,26,51
50,0.00353977330977,0.0720452318243,0.528248736891,0.263076116053,0.133090141923,0.997627825888,1,28.6666666667,8,29,49
51,0.433955911486,0.358183985284,0.133683891053,0.0592383873419,0.0149378248349,0.999371230958,0.904761904762,27.6666666667,7,26,50
52,0.209598734896,0.341726918288,0.215481749909,0.0889498403988,0.144242756508,0.999466498995,1,28,8,26,50
53,0.00851801528168,0.131251080778,0.294009639062,0.155547356494,0.410673908385,0.99825659493,1,28,8,27,49
54,0.215296861636,0.151643189812,0.322300012596,0.128651261058,0.182108674897,0.999028266026,1,28,8,27,49
55,0.0329246652212,0.0827681261508,0.1598044605,0.488797817923,0.235704930205,0.997208646527,1,28.3333333333,8,29,48
56,0.191188553425,0.0725134679869,0.162115098727,0.287448912042,0.28673396782,0.998790095935,1,28,8,27,49
57,0.345398516767,0.367631304767,0.0236486495482,0.208583255873,0.0547382730452,0.999190221689,1,28,8,26,50
58,0.0307928572851,0.515767509941,0.222750162286,0.102146245279,0.128543225209,0.99893299799,1,28,8,27,49
59,0.240151086123,0.152577637194,0.124931733574,0.327468426256,0.154871116854,0.998904417579,1,28,8,27,49
60,0.456225205977,0.40104772161,0.109536856601,0.00358594921907,0.0296042665926,0.998618613469,0.904761904762,28,8,25,51
61,0.26207607227,0.252042747211,0.36016778498,0.0989945082393,0.0267188873002,0.999580820639,1,28.3333333333,8,27,50
62,0.00566514791303,0.0895301953663,0.223393504192,0.161607784729,0.5198033678,0.998123219679,1,27.6666666667,8,27,48
63,0.145415080809,0.123066358471,0.0351300465054,0.142585763731,0.553802750484,0.99882820315,1,28,7,26,51
64,0.43303730342,0.0153618051926,0.116970760002,0.2135832521,0.221046879285,0.999571293835,1,28,8,26,50
65,0.304988512519,0.163642086849,0.19418835564,0.00108348422517,0.336097560767,0.999437918584,1,28.3333333333,8,26,51
66,0.185886634932,0.0315109697053,0.586729118104,0.18840138504,0.00747189221859,0.998780569131,1,28.3333333333,8,28,49
67,0.438824782553,0.239043905329,0.186692310727,0.0255683429004,0.109870658491,0.99950460621,1,27.6666666667,7,26,50
68,0.241024979112,0.146156052195,0.283970856766,0.146971175028,0.181876936899,0.99903779283,1,28,8,27,49
69,0.271577976406,0.596034657635,0.0212899384437,0.0827966427038,0.0283007848115,0.998961578401,1,28.6666666667,9,26,51
70,0.27123898928,0.347491088277,0.206320282775,0.0384127427454,0.136536896922,0.999733249497,1,28.3333333333,8,26,51
71,0.294253724231,0.0345776238462,0.0525285395399,0.373326496203,0.24531361618,0.998875837168,1,28.3333333333,8,27,50
72,0.125816440424,0.00368970956871,0.492868419987,0.103949959512,0.273675470508,0.998666247487,1,28,8,27,49
73,0.278570948954,0.106083523154,0.118434048073,0.286066075021,0.210845404798,0.9992188021,1,28.6666666667,8,27,51
74,0.232746488926,0.127920106916,0.372122149503,0.249831408929,0.0173798457258,0.999066373241,1,28.3333333333,8,28,49
75,0.275053977268,0.0541811215606,0.0668311828635,0.143627917957,0.460305800351,0.999133060867,1,28,7,26,51
76,0.193083859557,0.139678717303,0.0251618825196,0.172119553209,0.469955987411,0.999094953652,1,28,7,26,51
77,0.0475083762886,0.0845401087596,0.647651235474,0.17760073164,0.042699547838,0.998161326893,1,28.6666666667,8,29,49
78,0.0614354661241,0.16155379496,0.270943710807,0.0841004422654,0.421966585844,0.998837729953,1,27.6666666667,8,26,49
79,0.197261776624,0.258055653205,0.416754157909,0.0831663184668,0.0447620937955,0.999228328903,1,28,8,27,49
80,0.07671835187,0.0218167573411,0.328739742606,0.527990601674,0.0447345465093,0.996856154792,0.904761904762,29.3333333333,10,30,48
81,0.210596564259,0.224614374186,0.0342162869592,0.24356174511,0.287011029487,0.999209275296,1,28.3333333333,8,26,51
82,0.188244088639,0.495674296545,0.0164072856656,0.151825500168,0.147848828982,0.999104480456,1,28.3333333333,8,26,51
83,0.173214909765,0.0610138001331,0.312401444178,0.353787973487,0.0995818724372,0.998494765021,1,28.6666666667,8,29,49
84,0.331347094826,0.0861221017851,0.00594574204437,0.528568612537,0.0480164488079,0.99854239904,1,29.3333333333,11,28,49
85,0.123281966131,0.0439227816112,0.273249864418,0.00398897268154,0.555556415158,0.999104480456,1,27.3333333333,7,26,49
86,0.349147728251,0.0608950217729,0.269994538914,0.282182386281,0.03778032478,0.99914258767,1,28,8,27,49
87,0.0714346249459,0.256307891238,0.431232368289,0.199561248259,0.0414638672674,0.998666247487,1,28,8,27,49
88,0.0746400140615,0.20336193293,0.0213348642698,0.171625246289,0.52903794245,0.998551925843,1,28,8,26,50
89,0.419631497122,0.404794034035,0.128630453267,0.00532763928009,0.0416163762952,0.999066373241,0.904761904762,27.6666666667,7,26,50
90,0.392039736941,0.0095347720474,0.20128170521,0.340064514435,0.0570792713664,0.999199748492,1,28.3333333333,8,28,49
91,0.343186389859,0.0252979289823,0.00821851031823,0.180062676882,0.443234493958,0.999085426848,1,28,7,26,51
92,0.387126836393,0.177680317997,0.061495471335,0.162031028713,0.211666345562,0.999485552602,1,27.6666666667,7,26,50
93,0.110569392991,0.130696905142,0.202071116485,0.49979143979,0.0568711455921,0.997322968171,0.904761904762,29.6666666667,10,30,49
94,0.00236491192672,0.0149191239918,0.46213559105,0.48687806539,0.0337023076416,0.99612259091,0.904761904762,29.6666666667,10,30,49
95,0.000782725739631,0.426562271368,0.197830936157,0.124824823078,0.249999243657,0.998780569131,1,28,8,27,49
96,0.0794870578871,0.222486904604,0.0791888407079,0.081191323268,0.537645873533,0.998723408309,1,28,7,26,51
97,0.094536332188,0.042256613693,0.0596821248906,0.301380605831,0.502144323397,0.998247068126,1,27.6666666667,8,27,48
98,0.233125045035,0.0302189601996,0.0940840193888,0.365417245952,0.277154729425,0.998771042328,1,28,8,27,49
99,0.173678394887,0.101191046572,0.309315121381,0.153270168507,0.262545268653,0.998875837168,1,28,8,27,49
100,0.0130886207932,0.0855309476567,0.0547204624041,0.400630404142,0.446029565004,0.997904103194,1,27.6666666667,8,27,48
101,0.182119540455,0.0581408423646,0.11831282688,0.546406016681,0.09502077362,0.997761201139,0.904761904762,29.3333333333,10,29,49
102,0.203564205594,0.159893795368,0.0254699586096,0.585405177779,0.0256668626495,0.998056532053,0.904761904762,30,11,30,49
103,0.11853053979,0.341452148527,0.0487107439461,0.403787342794,0.0875192249428,0.998485238218,1,28.3333333333,8,28,49
104,0.223357100763,0.176311484601,0.164658897833,0.066618708192,0.36905380861,0.999380757762,1,28.3333333333,8,26,51
105,0.215955276226,0.375052421215,0.171541594293,0.149411574849,0.0880391334177,0.999342650547,1,28.3333333333,8,27,50
106,0.107600937349,0.0822274293936,0.11042995676,0.169013396294,0.530728280204,0.998799622739,1,27.3333333333,8,26,48
107,0.0535047273993,0.258456236478,0.0356136197359,0.269683949226,0.38274146716,0.998304228948,1,28,8,27,49
108,0.05808320298,0.119407904631,0.370331586146,0.152006007159,0.300171299084,0.998599559862,1,28,8,27,49
109,0.0612751896751,0.0230638492108,0.163791765719,0.438351824464,0.313517370931,0.997551611459,1,28.3333333333,8,29,48
110,0.316920564477,0.396386514351,0.0922267297984,0.0492142701683,0.145251921206,0.999456972191,1,28,8,26,50
111,0.212729532147,0.107782189001,0.575649706705,0.0405890747046,0.0632494974417,0.998952051597,1,28,8,27,49
112,0.133253029817,0.20204260535,0.257806265159,0.154828151298,0.252069948376,0.999094953652,1,28,8,27,49
113,0.0832053439312,0.320317448736,0.150719020679,0.189752442909,0.256005743745,0.998952051597,1,28,8,27,49
114,0.308670080268,0.520222059097,0.0363892865588,0.073850861428,0.0608677126477,0.999056846437,0.904761904762,28.6666666667,9,26,51
115,0.194424257452,0.22621635355,0.19526825194,0.133526083105,0.250565053952,0.999256909314,1,28.6666666667,8,27,51
116,0.202820706657,0.0351111685043,0.0821936213446,0.556236578332,0.123637925163,0.997885049587,0.904761904762,29.3333333333,10,29,49
117,0.183569158345,0.00559200359259,0.501664216814,0.153165584085,0.156009037163,0.998894890775,1,28,8,27,49
118,0.574068327141,0.336048828347,0.0627382336252,0.00857660054082,0.0185680103457,0.997989844427,0.904761904762,27.6666666667,8,25,50
119,0.259909049067,0.433443139698,0.0470514405841,0.0326611235716,0.22693524708,0.999171168081,1,28.3333333333,8,26,51
120,0.11725158351,0.392352585005,0.172822737489,0.060763926724,0.256809167271,0.999390284566,1,28,8,26,50
121,0.0434548270261,0.0215778378196,0.388960411696,0.106465805813,0.439541117645,0.998494765021,1,28,8,27,49
122,0.0796227092847,0.00116748781806,0.175730238743,0.179377088023,0.564102476131,0.998580506254,1,28,8,27,49
123,0.172376690051,0.0159939490703,0.377662989027,0.424343259435,0.00962311241684,0.997742147532,0.904761904762,29.3333333333,9,30,49
124,0.160783830055,0.529094357281,0.160774547969,0.0999016013511,0.0494456633434,0.999437918584,1,28.3333333333,8,26,51
125,0.274763330672,0.0882286083737,0.130048275866,0.418814288818,0.0881454962698,0.998666247487,1,28.3333333333,8,28,49
126,0.16627103474,0.0218826995897,0.121761542863,0.63605984784,0.054024874968,0.997199119723,0.904761904762,29.3333333333,10,30,48
127,0.258076741371,0.201049674088,0.115441689697,0.320460675825,0.104971219018,0.998904417579,1,28.3333333333,8,27,50
128,0.729425981355,0.106440107665,0.145057340895,0.0176913243132,0.00138524577096,0.997818361961,0.904761904762,27.3333333333,8,25,49
129,0.0671774138871,0.103275628646,0.285050748263,0.351109339546,0.193386869658,0.99778978155,1,28.3333333333,8,29,48
130,0.230492336325,0.0313441859689,0.0527521499283,0.192549562308,0.492861765469,0.998980632008,1,28,7,26,51
131,0.115091749893,0.361707362082,0.0987428837448,0.227068199876,0.197389804405,0.999104480456,1,28,8,27,49
132,0.273992379257,0.0433986984517,0.271649045495,0.224333684934,0.186626191862,0.998952051597,1,28,8,27,49
133,0.235039336931,0.0511539561526,0.274157358027,0.403692614038,0.0359567348517,0.998532872236,1,28.3333333333,8,28,49
134,0.300339417488,0.00860884965996,0.291361724695,0.0915469854278,0.308143022728,0.999533186621,1,27.6666666667,8,26,49
135,0.180644854266,0.602147112521,0.0130093967371,0.0894535286332,0.114745107842,0.999056846437,1,28.3333333333,8,26,51
136,0.211123009036,0.0212545999382,0.603734243875,0.13319185509,0.0306962920596,0.998818676346,1,28,8,27,49
137,0.270340211072,0.321480804006,0.290276639542,0.0146699438762,0.103232401505,0.999771356712,1,28.3333333333,8,26,51
138,0.270626848481,0.442759792566,0.182497132395,0.0773046161457,0.0268116104121,0.999666561872,1,28.3333333333,8,26,51
139,0.188292394739,0.117648990273,0.191497910554,0.206956254911,0.295604449523,0.999056846437,1,28,8,27,49
140,0.065613884467,0.196774226331,0.581740076461,0.0903127974082,0.0655590153326,0.998618613469,1,28,8,27,49
141,0.27746143737,0.253793425558,0.258992051399,0.0808396749849,0.128913410688,0.999647508265,1,28.3333333333,8,26,51
142,0.115256238353,0.0328051402978,0.337678853028,0.287653222747,0.226606545574,0.998637667076,1,28,8,27,49
143,0.062215063197,0.0783685060561,0.0652484605851,0.629241757935,0.164926212227,0.996570350682,0.904761904762,29.3333333333,10,30,48
144,0.395622630282,0.0940068223516,0.279698698031,0.146886872986,0.0837849763502,0.999809463927,1,28.3333333333,8,26,51
145,0.343595012012,0.18574008319,0.0893882700612,0.125691550141,0.255585084596,0.99950460621,1,28.3333333333,8,26,51
146,0.101026533587,0.0800192919331,0.548667922681,0.221894007549,0.0483922442502,0.998609086665,1,28.6666666667,8,29,49
147,0.311520893411,0.0557796300495,0.088887642978,0.521386310157,0.0224255234042,0.998570979451,0.904761904762,29,10,28,49
148,0.240767897148,0.0396658049182,0.597065384359,0.0121954428128,0.110305470761,0.998980632008,1,28,8,27,49
149,0.0135727858746,0.179887677995,0.123702470584,0.304237027062,0.378600038485,0.998018424838,1,28,8,27,49
150,0.30244436028,0.108258846813,0.182654420455,0.128934388866,0.277707983586,0.999533186621,1,28.3333333333,8,26,51
151,0.0716453548361,0.316875065189,0.231912102173,0.117051541486,0.262515936316,0.998894890775,1,28,8,27,49
152,0.0332257547982,0.0747444557116,0.202080235871,0.491239375681,0.198710177939,0.997141958901,1,28.6666666667,9,29,48
153,0.227407513729,0.0704736312375,0.0159236940413,0.617161476898,0.0690336840946,0.997913629998,0.904761904762,29.3333333333,10,29,49
154,0.313974402626,0.11632393082,0.256302391941,0.288322258554,0.0250770160596,0.998980632008,1,28.3333333333,8,28,49
155,0.325786938104,0.334331421824,0.0944329565055,0.158956703829,0.0864919797368,0.99942839178,1,27.6666666667,7,26,50
156,0.286114293,0.516721523192,0.132671324042,0.0334011840007,0.0310916757656,0.99950460621,1,28,8,26,50
157,0.112754846356,0.444946380651,0.166215846178,0.0383236837781,0.237759243037,0.999342650547,1,28,8,26,50
158,0.212149040188,0.361430062217,0.28475354298,0.118206642474,0.0234607121409,0.999542713424,1,28.3333333333,8,27,50
159,0.0295755417772,0.50838857458,0.257799197124,0.00924435783324,0.194992328685,0.999152114474,1,28,8,26,50
160,0.442765312132,0.101427979794,0.0444023894542,0.355583092564,0.0558212260553,0.999485552602,1,29,10,27,50
161,0.104661527516,0.0889457698513,0.381213278412,0.193759165273,0.231420258947,0.998761515524,1,28,8,27,49
162,0.53962196365,0.00892187860136,0.0427108205256,0.365692074504,0.0430532627188,0.999256909314,1,28.6666666667,9,27,50
163,0.0746384525513,0.0630551908602,0.739078656324,0.0155530231792,0.107674677085,0.998428077396,1,28,8,27,49
164,0.0740043385673,0.0467348372259,0.318343459662,0.375603676289,0.185313688255,0.997523031048,1,28.6666666667,8,29,49
165,0.282728010192,0.0406639532459,0.373981031589,0.0790899627424,0.223537042231,0.999275962922,1,27.6666666667,8,26,49
166,0.111077992839,0.175381637174,0.181545811609,0.412071486851,0.119923071527,0.998123219679,1,28.6666666667,8,29,49
167,0.156730341311,0.0453554685085,0.0472232668125,0.453029342163,0.297661581205,0.998132746482,1,27.6666666667,8,27,48
168,0.00692033241106,0.254369445808,0.130265626436,0.130111601257,0.478332994089,0.998656720684,1,28,8,27,49
169,0.373481507989,0.255250572095,0.0594117273035,0.140568346955,0.171287845657,0.999514133013,1,27.6666666667,7,26,50
170,0.0949903855519,0.175728802349,0.166201760881,0.124026561715,0.439052489503,0.999104480456,1,28,8,26,50
171,0.497046377412,0.161570632398,0.0988692479819,0.119622209932,0.122891532277,0.999209275296,0.904761904762,27.6666666667,7,26,50
172,0.198366333855,0.0111223598003,0.372898830607,0.271055221609,0.146557254129,0.998904417579,1,28,8,27,49
173,0.192047582037,0.299446885328,0.271349441881,0.0876202483611,0.149535842392,0.999295016529,1,28.3333333333,8,27,50
174,0.438455022334,0.193910145776,0.107481239362,0.00700126454312,0.253152327985,0.999266436118,1,28,8,26,50
175,0.328353103125,0.185652734471,0.253450683368,0.160734571462,0.0718089075745,0.999456972191,1,28.6666666667,8,27,51
176,0.0720254570213,0.286479514427,0.0978646525845,0.0223377005226,0.521292675444,0.998952051597,1,28,7,26,51
177,0.21953116966,0.0639913756553,0.177967395481,0.306351295856,0.232158763347,0.998837729953,1,28,8,27,49
178,0.148801174851,0.238367764724,0.400460221039,0.0173052231925,0.195065616194,0.999228328903,1,27.6666666667,8,26,49
179,0.48007117483,0.265376375951,0.0388256607696,0.104963164856,0.110763623594,0.998790095935,0.904761904762,27.6666666667,7,26,50
180,0.133819269329,0.413718682308,0.0237338306556,0.119530230497,0.309197987211,0.998971105204,1,28.3333333333,8,26,51
181,0.207517792966,0.365335933612,0.00394392214296,0.0266359430978,0.396566408181,0.998961578401,1,28,7,26,51
182,0.821771294306,0.00561163956993,0.00220964803245,0.0274978725275,0.142909545564,0.995427134242,0.904761904762,27.3333333333,8,24,50
183,0.0830858401235,0.266463976176,0.0326376873269,0.1649681086,0.452844387773,0.998723408309,1,28,7,26,51
184,0.555991463023,0.200446366741,0.16128586672,0.0689187295354,0.0133575739806,0.998913944383,0.904761904762,27.6666666667,7,26,50
185,0.367279341407,0.110882513332,0.290721008151,0.0582479632882,0.172869173822,0.999657035068,1,28.3333333333,8,26,51
186,0.429205119746,0.029289030511,0.159328385124,0.25575301741,0.126424447209,0.999761829908,1,27.6666666667,7,26,50
187,0.389229737073,0.112160094291,0.0489701200018,0.422358875318,0.0272811733166,0.999123534063,1,29.3333333333,10,28,50
188,0.0441182922667,0.0904522643576,0.276059640598,0.432864309527,0.15650549325,0.99729438776,1,28.3333333333,8,29,48
189,0.0523783380695,0.147782625231,0.418972904442,0.171193910449,0.209672221808,0.998590033058,1,28,8,27,49
190,0.591223439667,0.0350162860881,0.16772637547,0.072987787266,0.133046111509,0.998971105204,0.904761904762,27.6666666667,7,26,50
191,0.542750013493,0.202039892927,0.0179729517192,0.131734072968,0.105503068892,0.998609086665,0.904761904762,27,7,25,49
192,0.00695357081594,0.153674428135,0.184844012148,0.444465293702,0.210062695199,0.997151485705,1,28.3333333333,8,29,48
193,0.127815766316,0.247851903935,0.262205508863,0.017017797921,0.345109022964,0.999190221689,1,28,8,26,50
194,0.142932507104,0.386224948353,0.117581117627,0.147437686328,0.205823740588,0.9992188021,1,28.3333333333,8,27,50
195,0.0430419467206,0.160238130081,0.2684850181,0.0623286477133,0.465906257386,0.998866310364,1,27.6666666667,8,26,49
196,0.0527142042588,0.0956974628062,0.165457618123,0.0772517934044,0.608878921408,0.998771042328,1,27.3333333333,7,26,49
197,0.376414063118,0.123712857156,0.353991987878,0.116584289011,0.0292968028373,0.999523659817,1,28.6666666667,8,27,51
198,0.258998072642,0.292493957094,0.194215794406,0.104600549482,0.149691626377,0.999618927854,1,28.3333333333,8,26,51
199,0.0122563428864,0.214679611367,0.177624204649,0.0877751121388,0.507664728959,0.998723408309,1,27.6666666667,8,26,49
200,0.272621826368,0.310585433026,0.04734108334,0.320782593197,0.0486690640691,0.999266436118,1,29,8,28,51
201,0.416878616706,0.0620857868506,0.0148767538726,0.447333384593,0.0588254579772,0.999180694885,1,29.3333333333,10,28,50
202,0.0227696427224,0.227870933602,0.524503960086,0.0943689753926,0.130486488196,0.998523345432,1,28,8,27,49
203,0.0903316934677,0.0306786942092,0.228916310438,0.463482847371,0.186590454514,0.997237226938,0.904761904762,28.3333333333,8,29,48
204,0.0614980788462,0.00158044042116,0.318313326025,0.387757122933,0.230851031775,0.997427763011,1,28.3333333333,8,29,48
205,0.282419638312,0.211808267112,0.350404562828,0.144021958071,0.0113455736772,0.999580820639,1,28.3333333333,8,27,50
206,0.404843388894,0.320978204692,0.0262011219769,0.178759205394,0.069218079043,0.999152114474,0.904761904762,27.6666666667,7,26,50
207,0.430010561735,0.0164245919298,0.344429246355,0.172150269709,0.0369853302709,0.999466498995,1,28.3333333333,7,27,51
208,0.217120088458,0.34895964483,0.249825078888,0.00526549708198,0.178829690742,0.999571293835,1,28,8,26,50
209,0.082103380493,0.166113114833,0.425265930844,0.263307950098,0.0632096237314,0.998380443377,1,28.6666666667,8,29,49
210,0.0557053849199,0.144944947724,0.534944527839,0.0896762056677,0.17472893385,0.998666247487,1,28,8,27,49
211,0.0257715099721,0.0844641454968,0.110079380395,0.677440546369,0.102244417767,0.994731677575,0.904761904762,29.3333333333,10,30,48
212,0.0066191682135,0.174786127296,0.0583424165723,0.203262912565,0.556989375353,0.998247068126,1,28,8,27,49
213,0.0896544940144,0.00798130019125,0.333427576766,0.204862656989,0.36407397204,0.998570979451,1,28,8,27,49
214,0.107326303625,0.568655745108,0.220747055713,0.00419655590692,0.0990743396476,0.999390284566,1,28,8,26,50
215,0.0755247385479,0.314812518536,0.0739632327183,0.338128908882,0.197570601317,0.99846618461,1,28,8,27,49
216,0.298657746517,0.179189235017,0.0776847983173,0.105202968988,0.339265251161,0.999266436118,1,28.3333333333,8,26,51
217,0.0636237668757,0.0773189394821,0.313061081073,0.0631221766963,0.482874035873,0.998866310364,1,27.6666666667,8,26,49
218,0.367232145431,0.231832285835,0.118708249974,0.115352453949,0.166874864812,0.999571293835,1,28,8,26,50
219,0.228820393686,0.0843126384539,0.113993226501,0.411135230682,0.161738510677,0.99864719388,1,28,8,27,49
220,0.0285338571943,0.152455956187,0.614769798372,0.0850004031347,0.119239985112,0.998485238218,1,28,8,27,49
221,0.335787596875,0.10673668361,0.168057122113,0.233199190475,0.156219406927,0.999466498995,1,28.6666666667,8,27,51
222,0.2476858165,0.251257281437,0.159192987142,0.295683197258,0.0461807176629,0.998923471186,1,28.3333333333,8,27,50
223,0.128177699338,0.274838382182,0.147469294023,0.322332917887,0.12718170657,0.998732935113,1,28,8,27,49
224,0.10152940072,0.162865469424,0.0109737500786,0.569464880908,0.155166498869,0.997208646527,0.904761904762,29,10,29,48
225,0.0212108065621,0.214377221734,0.104772581428,0.411409341464,0.248230048812,0.997770727943,1,28.6666666667,8,29,49
226,0.317457627637,0.0388043691312,0.242608965003,0.0904530971413,0.310675941088,0.999533186621,1,28.3333333333,8,26,51
227,0.20297632297,0.1113586229,0.115156260946,0.409005985612,0.161502807571,0.998618613469,1,28,8,27,49
228,0.0104280484187,0.0152455018286,0.561593849191,0.235955787343,0.17677681322,0.997589718673,1,28.6666666667,8,29,49
229,0.185914768427,0.285219803857,0.0871967551053,0.403942032005,0.0377266406047,0.998675774291,1,28.6666666667,9,28,49
230,0.452996971252,0.0989208588029,0.0285429931092,0.299400161033,0.120139015803,0.999418864977,1,27.6666666667,7,26,50
231,0.149287226183,0.247378870242,0.363469232888,0.23678623491,0.00307843577789,0.998942524794,1,28,8,27,49
232,0.0396611733843,0.154412324862,0.22919604585,0.0043335059873,0.572396949917,0.99882820315,1,27.3333333333,7,26,49
233,0.43959888827,0.0827178245888,0.117616010928,0.0684246910796,0.291642585134,0.999409338173,1,28,8,26,50
234,0.381480320553,0.0867269590163,0.0618885124463,0.290477439614,0.179426768371,0.999437918584,1,28,7,26,51
235,0.178395628373,0.0497029809823,0.124077720063,0.00582155397237,0.642002116608,0.99893299799,1,27.3333333333,7,26,49
236,0.0221902545631,0.0128137693373,0.318572390253,0.00193088571398,0.644492700133,0.998761515524,1,27.3333333333,7,26,49
237,0.536697193826,0.125024823715,0.102812565368,0.14250885943,0.0929565576608,0.999009212419,0.904761904762,27.6666666667,7,26,50
238,0.113669514268,0.270257409445,0.405093303122,0.157512923335,0.0534668498309,0.998904417579,1,28,8,27,49
239,0.138014358454,0.276580722995,0.0327650697991,0.0491308516061,0.503508997146,0.998952051597,1,28,7,26,51
240,0.2680129579,0.139720692474,0.12378418361,0.204356125754,0.264126040262,0.999437918584,1,28.3333333333,8,26,51
241,0.293768964656,0.138199297321,0.301024866857,0.0185502018452,0.24845666932,0.999533186621,1,28.3333333333,8,26,51
242,0.109978712691,0.313801176242,0.38513489114,0.0497256398247,0.141359580102,0.999161641278,1,28,8,27,49
243,0.0491981995515,0.152725572642,0.0984892790875,0.229642997186,0.469943951534,0.998475711414,1,28,8,27,49
244,0.0395628356227,0.15366184728,0.316430610995,0.0650829163505,0.425261789752,0.998837729953,1,27.6666666667,8,26,49
245,0.217863484186,0.195621167976,0.148336467105,0.241039932929,0.197138947805,0.999133060867,1,28.3333333333,8,27,50
246,0.0804599962682,0.107959639465,0.701015595469,0.0767351654761,0.0338296033224,0.998456657807,1,28,8,27,49
247,0.0301787741551,0.303927967111,0.126351045919,0.278453935619,0.261088277196,0.998485238218,1,28,8,27,49
248,0.27784049965,0.149893973372,0.115049032457,0.159873884778,0.297342609744,0.999361704155,1,28.3333333333,8,26,51
249,0.316915100918,0.0744016123568,0.479960295036,0.053377744076,0.0753452476131,0.999247382511,1,28.3333333333,8,27,50
250,0.278061319628,0.05930263798,0.288279205641,0.0421137020168,0.332243134734,0.999542713424,1,28.3333333333,8,26,51
251,0.454926745498,0.0604222368617,0.162976404104,0.0846038511811,0.237070762355,0.999409338173,1,28,8,26,50
252,0.0198276722911,0.530115116616,0.051061192909,0.355285021745,0.043710996439,0.998342336163,1,27.6666666667,8,27,48
253,0.00976457316457,0.0472235502872,0.0890496386035,0.77740508223,0.0765571557146,0.991549725152,0.818181818182,30.6666666667,11,35,46
254,0.0995314192809,0.471500582528,0.0565970467719,0.00305885386353,0.369312097555,0.99903779283,1,28.3333333333,8,26,51
255,0.142149308105,0.00996854688383,0.130845337761,0.513810639946,0.203226167305,0.997532557852,0.904761904762,28.3333333333,8,29,48
256,0.0663962872053,0.344561893759,0.174581574359,0.0545179272447,0.359942317431,0.999094953652,1,28,8,26,50
257,0.0141985792455,0.196971886251,0.0796836262794,0.26075208171,0.448393826514,0.998047005249,1,28,8,27,49
258,0.0499610130052,0.206766153105,0.354977280036,0.179684001267,0.208611552587,0.998609086665,1,28,8,27,49
259,0.124236618672,0.0140147994248,0.235505373348,0.401211532357,0.225031676198,0.998123219679,1,28.3333333333,8,29,48
260,0.404530762499,0.00410778218107,0.0302964911228,0.531274617723,0.0297903464745,0.998694827898,1,29.3333333333,11,28,49
261,0.00377786670309,0.239795102267,0.578784253015,0.00490321270466,0.17273956531,0.998551925843,1,28,8,27,49
262,0.125660270633,0.165873091538,0.290663749818,0.0341189009533,0.383683987057,0.999028266026,1,27.6666666667,8,26,49
263,0.442360277056,0.0147957169664,0.141681322678,0.332752453342,0.0684102299585,0.999542713424,1,28,7,27,50
264,0.296184204014,0.00129079090532,0.18714554871,0.11164855687,0.403730899501,0.999409338173,1,27.3333333333,7,26,49
265,0.0676567828093,0.544828300475,0.318396131148,0.0417584035049,0.0273603820626,0.999247382511,1,28.3333333333,8,27,50
266,0.59176627359,0.0628159646108,0.0467974597088,0.148210428638,0.150409873452,0.998599559862,0.904761904762,27,7,25,49
267,0.796082053243,0.0504457645409,0.0769358764858,0.0182857734029,0.0582505323278,0.99711337849,0.904761904762,27.3333333333,8,24,50
268,0.228117519184,0.119717352922,0.0459190888353,0.372142920958,0.234103118101,0.998656720684,1,28.6666666667,9,27,50
269,0.552548936034,0.01496745857,0.23529820167,0.149558707948,0.0476266957785,0.999571293835,1,27.6666666667,7,26,50
270,0.129203637477,0.0271639051247,0.530486524118,0.114483728568,0.198662204712,0.998713881506,1,28,8,27,49
271,0.522141085073,0.171139338011,0.0907917030375,0.0726955826673,0.143232291211,0.99882820315,0.904761904762,27.6666666667,7,26,50
272,0.255498882856,0.0630424959392,0.0151091682325,0.547017863583,0.11933158939,0.998504291825,0.904761904762,28.6666666667,9,28,49
273,0.0584040260157,0.345777142205,0.27209602569,0.309519019992,0.0142037860982,0.998409023788,1,28.6666666667,8,29,49
274,0.0406313409635,0.519037018378,0.207892405403,0.0202870202515,0.212152215005,0.9992188021,1,28,8,26,50
275,0.0305572392634,0.185953070353,0.0215168313073,0.0351953858389,0.726777473237,0.998618613469,1,28,7,26,51
276,0.0663511128376,0.18036455748,0.230492526225,0.467759670833,0.0550321326246,0.997132432098,0.904761904762,29.6666666667,10,30,49
277,0.205008607499,0.0291485504009,0.272077608571,0.0102891581643,0.483476075364,0.999180694885,1,27.3333333333,7,26,49
278,0.139163916724,0.0505736116191,0.0871852116355,0.174516023464,0.548561236558,0.998866310364,1,27.3333333333,8,26,48
279,0.0549809989836,0.190989866216,0.0206585428337,0.407406376443,0.325964215524,0.998189907304,1,28.3333333333,9,27,49
280,0.138407716928,0.0158453152957,0.14428355909,0.312312922727,0.38915048596,0.998485238218,1,27.6666666667,8,27,48
281,0.250923452702,0.0127708741091,0.28730497711,0.294018095237,0.154982600843,0.998875837168,1,28,8,27,49
282,0.295898741579,0.206484856654,0.212803922763,0.00091454293535,0.283897936068,0.999618927854,1,28.3333333333,8,26,51
283,0.0729939476241,0.106392416377,0.188968478559,0.611194499351,0.0204506580891,0.996370287805,0.904761904762,29.3333333333,10,30,48
284,0.325856441475,0.536720178856,0.0429192487254,0.058590342861,0.035913788083,0.999066373241,0.904761904762,28.6666666667,9,26,51
285,0.0594351104387,0.186018012384,0.284194367835,0.312086281228,0.158266228115,0.998294702144,1,28.6666666667,8,29,49
286,0.569135749917,0.0654279131613,0.0166198933177,0.332211789927,0.016604653677,0.998847256757,0.904761904762,28.3333333333,9,26,50
287,0.104728757949,0.114088849956,0.226802565442,0.424525786369,0.129854040284,0.998104166071,1,28.3333333333,8,29,48
288,0.161354935837,0.325271413848,0.0545277240848,0.00387008469719,0.454975841533,0.998980632008,1,28,7,26,51
289,0.309229138988,0.0160094999592,0.0164636238818,0.435121350268,0.223176386903,0.998799622739,1,28.6666666667,9,27,50
290,0.454060530385,0.0753641185661,0.0525281669821,0.335139558598,0.0829076254694,0.99942839178,1,28,7,27,50
291,0.109442425444,0.152986739511,0.150977518717,0.261291713876,0.325301602453,0.998609086665,1,28,8,27,49
292,0.598696658247,0.00250172137393,0.271218360639,0.108289436789,0.0192938229514,0.999352177351,1,27.6666666667,7,26,50
293,0.132046005313,0.202775813829,0.344046150528,0.275849023123,0.0452830072069,0.998761515524,1,28.3333333333,8,28,49
294,0.235510485507,0.247629924302,0.00737960931681,0.146102637381,0.363377343493,0.999047319634,1,28.3333333333,8,26,51
295,0.231790186434,0.116687164264,0.0188381911314,0.101268123526,0.531416334644,0.998961578401,1,28,7,26,51
296,0.450942596205,0.0118928507712,0.399213659233,0.0593944565714,0.0785564372194,0.999695142283,1,28.3333333333,8,26,51
297,0.238645389902,0.509872586779,0.0613960722894,0.113777033998,0.0763089170316,0.9992188021,1,28.3333333333,8,26,51
298,0.316369040972,0.0835041099866,0.505473494147,0.0362007937012,0.0584525611934,0.999209275296,1,28.3333333333,8,27,50
299,0.101856344352,0.0564422371746,0.138158187019,0.147684820696,0.555858410759,0.998761515524,1,27.6666666667,8,26,49
300,0.000467240387379,0.293661840056,0.228946193956,0.119536253706,0.357388471895,0.998694827898,1,28,8,27,49
301,0.3638004335,0.0162161532334,0.252075402601,0.106030962363,0.261877048303,0.999571293835,1,28.3333333333,8,26,51
302,0.0242355879905,0.162308071569,0.268122240507,0.305959319103,0.239374780831,0.997980317624,1,28,8,28,48
303,0.068505115936,0.223242916528,0.22756637322,0.301821601621,0.178863992695,0.998523345432,1,28,8,27,49
304,0.0361346387583,0.0239262623736,0.171369858146,0.198642939261,0.569926301461,0.998275648537,1,27.6666666667,8,27,48
305,0.0250041339815,0.622036743017,0.3077324,0.0189225697149,0.0263041532863,0.999190221689,1,28.3333333333,8,27,50
306,0.361722617244,0.0015699511172,0.389532498982,0.0702079291621,0.176967003495,0.999456972191,1,27.6666666667,8,26,49
307,0.11395522376,0.42453203766,0.229395863805,0.10204153482,0.130075339955,0.999228328903,1,28.3333333333,8,27,50
308,0.114814742317,0.106461799682,0.141554920242,0.496633604032,0.140534933727,0.997618299084,0.904761904762,28.6666666667,8,29,49
309,0.3760511566,0.105523951434,0.0897398088153,0.297912993289,0.130772089862,0.999571293835,1,28,7,26,51
310,0.0237341796108,0.085063190944,0.0935810429568,0.662865563144,0.134756023344,0.995293758991,0.904761904762,29.3333333333,10,30,48
311,0.360722573131,0.0474386406944,0.0105066343204,0.509532002947,0.0718001489077,0.998675774291,1,28.6666666667,9,28,49
312,0.187175944918,0.159843792934,0.155506335751,0.0910948986887,0.406379027708,0.999333123744,1,28,7,26,51
313,0.0712715490496,0.312032582749,0.194450240628,0.0433678144054,0.378877813169,0.999066373241,1,28,8,26,50
314,0.0960206258911,0.158566637474,0.180422511572,0.135283038752,0.429707186311,0.999075900045,1,28.3333333333,8,27,50
315,0.111325559675,0.318679986742,0.275146172068,0.108676049994,0.186172231521,0.999094953652,1,28,8,27,49
316,0.101173533455,0.551851628009,0.045782623636,0.0241696483815,0.277022566519,0.99893299799,1,28.3333333333,8,26,51
317,0.0585667563114,0.0255226005657,0.12756653662,0.411733870923,0.37661023558,0.997846942372,1,28,8,28,48
318,0.295925277223,0.277374306585,0.22591478564,0.0759036486252,0.124881981927,0.999828517534,1,28.3333333333,8,26,51
319,0.111060712505,0.2608184908,0.427671749593,0.113108213899,0.0873408332041,0.998923471186,1,28,8,27,49
320,0.195494903546,0.269542503695,0.212716455543,0.246849338851,0.0753967983646,0.998990158812,1,28,8,27,49
321,0.00495292237808,0.48300157088,0.319806757206,0.0942896696724,0.097949079863,0.998618613469,1,28,8,27,49
322,0.0567851314592,0.156570257671,0.223056209271,0.177094539262,0.386493862337,0.998666247487,1,28,8,27,49
323,0.189255301628,0.179893341141,0.262634900228,0.0750712994869,0.293145157516,0.999237855707,1,28.3333333333,8,26,51
324,0.190473844439,0.172032740416,0.0353066197151,0.113127647269,0.489059148161,0.999066373241,1,28,7,26,51
325,0.230058282414,0.704466916598,0.0376873555823,0.024710932861,0.00307651254521,0.998885363972,1,28.6666666667,9,26,51
326,0.0891884392267,0.398911576301,0.0037805463272,0.485875139784,0.0222442983606,0.99797079082,1,29.3333333333,11,29,48
327,0.347591697339,0.494950164039,0.0162185997127,0.12956210884,0.0116774300691,0.99903779283,0.904761904762,28.3333333333,8,26,51
328,0.305208020868,0.20598607101,0.0506475352802,0.23822021976,0.199938153082,0.999295016529,1,28.3333333333,8,26,51
329,0.0486458681417,0.308671586437,0.0829236033093,0.122323314668,0.437435627444,0.99882820315,1,27.6666666667,8,26,49
330,0.428025500423,0.102923439189,0.128270237443,0.0479706529031,0.292810170042,0.999437918584,1,28,8,26,50
331,0.268119936254,0.0575184756347,0.2626186164,0.395546172972,0.0161967987392,0.998694827898,1,28.3333333333,8,28,49
332,0.207925776143,0.00537938006237,0.0768868032623,0.688189040783,0.0216189997497,0.996856154792,0.904761904762,29.6666666667,11,30,48
333,0.27342518214,0.189914792907,0.284377575645,0.0609721999031,0.191310249405,0.999580820639,1,28.3333333333,8,26,51
334,0.32684506656,0.321486256488,0.125869610899,0.158215002764,0.0675840632881,0.999599874246,1,28,7,26,51
335,0.0343316458345,0.197961423167,0.14654755608,0.460222544353,0.160936830565,0.99729438776,0.904761904762,28.6666666667,8,29,49
336,0.246588066476,0.268404959962,0.135439574418,0.212844992747,0.136722406397,0.999285489725,1,28.6666666667,8,27,51
337,0.081517874364,0.43328066302,0.225374977675,0.0880909976523,0.171735487289,0.999190221689,1,28.3333333333,8,27,50
338,0.0470709752167,0.0297073595556,0.211667823967,0.1919238054,0.519630035861,0.998294702144,1,28,8,27,49
339,0.0823089658678,0.142593048497,0.341727807459,0.0768534950818,0.356516683095,0.998971105204,1,28,8,27,49
340,0.0451959203866,0.213613930826,0.189101561848,0.271371660839,0.2807169261,0.998313755752,1,28,8,27,49
341,0.160136890365,0.0487292069335,0.0758447428515,0.109760237996,0.605528921854,0.998952051597,1,27.6666666667,7,26,50
342,0.481657415395,0.426771901068,0.0576272594055,0.0173739557927,0.0165694683389,0.99846618461,0.904761904762,27.6666666667,8,25,50
343,0.110218742433,0.0635709073188,0.801681691055,0.0103380301765,0.0141906290161,0.99846618461,1,28,8,27,49
344,0.0725421288147,0.0254761796503,0.0248848480919,0.566408901061,0.310687942382,0.997084798079,1,28.6666666667,9,29,48
345,0.370295333858,0.307444389313,0.160672441849,0.0121939046417,0.149393930338,0.999628454657,1,28,8,26,50
346,0.0926685245017,0.0163599861012,0.761562175554,0.087411826772,0.0419974870706,0.998313755752,1,28.3333333333,8,28,49
347,0.183241820439,0.511158646448,0.244252580822,0.0495707335107,0.011776218781,0.999676088675,1,28.3333333333,8,26,51
348,0.136201362746,0.145906518229,0.0626498360669,0.502472154418,0.15277012854,0.998161326893,1,28.6666666667,8,29,49
349,0.206223000288,0.321676552027,0.045084148594,0.104906873145,0.322109425947,0.999075900045,1,28.3333333333,8,26,51
350,0.132213218738,0.173470383338,0.167586854713,0.487066995739,0.0396625474724,0.997837415569,0.904761904762,29.3333333333,10,29,49
351,0.112832097852,0.0111713000926,0.453843783296,0.090913565836,0.331239252923,0.998675774291,1,28,8,27,49
352,0.0910494620042,0.234292358293,0.587393651786,0.053038388977,0.0342261389399,0.998837729953,1,28,8,27,49
353,0.169594597159,0.114374920339,0.60036041298,0.107816726979,0.00785334254232,0.998704354702,1,28,8,27,49
354,0.172575702313,0.0243541291487,0.261827035102,0.160686332282,0.380556801155,0.999028266026,1,28,8,27,49
355,0.297022160763,0.462942739979,0.000807074790349,0.11275465812,0.126473366348,0.999152114474,1,27.6666666667,7,26,50
356,0.0257199820788,0.250532251465,0.202509077054,0.0535836900619,0.46765499934,0.998904417579,1,27.6666666667,8,26,49
357,0.0962484970009,0.269482023896,0.00106242326519,0.487378208696,0.145828847143,0.998113692875,1,28.3333333333,8,29,48
358,0.360462547984,0.0660900208772,0.198696414924,0.0855592509507,0.289191765264,0.999561767032,1,28.3333333333,8,26,51
359,0.468620725079,0.00329918189892,0.122963953792,0.140303618989,0.264812520242,0.999447445388,1,28,8,26,50
360,0.135815667789,0.0891324374529,0.13249372061,0.402350757585,0.240207416563,0.998208960912,1,27.6666666667,8,27,48
361,0.264025965146,0.0174963616026,0.185462282787,0.452778611982,0.080236778482,0.998475711414,1,28.3333333333,8,28,49
362,0.118334733173,0.109315358214,0.144568046077,0.423614845809,0.204167016728,0.998161326893,1,28.6666666667,8,29,49
363,0.222914435098,0.0628425752905,0.0699944087382,0.282444680486,0.361803900387,0.998866310364,1,28.3333333333,8,27,50
364,0.151295904352,0.540221352888,0.0797343477893,0.0887948818,0.139953513171,0.999275962922,1,28.3333333333,8,26,51
365,0.44220569521,0.348499371772,0.164016672267,0.00989699808734,0.0353812626641,0.999361704155,0.904761904762,27.6666666667,7,26,50
366,0.139893940847,0.482947666792,0.150715635404,0.0202980172685,0.206144739689,0.999171168081,1,28.3333333333,8,26,51
367,0.0691426293994,0.245843160412,0.32568602539,0.195260253008,0.16406793179,0.998675774291,1,28,8,27,49
368,0.0907983933346,0.319475401718,0.288864760464,0.0269367938684,0.273924650615,0.999199748492,1,27.6666666667,8,26,49
369,0.403374472995,0.356336315759,0.15453921101,0.0002252236445,0.0855247765913,0.999495079406,1,27.6666666667,7,26,50
370,0.402708338158,0.230911024787,0.0193486821167,0.289877592757,0.0571543621805,0.999247382511,1,28,8,26,50
371,0.69683657695,0.0677820756106,0.114187752126,0.0372999320829,0.083893663231,0.99797079082,0.904761904762,27,7,25,49
372,0.0630951907418,0.214473047561,0.38990058591,0.170951666793,0.161579508994,0.998723408309,1,28,8,27,49
373,0.0317347848385,0.0455570039214,0.538996301542,0.25094196403,0.132769945667,0.997675459906,1,28.6666666667,8,29,49
374,0.507037950766,0.0318236022039,0.0593944574577,0.0458471815812,0.355896807991,0.999018739223,0.904761904762,27.3333333333,7,26,49
375,0.0318697397371,0.0583844171007,0.419645927009,0.173839310157,0.316260605996,0.998456657807,1,28,8,27,49
376,0.503478742297,0.137733710873,0.037242840446,0.0454662205273,0.276078485857,0.998723408309,0.904761904762,27,7,25,49
377,0.311364952118,0.0561240900902,0.0898621789853,0.0280033085065,0.5146454703,0.999180694885,1,28,7,26,51
378,0.154519912435,0.346693951998,0.0584486642865,0.0768572943874,0.363480176893,0.999094953652,1,28.3333333333,8,26,51
379,0.0102312618762,0.0253971579303,0.559617280522,0.201637049392,0.203117250279,0.99768498671,1,28.6666666667,8,29,49
380,0.155096412575,0.518896131979,0.0340618561531,0.0540394252427,0.23790617405,0.998894890775,1,28.3333333333,8,26,51
381,0.444233875787,0.175895291414,0.101477145069,0.146618870668,0.131774817063,0.999542713424,1,27.6666666667,7,26,50
382,0.431786135224,0.236832261976,0.0383657236948,0.256396274637,0.0366196044679,0.999352177351,1,28,8,26,50
383,0.151583606652,0.149968337448,0.0997956451494,0.443944132293,0.154708278458,0.998342336163,1,28.3333333333,8,28,49
384,0.432706545504,0.121605541385,0.290272395677,0.014213636701,0.141201880734,0.999742776301,1,28,8,26,50
385,0.464532028454,0.336185701495,0.0482022994392,0.0247266150651,0.126353355547,0.998532872236,0.904761904762,27.3333333333,7,25,50
386,0.0300908943087,0.144685378159,0.0696141854011,0.306301668368,0.449307873764,0.99807558566,1,28,8,27,49
387,0.348182500653,0.121879893685,0.0323817788295,0.0101122599992,0.487443566833,0.999114007259,1,27,7,25,49
388,0.371864817761,0.0801262046064,0.199587852015,0.0555851251483,0.292836000469,0.999628454657,1,28.3333333333,8,26,51
389,0.602007525595,0.0722513653105,0.211110617591,0.0193972031927,0.0952332883107,0.998952051597,0.904761904762,27.6666666667,7,26,50
390,0.179438940843,0.227490276938,0.053441778247,0.345936128984,0.193692874989,0.998742461917,1,28,8,27,49
391,0.32098889274,0.192558260875,0.108818256882,0.227923811931,0.149710777572,0.999704669086,1,28.3333333333,8,26,51
392,0.346193930893,0.157150052059,0.00745290362126,0.164363937213,0.324839176214,0.99914258767,1,27.6666666667,8,26,49
393,0.420348648237,0.0617480212149,0.0589924054082,0.191741164901,0.267169760239,0.999495079406,1,28,8,26,50
394,0.0370190417665,0.0918441088584,0.397033931723,0.346524458992,0.12757845866,0.997484923833,1,28.6666666667,8,29,49
395,0.440811804981,0.106965425615,0.386313711114,0.0450533746046,0.0208556836859,0.999771356712,1,28.3333333333,8,26,51
396,0.100481338129,0.256464001564,0.169132594762,0.131829253962,0.342092811583,0.999047319634,1,28,8,27,49
397,0.0253965292158,0.0743058457649,0.448364190581,0.283436387369,0.168497047069,0.997646879495,1,28.6666666667,8,29,49
398,0.0877162899418,0.0744075199736,0.629052321267,0.181183419991,0.0276404488265,0.99825659493,1,28.6666666667,8,29,49
399,0.0900881563077,0.168438405706,0.462985472876,0.185868488945,0.0926194761655,0.998732935113,1,28,8,27,49
400,0.271949980175,0.136398442687,0.249743804983,0.214707852077,0.127199920078,0.998913944383,1,28,8,27,49
401,0.134649393437,0.000714261971154,0.244696823904,0.529933820675,0.0900057000135,0.997141958901,0.904761904762,29.3333333333,10,30,48
402,0.0558786441335,0.198233182113,0.0610221970176,0.0358371893021,0.649028787434,0.998675774291,1,28,7,26,51
403,0.213505529634,0.133340316149,0.155071981067,0.276825344901,0.221256828249,0.998894890775,1,28,8,27,49
404,0.116213842917,0.128986213976,0.413683812615,0.162203949835,0.178912180657,0.998904417579,1,28,8,27,49
405,0.192786124322,0.224214318426,0.0116605661604,0.319161816297,0.252177174794,0.998875837168,1,28.6666666667,8,27,51
406,0.0517475601191,0.539113288915,0.0197246473443,0.0205695580604,0.368844945561,0.998952051597,1,28.3333333333,8,26,51
407,0.0646972251204,0.469895702228,0.232832674733,0.117279985614,0.115294412305,0.999085426848,1,28,8,27,49
408,0.199397298432,0.0986700261097,0.572038342695,0.0610644678836,0.0688298648792,0.998790095935,1,28,8,27,49
409,0.075985814283,0.652752139232,0.0847994736195,0.131787196243,0.054675376623,0.999171168081,1,28.3333333333,8,27,50
410,0.129435135542,0.277439583363,0.382276422068,0.0357647321949,0.175084126833,0.99914258767,1,28,8,27,49
411,0.138284345268,0.023538241974,0.067690249173,0.579459565968,0.191027597617,0.997322968171,0.904761904762,29,10,29,48
412,0.438505583356,0.35910612385,0.145435876633,0.0486030357924,0.00834938036829,0.999371230958,0.904761904762,27.6666666667,7,26,50
413,0.203742293533,0.469276515255,0.102130908141,0.0846669413874,0.140183341684,0.999295016529,1,28.3333333333,8,26,51
414,0.485398445608,0.295705211015,0.0751254136219,0.0456503079348,0.0981206218198,0.998704354702,0.904761904762,27.3333333333,7,25,50
415,0.118935521609,0.0294142140957,0.198260189014,0.245460875426,0.407929199855,0.998675774291,1,28,8,27,49
416,0.0428941744171,0.0598772998259,0.672109647543,0.190439465767,0.0346794124467,0.997589718673,1,28.6666666667,8,29,49
417,0.378463646671,0.366656926625,0.0140793850692,0.215055557879,0.0257444837561,0.999133060867,1,28,8,26,50
418,0.198946052011,0.259254715882,0.0128292459502,0.347345641281,0.181624344875,0.998780569131,1,28.6666666667,8,27,51
419,0.00415099096233,0.0666604991885,0.138598142107,0.0419651207381,0.748625247004,0.998456657807,1,27,7,26,48
420,0.528611074263,0.212002573677,0.0208766048758,0.0160380488731,0.222471698312,0.998475711414,0.904761904762,27,7,24,50
421,0.033031163802,0.29821231227,0.379557799021,0.22809210262,0.0611066222867,0.998399496985,1,28.3333333333,8,28,49
422,0.219894035901,0.0673115269144,0.649669384268,0.0496024808861,0.013522572031,0.998837729953,1,28,8,27,49
423,0.442439801627,0.253868446357,0.0057897069782,0.200061033475,0.0978410115632,0.999171168081,0.904761904762,27.6666666667,7,26,50
424,0.105101275533,0.15758987969,0.0795709138449,0.462088504055,0.195649426878,0.998047005249,1,28.6666666667,8,29,49
425,0.00061396406315,0.522724032593,0.101850962043,0.247921436694,0.126889604607,0.998561452647,1,28,8,27,49
426,0.0707794981138,0.00738647280324,0.161204374278,0.42521687976,0.335412775045,0.997704040317,1,28.3333333333,8,29,48
427,0.0729573099645,0.129067223657,0.424561796852,0.216809624444,0.156604045082,0.998523345432,1,28,8,27,49
428,0.337495673447,0.12502129732,0.165522389233,0.155682606908,0.216278033093,0.999666561872,1,28.3333333333,8,26,51
429,0.121645159508,0.421182380511,0.0218857701888,0.0841157441698,0.351170945623,0.998971105204,1,28.3333333333,8,26,51
430,0.52379257315,0.028001232557,0.322262873076,0.0787371210803,0.0472062001366,0.99971419589,1,27.6666666667,7,26,50
431,0.0518287460317,0.146716655103,0.287227306167,0.0951086333641,0.419118659334,0.998809149542,1,28,8,27,49
432,0.520428162317,0.208901156196,0.0243090925927,0.10310727573,0.143254313165,0.998628140273,0.904761904762,27,7,25,49
433,0.0255227633917,0.151011838171,0.0666825897896,0.436991838952,0.319790969696,0.997732620728,1,28.3333333333,8,28,49
434,0.248725606482,0.0992516082341,0.512773077973,0.020810470652,0.118439236658,0.999237855707,1,28,8,27,49
435,0.149285778019,0.144890793619,0.429886463853,0.0518163020624,0.224120662446,0.999161641278,1,28,8,27,49
436,0.253403997496,0.0703240858328,0.147170762446,0.366061940574,0.163039213651,0.998771042328,1,28,8,27,49
437,0.117093710161,0.280359540615,0.392818104107,0.114740160492,0.0949884846257,0.998942524794,1,28,8,27,49
438,0.259441437879,0.574981546542,0.0390774959555,0.0383651843265,0.0881343352965,0.998980632008,1,28,7,26,51
439,0.486283829804,0.0437249828687,0.119655627207,0.00610068405158,0.344234876069,0.999066373241,1,27.6666666667,7,26,50
440,0.218994734764,0.0624582982509,0.0397677149385,0.612988538004,0.0657907140431,0.997818361961,0.904761904762,29.3333333333,10,29,49
441,0.61014078087,0.012337726303,0.250110431377,0.0276599118152,0.0997511496347,0.999161641278,0.904761904762,27.6666666667,7,26,50
442,0.0945734248912,0.169776446483,0.300740337491,0.115351241566,0.319558549568,0.998999685615,1,28,8,27,49
443,0.0238712054749,0.465661727207,0.211933653948,0.0994597826146,0.199073630756,0.998923471186,1,28,8,27,49
444,0.212387579794,0.190446550597,0.114110282325,0.119403039909,0.363652547374,0.999171168081,1,28.3333333333,8,26,51
445,0.321759653682,0.382697305357,0.191069270764,0.0404044970222,0.0640692731746,0.999590347443,1,28,8,26,50
446,0.439899241045,0.247502057787,0.180735868365,0.0729452976004,0.0589175352025,0.999571293835,1,27.6666666667,7,26,50
447,0.0539326187547,0.440197487256,0.0947536328197,0.091369962757,0.319746298413,0.999018739223,1,28,8,26,50
448,0.210380111521,0.248942409069,0.188272860086,0.30954845735,0.0428561619736,0.998990158812,1,28,8,27,49
449,0.342648393677,0.126852160021,0.415345330738,0.0925063548011,0.0226477607621,0.999361704155,1,28.3333333333,8,27,50
450,0.0819602503155,0.0302694060509,0.111080044061,0.633298083852,0.14339221572,0.996475082645,0.904761904762,29.3333333333,10,30,48
451,0.362475875852,0.197305173371,0.0673208446989,0.227151319044,0.145746787034,0.999361704155,1,27.6666666667,7,26,50
452,0.376716209292,0.117785363074,0.308298478583,0.0398578350418,0.157342114009,0.99971419589,1,28.3333333333,8,26,51
453,0.00360549912442,0.231161305911,0.205757456762,0.533204450291,0.0262712879119,0.996894262006,0.904761904762,29.6666666667,10,30,49
454,0.159517870279,0.0503531702896,0.00480717159532,0.475992545481,0.309329242355,0.998142273286,1,28.3333333333,9,27,49
455,0.0200970801778,0.12374128908,0.0864342968242,0.53709181262,0.232635521298,0.997094324883,1,28.6666666667,9,29,48
456,0.0450745025596,0.331383203009,0.263020141934,0.145139018721,0.215383133776,0.998713881506,1,28,8,27,49
457,0.713935027833,0.0416705793634,0.0470277332655,0.125697776407,0.0716688831314,0.99797079082,0.904761904762,27,7,25,49
458,0.548546711828,0.27509816768,0.0853555036625,0.0659523888335,0.0250472279958,0.998485238218,0.904761904762,27.6666666667,8,25,50
459,0.482540613374,0.123412997413,0.210987218795,0.107647882693,0.0754112877242,0.999561767032,1,27.6666666667,7,26,50
460,0.0612848376247,0.342876501669,0.0249513087723,0.407059311022,0.163828040911,0.998370916574,1,28,8,27,49
461,0.360436262831,0.132389413665,0.258399650592,0.115316740987,0.133457931925,0.999857097945,1,28.3333333333,8,26,51
462,0.361353077137,0.497818684621,0.00269972956485,0.0583622630384,0.0797662456382,0.998713881506,0.904761904762,27.6666666667,7,26,50
463,0.440984436306,0.0958345538713,0.0523934112367,0.0259258267591,0.384861771827,0.999066373241,1,27,7,25,49
464,0.382806969274,0.0115201685704,0.00126583006317,0.535076780342,0.0693302517498,0.998656720684,1,28.6666666667,9,28,49
465,0.313945281251,0.275760238194,0.21035140465,0.179145520328,0.0207975555762,0.999771356712,1,28.3333333333,7,27,51
466,0.217068769228,0.243507436323,0.208821780925,0.230817567743,0.0997844457817,0.999047319634,1,28,8,27,49
467,0.442979960334,0.0961406006677,0.0927027436966,0.124436295024,0.243740400277,0.999523659817,1,27.6666666667,7,26,50
468,0.174204867044,0.368442295329,0.16069929435,0.00792967940886,0.288723863869,0.999333123744,1,28.3333333333,8,26,51
469,0.105192177083,0.447217415755,0.207542626275,0.14137965127,0.0986681296166,0.999180694885,1,28.3333333333,8,27,50
470,0.279275697422,0.042363565247,0.00548555698565,0.00823740168953,0.664637778656,0.998618613469,1,27.3333333333,7,25,50
471,0.136609707467,0.0353949185236,0.285599694218,0.280909958621,0.26148572117,0.998666247487,1,28,8,27,49
472,0.0283394831724,0.0837972198847,0.839730174959,0.0217637910281,0.0263693309553,0.998142273286,1,28,8,27,49
473,0.273328705503,0.190118372814,0.0832006309521,0.199809290625,0.253543000106,0.999285489725,1,28.3333333333,8,26,51
474,0.131437135307,0.19082841727,0.212178292006,0.224862465305,0.240693690112,0.998809149542,1,28,8,27,49
475,0.535276160437,0.1030650086,0.183626909874,0.00533317306266,0.172698748027,0.999152114474,0.904761904762,27.6666666667,7,26,50
476,0.0012389789286,0.357862691149,0.420075798165,0.0259501565831,0.194872375175,0.998666247487,1,28,8,27,49
477,0.266404875099,0.120777640651,0.441217137087,0.0136847272428,0.15791561992,0.999266436118,1,28,8,26,50
478,0.0551525777373,0.166637516277,0.660362598932,0.0899619126447,0.0278853944088,0.998609086665,1,28,8,27,49
479,0.32860958367,0.182893937069,0.256801649232,0.135633574474,0.0960612555553,0.99971419589,1,28.3333333333,8,26,51
480,0.175492208086,0.48030877073,0.127751379425,0.0510027322073,0.165444909552,0.999314070136,1,28.3333333333,8,26,51
481,0.0704666455879,0.192123529697,0.0998413585719,0.251739553334,0.38582891281,0.998637667076,1,28,8,27,49
482,0.0820506925,0.749973987858,0.0050270846828,0.112836346153,0.0501118888069,0.998980632008,1,28.3333333333,8,26,51
483,0.169902904697,0.43774246722,0.0210505789222,0.263760276289,0.107543772872,0.999085426848,1,28.3333333333,8,27,50
484,0.00654101246704,0.675241554099,0.0392780644534,0.0486340760421,0.230305292939,0.998885363972,1,28.3333333333,8,26,51
485,0.0898725825522,0.023758990583,0.523398460326,0.162561167163,0.200408799376,0.998628140273,1,28,8,27,49
486,0.174699169506,0.181803696789,0.101839334482,0.109812740456,0.431845058767,0.999123534063,1,28,7,26,51
487,0.116344584777,0.653871389865,0.132118858155,0.0555614431224,0.0421037240809,0.999256909314,1,28.3333333333,8,26,51
488,0.020547322809,0.0224351883566,0.200648891967,0.185415562617,0.57095303425,0.998094639268,1,27.6666666667,8,27,48
489,0.0614886144852,0.242080602521,0.178566301676,0.237511245398,0.280353235919,0.99875198872,1,28,8,27,49
490,0.0946311663526,0.00649695389649,0.0384098830381,0.733554274174,0.126907722538,0.99497937447,0.904761904762,29.3333333333,11,30,47
491,0.44158552726,0.018133522814,0.0896641106286,0.257600695138,0.193016144159,0.999552240228,1,27.6666666667,7,26,50
492,0.377592923228,0.0112285009682,0.377163169396,0.196334809783,0.0376805966251,0.999256909314,1,28.3333333333,8,27,50
493,0.0945349281515,0.347528863319,0.0377700438132,0.138823964997,0.381342199719,0.998990158812,1,28.3333333333,8,26,51
494,0.047641810177,0.504927757344,0.328807246552,0.00631482507955,0.112308360848,0.999190221689,1,28,8,27,49
495,0.223888281174,0.499286698791,0.0988281186581,0.0272321560998,0.150764745276,0.999304543333,1,28.3333333333,8,26,51
496,0.00771606400786,0.116285228254,0.541477445619,0.297904115509,0.0366171466099,0.997380128993,1,29,8,30,49
497,0.201464399572,0.521086285115,0.16983570033,0.00175600317618,0.105857611807,0.999514133013,1,28.3333333333,8,26,51
498,0.0841134438204,0.240310109718,0.0460344451506,0.506563074062,0.122978927249,0.997913629998,0.904761904762,28.6666666667,8,29,49
499,0.14057030633,0.488092251356,0.173531490022,0.0852338570317,0.112572095259,0.999304543333,1,28.3333333333,8,27,50
500,0.322631470992,0.537071140119,0.058629943421,0.077803023853,0.00386442161467,0.9992188021,0.904761904762,28.6666666667,9,26,51
501,0.140635485765,0.0292660703241,0.340292403386,0.22127767442,0.268528366105,0.998875837168,1,28,8,27,49
502,0.0122915580233,0.168783310483,0.417182897704,0.0140182508678,0.387723982922,0.998771042328,1,27.6666666667,8,26,49
503,0.179352801583,0.362539494129,0.0369641806373,0.207246809994,0.213896713657,0.999171168081,1,28.3333333333,8,26,51
504,0.238859512353,0.353842856057,0.116781107751,0.033299075822,0.257217448018,0.999361704155,1,28.3333333333,8,26,51
505,0.622444318438,0.0171257868647,0.0887567252742,0.0461258947835,0.225547274639,0.99854239904,0.904761904762,27,7,25,49
506,0.0513902578957,0.223475350561,0.240646187898,0.397959031361,0.0865291722837,0.997799308354,1,28.6666666667,8,29,49
507,0.325839717814,0.143446112689,0.0766831686055,0.452747859606,0.0012831412854,0.998923471186,1,29,10,28,49
508,0.0410924564056,0.179244750915,0.611079181399,0.125565976275,0.0430176350053,0.998437604199,1,28.3333333333,8,28,49
509,0.156436906954,0.371759809875,0.2099563484,0.240076647969,0.0217702868021,0.998990158812,1,28,8,27,49
510,0.751461966312,0.0933595171743,0.0469022002656,0.0236899762169,0.0845863400311,0.997027637257,0.904761904762,27,7,24,50
511,0.105942030739,0.0236641589143,0.134513945502,0.206730789333,0.529149075511,0.998523345432,1,27.6666666667,8,27,48
512,0.506725801446,0.0116027333642,0.226308436938,0.206526508802,0.0488365194497,0.999752303105,1,27.6666666667,7,26,50
513,0.24490089431,0.178936614136,0.21139149175,0.310264995596,0.054506004208,0.998894890775,1,28,8,27,49
514,0.166713854836,0.144747390803,0.192925772719,0.208238827261,0.287374154381,0.999018739223,1,28,8,27,49
515,0.0228070762284,0.285809150614,0.120654971452,0.229746790361,0.340982011344,0.998513818629,1,28,8,27,49
516,0.23649542323,0.0199734969826,0.318016523039,0.378987161907,0.0465273948423,0.998580506254,1,28.3333333333,8,28,49
517,0.0706523434146,0.0945956032116,0.718036570844,0.0117664930082,0.104948989521,0.998428077396,1,28,8,27,49
518,0.0792427995041,0.279979195822,0.0248015230999,0.0712101287681,0.544766352806,0.998866310364,1,28,7,26,51
519,0.61173956608,0.189565828547,0.000488361202381,0.172174947974,0.0260312961962,0.998247068126,0.904761904762,27.6666666667,9,25,49
520,0.221874131016,0.0936869728582,0.0107942019699,0.52771200329,0.145932690866,0.998247068126,1,28.3333333333,8,28,49
521,0.110864685854,0.0872127158221,0.0618327729466,0.433752093988,0.306337731389,0.997980317624,1,27.6666666667,8,27,48
522,0.0115071476916,0.192649624054,0.140754374737,0.290273808707,0.364815044809,0.998018424838,1,28,8,27,49
523,0.123721747638,0.405819453945,0.207569738465,0.00883452639107,0.254054533561,0.999399811369,1,28,8,26,50
524,0.258009390544,0.430540720092,0.118859026295,0.0703889005286,0.122201962539,0.999580820639,1,28.3333333333,8,26,51
525,0.154995732364,0.217696662816,0.150963540891,0.140452496039,0.33589156789,0.999237855707,1,28.6666666667,8,27,51
526,0.854466104248,0.032357891071,0.0492951579423,0.0372467884294,0.0266340583094,0.995389027028,0.904761904762,27,8,24,49
527,0.0915310889759,0.155696343499,0.173593289076,0.390547290065,0.188631988384,0.998085112464,1,28.6666666667,8,29,49
528,0.340009922439,0.0586115825998,0.186183668603,0.379496721094,0.0356981052647,0.998894890775,1,28.3333333333,8,28,49
529,0.517530770826,0.0027519258136,0.0507596563322,0.266337811544,0.162619835485,0.999371230958,1,27.6666666667,7,26,50
530,0.0983452934209,0.00540084854507,0.328605885394,0.0333190419577,0.534328930682,0.99893299799,1,27.3333333333,7,26,49
531,0.222232957116,0.11549347949,0.573968417522,0.049660400274,0.0386447455976,0.998971105204,1,28,8,27,49
532,0.501394088029,0.191256837378,0.187344857499,0.0029704457637,0.117033771331,0.999256909314,0.904761904762,27.6666666667,7,26,50
533,0.447520557821,0.111172579275,0.177322399413,0.0840712365953,0.179913226895,0.999599874246,1,28,8,26,50
534,0.31865625944,0.414856327576,0.0437031320479,0.152122388558,0.0706618923782,0.999399811369,1,27.6666666667,7,26,50
535,0.0548989244041,0.240442677151,0.1876297175,0.254037849057,0.262990831888,0.998618613469,1,28,8,27,49
536,0.341857916766,0.318992812864,0.0926121366767,0.214300350963,0.0322367827304,0.99950460621,1,28,8,26,50
537,0.00212889656899,0.707864473237,0.107002596969,0.121657760482,0.0613462727437,0.999123534063,1,28.3333333333,8,27,50
538,0.0749751973284,0.356226326467,0.165434084961,0.217868219187,0.185496172055,0.998818676346,1,28,8,27,49
539,0.0207579218852,0.0492646641623,0.419785844435,0.070870189622,0.439321379895,0.998456657807,1,28,8,27,49
540,0.14822575743,0.201167111641,0.0384939208116,0.1292823916,0.482830818517,0.998980632008,1,28,7,26,51
541,0.17398060763,0.457824323883,0.0542093286152,0.0211795581542,0.292806181718,0.998999685615,1,28.3333333333,8,26,51
542,0.0741868844714,0.137624471822,0.189353229375,0.566508502865,0.0323269114661,0.996980003239,0.904761904762,29.3333333333,10,30,48
543,0.246910986021,0.0240824220217,0.218066026725,0.505086358201,0.0058542070309,0.997846942372,0.904761904762,29,10,29,48
544,0.106152468252,0.202501205101,0.0595566316228,0.250708444394,0.381081250631,0.998628140273,1,28.3333333333,8,27,50
545,0.154260196783,0.346117966782,0.0854821740816,0.255161257738,0.158978404615,0.999161641278,1,28.3333333333,8,27,50
546,0.06148701014,0.412436359273,0.203428231349,0.17054119257,0.152107206668,0.998799622739,1,28,8,27,49
547,0.0709330694208,0.393926770931,0.162317404127,0.224647690462,0.148175065059,0.998732935113,1,28,8,27,49
548,0.015989965689,0.140694831721,0.231279055178,0.0795950912437,0.532441056169,0.998666247487,1,27.6666666667,8,26,49
549,0.00291667386416,0.328528253897,0.0569820186441,0.345626562425,0.265946491169,0.998027951642,1,28,8,27,49
550,0.144255996312,0.147927149688,0.262823917431,0.410464883665,0.0345280529037,0.99825659493,1,28.6666666667,8,29,49
551,0.0161765470877,0.650727030001,0.181754716592,0.065243394107,0.0860983122118,0.999161641278,1,28.3333333333,8,27,50
552,0.0246911709471,0.0996666698468,0.137977837205,0.131747198845,0.605917123156,0.99846618461,1,27,7,26,48
553,0.226060907681,0.119214503008,0.103204942781,0.380481463997,0.171038182532,0.998761515524,1,28,8,27,49
554,0.0598781756987,0.210346639181,0.425209512619,0.0311856161318,0.273380056369,0.998866310364,1,28,8,27,49
555,0.0170999404827,0.119456967959,0.413056184676,0.354219717064,0.0961671898193,0.997284860956,1,28.6666666667,8,29,49
556,0.412728788757,0.122076102869,0.0050231515683,0.165580764398,0.294591192408,0.999256909314,1,28,8,26,50
557,0.5860486108,0.0629763215337,0.151914218388,0.161754794961,0.0373060543174,0.999104480456,0.904761904762,27.6666666667,7,26,50
558,0.37094074007,0.03805606576,0.020158213543,0.491349548588,0.0794954320388,0.998666247487,1,28.3333333333,8,28,49
559,0.01725822114,0.591362056083,0.0773680149041,0.0855475834547,0.228464124418,0.999075900045,1,28,8,26,50
560,0.313683224085,0.281210283622,0.0638812206349,0.333935519069,0.00728975258961,0.999418864977,1,29.3333333333,9,28,51
561,0.405592914287,0.166961827995,0.334817599746,0.0719337768523,0.0206938811193,0.999828517534,1,28.3333333333,8,26,51
562,0.206282167515,0.0258487369245,0.464142167586,0.0891406410185,0.214586286956,0.998923471186,1,28,8,27,49
563,0.0323985219135,0.0561720467496,0.618698204281,0.157501663628,0.135229563428,0.998008898035,1,28.6666666667,8,29,49
564,0.214826285834,0.0759702899366,0.0170947209558,0.365805353395,0.326303349879,0.998732935113,1,28.3333333333,8,27,50
565,0.282498651979,0.247839896229,0.430844287744,0.00072165747111,0.038095506577,0.99950460621,1,28.3333333333,8,27,50
566,0.312122172406,0.293709935004,0.275041566823,0.0798855225859,0.0392408031805,0.999866624749,1,28.3333333333,8,26,51
567,0.153618033322,0.0146024068672,0.103781073563,0.00114516645208,0.726853319796,0.998866310364,1,27.3333333333,7,26,49
568,0.0875592967539,0.14941572731,0.681549934455,0.00924810297621,0.0722269385042,0.998666247487,1,28,8,27,49
569,0.207130229579,0.140345863178,0.0101400065107,0.614384007658,0.0279998930746,0.997675459906,0.904761904762,30,11,30,49
570,0.00399904873076,0.241653834233,0.302747046803,0.2762104417,0.175389628534,0.998027951642,1,28.3333333333,8,28,49
571,0.711201313444,0.197768299777,0.00864354814392,0.0767937251843,0.00559311344998,0.997027637257,0.904761904762,27.6666666667,8,25,50
572,0.241053016952,0.475875000245,0.157677133959,0.0444104746156,0.080984374228,0.999561767032,1,28.3333333333,8,26,51
573,0.102730746745,0.391117176674,0.391959768115,0.0512683103062,0.0629239981593,0.999266436118,1,28,8,27,49
574,0.0441453876133,0.089768828599,0.0139256537196,0.165913375346,0.686246754722,0.998418550592,1,27.3333333333,7,26,49
575,0.306881053357,0.0412430050972,0.118940849963,0.123855919892,0.40907917169,0.999209275296,1,28,7,26,51
576,0.375222480958,0.0606214114753,0.0679441411746,0.108362691988,0.387849274405,0.999333123744,1,27.6666666667,8,26,49
577,0.030854092178,0.403837732092,0.0302129834641,0.0769419960913,0.458153196175,0.998742461917,1,28,7,26,51
578,0.0767003365176,0.0677966309876,0.0958122464264,0.531401383175,0.228289402893,0.997208646527,0.904761904762,28.3333333333,8,29,48
579,0.0113628818275,0.0665010576553,0.629485442383,0.14346960929,0.149181008844,0.997999371231,1,28,8,27,49
580,0.0704946699941,0.157821623127,0.253770490383,0.503495081061,0.0144181354345,0.997056217668,0.904761904762,29.3333333333,10,30,48
581,0.662172359717,0.0278885024203,0.231982278535,0.0337710301967,0.0441858291309,0.998656720684,0.904761904762,27.3333333333,7,25,50
582,0.0638533911873,0.386369270466,0.0721953409731,0.183376287158,0.294205710215,0.998913944383,1,28,8,27,49
583,0.11443469349,0.308332064566,0.143776653124,0.272051646104,0.161404942716,0.998875837168,1,28,8,27,49
584,0.218134596797,0.226931291825,0.0387971114456,0.0236848447365,0.492452155197,0.998904417579,1,28,7,26,51
585,0.340045579511,0.117607645185,0.0448750114996,0.374387468868,0.123084294937,0.998961578401,1,29,9,27,51
586,0.285764723478,0.207792711136,0.42779828293,0.0651205342342,0.0135237482214,0.999456972191,1,28.3333333333,8,27,50
587,0.0787346765879,0.213553907347,0.572554883196,0.0731501019401,0.062006430929,0.99882820315,1,28,8,27,49
588,0.342521661251,0.0761285604039,0.158984347594,0.410124567927,0.0122408628243,0.998904417579,1,29,10,28,49
589,0.0894581533016,0.0403273244931,0.175642120918,0.546873097774,0.147699303513,0.997094324883,0.904761904762,29,10,29,48
590,0.279689240597,0.246940730726,0.261784521466,0.0135735551888,0.198011952023,0.999685615479,1,28.3333333333,8,26,51
591,0.0244361069158,0.681867581375,0.0215158952887,0.226816671805,0.0453637446152,0.998885363972,1,28,8,27,49
592,0.00149204225442,0.110014824982,0.733025188528,0.0485903854602,0.106877558775,0.998104166071,1,28,8,27,49
593,0.0565523965792,0.261840257031,0.0191915851989,0.581856536121,0.0805592250691,0.996865681595,0.904761904762,29.3333333333,10,30,48
594,0.0490639029929,0.0307116443572,0.553135237982,0.352208133727,0.0148810809409,0.997208646527,1,29,8,30,49
595,0.17910732898,0.123786181331,0.0891675940368,0.54205601185,0.0658828838034,0.998294702144,0.904761904762,29.3333333333,10,29,49
596,0.0701176416336,0.0899446610952,0.583433520141,0.125579660325,0.130924516805,0.998628140273,1,28,8,27,49
597,0.210637909359,0.070219835142,0.181053220541,0.0437993925325,0.494289642425,0.999180694885,1,28,7,26,51
598,0.372588958788,0.482292857666,0.042374344707,0.0669625168607,0.0357813219782,0.998818676346,0.904761904762,28.3333333333,8,26,51
599,0.0748966747557,0.118868232002,0.696289497075,0.0587783769924,0.0511672191748,0.99846618461,1,28,8,27,49
600,0.2046248405,0.358607649961,0.149937692649,0.037865377835,0.248964439056,0.999352177351,1,28.3333333333,8,26,51
601,0.412483713872,0.125311027945,0.269759792083,0.0546688862918,0.137776579807,0.999771356712,1,28,8,26,50
602,0.109729278915,0.302901019047,0.313966365589,0.132564275276,0.140839061173,0.998904417579,1,28,8,27,49
603,0.0955666031978,0.121205402034,0.184786662457,0.381106026208,0.217335306104,0.998094639268,1,28.3333333333,8,29,48
604,0.0225757468474,0.475141679997,0.103368112665,0.0934235647775,0.305490895713,0.998866310364,1,28,8,26,50
605,0.00538262489667,0.129600874665,0.279217097915,0.0169548466485,0.568844555874,0.998780569131,1,27.3333333333,7,26,49
606,0.0239118644592,0.257433173379,0.233054663659,0.0225550841905,0.463045214313,0.998875837168,1,27.6666666667,8,26,49
607,0.190554851335,0.294949908866,0.0907771072204,0.169521687958,0.25419644462,0.999342650547,1,28.3333333333,8,26,51
608,0.172582032645,0.13194604046,0.599056944267,0.0168844121734,0.0795305704544,0.998847256757,1,28,8,27,49
609,0.356172237494,0.136740177696,0.0318300852161,0.24057271701,0.234684782584,0.999295016529,1,28.3333333333,8,26,51
610,0.292584725154,0.32167305774,0.328307891628,0.0110237279949,0.0464105974842,0.999742776301,1,28.3333333333,8,26,51
611,0.00409886630339,0.505356257914,0.179824437062,0.000728578250116,0.309991860471,0.999028266026,1,28,8,26,50
612,0.0475982423281,0.149746842587,0.485659967208,0.116358480078,0.200636467799,0.998494765021,1,28,8,27,49
613,0.0386626708002,0.245940455657,0.422466497761,0.0408570815486,0.252073294233,0.998723408309,1,28,8,27,49
614,0.114023343629,0.206338156087,0.29715013567,0.00334441285362,0.37914395176,0.999075900045,1,27.6666666667,8,26,49
615,0.114386581459,0.441133235782,0.324411628522,0.0914238015857,0.0286447526508,0.999247382511,1,28,8,27,49
616,0.30861847166,0.195205317292,0.351154495446,0.0429687965228,0.102052919079,0.999514133013,1,28,8,26,50
617,0.137579511244,0.148068131607,0.471827277478,0.144874647953,0.0976504317186,0.998971105204,1,28,8,27,49
618,0.0343814454053,0.0642587576865,0.712755642991,0.112062456019,0.0765416978979,0.998056532053,1,28.3333333333,8,28,49
619,0.371986511927,0.155971824315,0.101223615382,0.0686452254725,0.302172822903,0.999476025799,1,27.6666666667,8,26,49
620,0.365602378302,0.139458403865,0.121021831856,0.298480211745,0.0754371742311,0.999552240228,1,28.3333333333,7,27,51
621,0.067396963356,0.191347440189,0.00759113752815,0.447383501916,0.28628095701,0.998066058857,1,28.3333333333,9,27,49
622,0.113713205472,0.469854358624,0.0708191832496,0.140349180834,0.20526407182,0.999171168081,1,28,8,26,50
623,0.612481458647,0.0985542661701,0.0825034190153,0.148937975251,0.0575228809165,0.998618613469,0.904761904762,27.3333333333,7,25,50
624,0.000372092104268,0.250349183593,0.476095375871,0.152108617682,0.12107473075,0.998485238218,1,28,8,27,49
625,0.0072737948962,0.0965973785677,0.396085123379,0.345992162374,0.154051540783,0.997465870226,1,28.6666666667,8,29,49
626,0.158025499927,0.145919063769,0.401572949003,0.188373572064,0.106108915237,0.998923471186,1,28,8,27,49
627,0.0762674338197,0.04563394027,0.0545247941657,0.156698073951,0.666875757794,0.998570979451,1,27,7,26,48
628,0.217634730432,0.142485659108,0.203005907181,0.396564802636,0.040308900643,0.998742461917,1,28.3333333333,8,28,49
629,0.00696938861616,0.288728148223,0.135859392617,0.23776271956,0.330680350983,0.998532872236,1,28,8,27,49
630,0.141504197082,0.27425740314,0.352456224816,0.0590766177368,0.172705557226,0.999199748492,1,28,8,27,49
631,0.106636380019,0.021921391118,0.0400125074743,0.00358185023856,0.82784787115,0.99864719388,1,27,7,25,49
632,0.316693363,0.335225016428,0.0156670066767,0.123890843988,0.208523769907,0.999190221689,1,28,8,26,50
633,0.135100043374,0.486982570491,0.085957220571,0.0334325773008,0.258527588263,0.999018739223,1,28.3333333333,8,26,51
634,0.181219415173,0.0505211791506,0.446742542458,0.229683516464,0.0918333467539,0.998913944383,1,28,8,27,49
635,0.0723050903424,0.411759440574,0.104824735939,0.405233789916,0.00587694322842,0.998170853697,1,29.3333333333,10,29,49
636,0.194766434434,0.268889123338,0.17473972347,0.0563653661191,0.305239352638,0.999399811369,1,28.3333333333,8,26,51
637,0.120204238358,0.453063633295,0.236252435114,0.141126792402,0.0493529008311,0.999228328903,1,28.3333333333,8,27,50
638,0.0975659144596,0.234084737229,0.333911248718,0.213415868689,0.121022230904,0.998894890775,1,28,8,27,49
639,0.444001717068,0.0587343649103,0.142910621519,0.295716625003,0.0586366714994,0.999761829908,1,27.6666666667,7,26,50
640,0.0322418808538,0.645444688208,0.0821556070634,0.00474968884554,0.235408135029,0.999047319634,1,28.3333333333,8,26,51
641,0.621614476046,0.0927628720237,0.0904776425193,0.0413821037309,0.15376290568,0.99846618461,0.904761904762,27,7,25,49
642,0.347755991478,0.245762138127,0.175290172163,0.208724318052,0.0224673801806,0.999799937123,1,28.3333333333,8,26,51
643,0.123433817953,0.163034857866,0.165965218336,0.358712835545,0.188853270301,0.998580506254,1,28,8,27,49
644,0.157741694061,0.0165829609819,0.0891205141703,0.0378011036089,0.698753727178,0.998904417579,1,27.3333333333,7,26,49
645,0.0820782943553,0.147381329913,0.159549916475,0.447317724652,0.163672734604,0.998037478446,0.904761904762,28.6666666667,8,29,49
646,0.0731259598641,0.344118168417,0.259964599338,0.111902753972,0.210888518409,0.998980632008,1,28,8,27,49
647,0.338626999242,0.184168308661,0.248004603183,0.0442609226856,0.184939166228,0.999723722694,1,28.3333333333,8,26,51
648,0.0897898459613,0.231003728386,0.263715350851,0.0706370782643,0.344853996538,0.998990158812,1,27.6666666667,8,26,49
649,0.0738002563823,0.120623461351,0.315590179833,0.265015558276,0.224970544158,0.998475711414,1,28,8,27,49
650,0.0794357558544,0.252690498951,0.0853102376172,0.162297553322,0.420265954256,0.998732935113,1,28,8,27,49
651,0.555516193529,0.208113357651,0.0186822720182,0.177158932876,0.0405292439253,0.998504291825,0.904761904762,27.6666666667,9,25,49
652,0.253495496286,0.10220597363,0.154016588868,0.153470911157,0.336811030059,0.999390284566,1,28.3333333333,8,26,51
653,0.0726500257447,0.12865924337,0.19457875491,0.53038271788,0.0737292580943,0.997037164061,0.904761904762,29.3333333333,10,30,48
654,0.164136744531,0.0492766989149,0.175580205422,0.451340079265,0.159666271867,0.998247068126,1,28.3333333333,8,29,48
655,0.294063632302,0.0655477666357,0.211549604555,0.313864015518,0.114974980989,0.998913944383,1,28,8,27,49
656,0.434265785903,0.0784653297007,0.119967560111,0.120163633079,0.247137691206,0.999437918584,1,28,8,26,50
657,0.212365884894,0.240994705184,0.0879406318723,0.183990376331,0.274708401719,0.999256909314,1,28.3333333333,8,26,51
658,0.100290898686,0.486867579658,0.00623748079975,0.376572210876,0.0300318299801,0.99846618461,1,27.6666666667,8,27,48
659,0.211415066645,0.188465112719,0.141425596995,0.309237373031,0.14945685061,0.998894890775,1,28,8,27,49
660,0.161905740834,0.129767697211,0.0563681265379,0.0587313229664,0.593227112451,0.998999685615,1,28,7,26,51
661,0.11561714829,0.027708488225,0.216646833082,0.357724200551,0.282303329853,0.998304228948,1,27.6666666667,8,27,48
662,0.22888539164,0.00901337547467,0.613569991405,0.0927156086651,0.0558156328146,0.998799622739,1,28,8,27,49
663,0.194457800538,0.0632243317752,0.496795218801,0.157252683417,0.0882699654683,0.998980632008,1,28,8,27,49
664,0.202000120748,0.137390751734,0.256558627842,0.188665570387,0.215384929288,0.998894890775,1,28,8,27,49
665,0.338600305757,0.0962235564995,0.0682267032898,0.191471518453,0.305477916,0.999447445388,1,28.3333333333,8,26,51
666,0.152487705091,0.0632421537624,0.444953703546,0.217741979906,0.121574457695,0.998913944383,1,28,8,27,49
667,0.492851182393,0.0745403091989,0.190848801919,0.236044873943,0.00571483254727,0.999771356712,1,27.6666666667,7,26,50
668,0.146761181102,0.102161847706,0.071328305546,0.0608658231399,0.618882842506,0.99893299799,1,28,7,26,51
669,0.347534721163,0.0184956677443,0.296060117775,0.0317446268057,0.306164866512,0.999533186621,1,28.3333333333,8,26,51
670,0.225205503208,0.0844612941325,0.30068063494,0.331494865087,0.0581577026331,0.99882820315,1,28.3333333333,8,28,49
671,0.00465434606028,0.611996929461,0.0551072157783,0.149366252143,0.178875256557,0.998847256757,1,28.3333333333,8,27,50
672,0.0147159974715,0.196084772224,0.199655709547,0.381963366965,0.207580153793,0.997732620728,1,28.6666666667,8,29,49
673,0.295771642303,0.0198885754008,0.0289451430962,0.452466185325,0.202928453874,0.998618613469,1,28.3333333333,9,27,49
674,0.0722547510886,0.541631753906,0.247148621225,0.102447478688,0.0365173950918,0.999247382511,1,28.3333333333,8,27,50
675,0.012384813454,0.658577166355,0.00345199118578,0.112782429404,0.212803599601,0.998790095935,1,28.3333333333,8,26,51
676,0.12843096311,0.0244149496074,0.0581015377326,0.045688802324,0.743363747225,0.998856783561,1,27.3333333333,7,26,49
677,0.00252135321466,0.656449255875,0.23604119003,0.0422010270241,0.0627871738566,0.999171168081,1,28.3333333333,8,27,50
678,0.657558067056,0.211806210847,0.0269932345552,0.0339979933464,0.0696444941956,0.997342021778,0.904761904762,27.3333333333,8,24,50
679,0.300691421824,0.476660605947,0.0875554001015,0.0867743274425,0.0483182446847,0.999437918584,1,28,8,26,50
680,0.81287660632,0.0310437211036,0.0474509240724,0.0556620024833,0.0529667460207,0.996532243467,0.904761904762,27.3333333333,8,24,50
681,0.282085377798,0.157073072658,0.344059043997,0.173507025645,0.0432754799011,0.999285489725,1,28,8,27,49
682,0.135799188416,0.251648651044,0.0547229930998,0.347173817077,0.210655350363,0.998713881506,1,28,8,27,49
683,0.0770952288601,0.0878646987757,0.0469601645242,0.534872725992,0.253207181849,0.997208646527,0.904761904762,28.3333333333,8,29,48
684,0.0874741323263,0.369849028038,0.253084756058,0.0622710841144,0.227320999463,0.999199748492,1,27.6666666667,8,26,49
685,0.0450045123484,0.0489169613958,0.328824308942,0.0814481497301,0.495806067584,0.998723408309,1,27.6666666667,8,26,49
686,0.279990630766,0.0156756461958,0.133749884691,0.266885529512,0.303698308836,0.9992188021,1,28.3333333333,8,27,50
687,0.237027759009,0.0416372840791,0.0348998181441,0.469831335891,0.216603802877,0.998494765021,1,28.3333333333,9,27,49
688,0.189901687734,0.245758912218,0.0901826512826,0.255128260427,0.219028488339,0.999275962922,1,28.6666666667,8,27,51
689,0.220714014787,0.0621403714065,0.193942251964,0.220243339608,0.302960022235,0.999056846437,1,28,8,27,49
690,0.165691668666,0.142458376072,0.0118251951617,0.543257464132,0.136767295968,0.998018424838,1,28.6666666667,8,29,49
691,0.231068031696,0.325090827365,0.212685593273,0.145528383894,0.0856271637728,0.999342650547,1,28.3333333333,8,27,50
692,0.0508014824268,0.530703927674,0.274196571814,0.0813755650744,0.0629224530105,0.999161641278,1,28,8,27,49
693,0.0701194029742,0.15000365879,0.168947462399,0.60150545908,0.00942401675664,0.996741833148,0.904761904762,30,11,30,49
694,0.0588848614743,0.0580324301692,0.240931752513,0.351642036163,0.290508919681,0.997856469176,1,28,8,28,48
695,0.115364934331,0.258959688805,0.0120098606587,0.352768509983,0.260897006223,0.998475711414,1,28.3333333333,9,27,49
696,0.106305126114,0.176573006914,0.480987484591,0.134931812575,0.101202569805,0.998942524794,1,28,8,27,49
697,0.387541531895,0.124993623526,0.152778946973,0.169892173247,0.16479372436,0.999857097945,1,28.3333333333,8,26,51
698,0.324959217476,0.00327700805993,0.298618370949,0.249520642776,0.123624760739,0.998961578401,1,28,8,27,49
699,0.157902449708,0.0485332191606,0.254409063435,0.28574043369,0.253414834006,0.998694827898,1,28,8,27,49
700,0.108210963574,0.245140741135,0.169639985201,0.435039251043,0.0419690590478,0.998285175341,1,28.6666666667,8,29,49
701,0.325428468696,0.121198919821,0.473352151302,0.0284573537655,0.0515631064158,0.999295016529,1,28.3333333333,8,27,50
702,0.0157453255049,0.636168860488,0.0133658648188,0.162494235982,0.172225713207,0.998913944383,1,28,8,27,49
703,0.00823001096317,0.538696067357,0.324686462081,0.0690345943319,0.0593528652669,0.998999685615,1,28,8,27,49
704,0.00112307495933,0.0411544218481,0.110440774975,0.424372676082,0.422909052135,0.997618299084,1,28,8,28,48
705,0.101263201205,0.435746444139,0.140901885735,0.186211115944,0.135877352977,0.999094953652,1,28.3333333333,8,27,50
706,0.290443303064,0.0295887506334,0.0219374844245,0.0832089621553,0.574821499723,0.99893299799,1,28,7,26,51
707,0.328001151582,0.159574623863,0.044479404234,0.229977087039,0.237967733283,0.99932359694,1,28.3333333333,8,26,51
708,0.0802402182992,0.345931529045,0.149418693303,0.385034116884,0.0393754424691,0.998208960912,1,28.6666666667,8,29,49
709,0.349369587531,0.246605193517,0.210705376848,0.0783921362518,0.114927705852,0.999904731963,1,28.3333333333,8,26,51
710,0.0787310362315,0.491662895121,0.0997649779876,0.301585409251,0.0282556814086,0.998609086665,1,28,8,27,49
711,0.267772137876,0.174318442024,0.12854255229,0.411778208705,0.0175886591047,0.998761515524,1,28.6666666667,9,28,49
712,0.00865530265649,0.075183225916,0.0783602308614,0.118654153236,0.71914708733,0.998447131003,1,27,7,26,48
713,0.0980673807765,0.170095108149,0.140263513357,0.52962868704,0.0619453106765,0.997208646527,0.904761904762,29.6666666667,10,30,49
714,0.553334404039,0.20687037251,0.147739773461,0.0448885647889,0.0471668852016,0.998685301095,0.904761904762,27.3333333333,7,25,50
715,0.127321671204,0.0683680253408,0.0230385854689,0.584121287203,0.197150430784,0.997380128993,0.904761904762,29.3333333333,10,29,49
716,0.274498053047,0.196675654466,0.16498680718,0.0336592338602,0.330180251448,0.999409338173,1,28.3333333333,8,26,51
717,0.085253838482,0.307285130051,0.336695533714,0.0680572618137,0.20270823594,0.998980632008,1,28,8,27,49
718,0.0131728511157,0.0823886766423,0.314617687468,0.245181079143,0.344639705631,0.99825659493,1,28,8,27,49
719,0.373101927548,0.0383045924504,0.323871049936,0.0110774878996,0.253644942166,0.999561767032,1,28.3333333333,8,26,51
720,0.135309143168,0.245224880048,0.209018970577,0.326353266336,0.0840937398714,0.998675774291,1,28,8,27,49
721,0.418317264121,0.123098329251,0.17036590814,0.238369077916,0.0498494205713,0.99989520516,1,27.6666666667,7,26,50
722,0.103014498054,0.0459877593426,0.142584146619,0.511760181695,0.196653414289,0.997227700134,0.904761904762,28.3333333333,8,29,48
723,0.127137125921,0.225036803901,0.383734282384,0.15994797285,0.104143814944,0.998923471186,1,28,8,27,49
724,0.0535653986363,0.17307168499,0.260797291271,0.240165437685,0.272400187418,0.998513818629,1,28,8,27,49
725,0.211387022898,0.189296238178,0.582152685116,0.00759685252219,0.00956720128573,0.999056846437,1,28,8,27,49
726,0.103839065407,0.29065747021,0.222310662356,0.326850067216,0.05634273481,0.998456657807,1,28.3333333333,8,28,49
727,0.400946321075,0.0271566451508,0.0292540035515,0.198650716287,0.343992313935,0.99932359694,1,27.6666666667,8,26,49
728,0.307227692318,0.182063023064,0.252870281507,0.221265469763,0.0365735333489,0.999152114474,1,28.3333333333,8,27,50
729,0.0156289726944,0.858724916984,0.0140154211759,0.0728670174857,0.0387636716599,0.998790095935,1,28.3333333333,8,26,51
730,0.179307954016,0.335868013242,0.137242091724,0.268380168291,0.0792017727275,0.998980632008,1,28,8,27,49
731,0.281666633292,0.258289585576,0.0065909815455,0.105800787939,0.347652011648,0.999133060867,1,28.3333333333,8,26,51
732,0.325584084351,0.100745249655,0.237444704466,0.294724152287,0.0415018092404,0.999009212419,1,28.3333333333,8,28,49
733,0.431896756802,0.0840636674161,0.132423857809,0.285195907819,0.0664198101535,0.99981899073,1,27.6666666667,7,26,50
734,0.153312168402,0.256082011696,0.265428627001,0.0393617995615,0.28581539334,0.999237855707,1,28,8,26,50
735,0.115789305389,0.223498294087,0.232047480688,0.265852362692,0.162812557144,0.998771042328,1,28,8,27,49
736,0.00362037432216,0.104440893039,0.0531483015386,0.447371254995,0.391419176105,0.997599245477,1,28,8,28,48
737,0.189026876479,0.071457464757,0.0196881878031,0.094824038861,0.6250034321,0.998894890775,1,28,7,26,51
738,0.000437009762168,0.765512732113,0.0465268398063,0.00279328918167,0.184730129136,0.998904417579,1,28.3333333333,8,26,51
739,0.597037932314,0.218872929487,0.0288724242776,0.0114630939165,0.143753620005,0.998066058857,0.904761904762,27,7,24,50
740,0.654943174795,0.0247221563989,0.170107423884,0.136420459926,0.0138067849956,0.998875837168,0.904761904762,27.3333333333,7,25,50
741,0.106894776278,0.786921040522,0.0703892431067,0.0109920511282,0.024802888966,0.999066373241,1,28.3333333333,8,26,51
742,0.520280673612,0.355456584115,0.0167426287425,0.0965014544912,0.0110186590393,0.998332809359,0.904761904762,27.6666666667,8,25,50
743,0.300263178058,0.041369659523,0.00556516160921,0.275117965406,0.377684035404,0.999133060867,1,28.3333333333,8,26,51
744,0.0435460948523,0.0663458780618,0.481099090051,0.0833263548925,0.325682582143,0.998504291825,1,28,8,27,49
745,0.466179652438,0.0101904633258,0.101699853568,0.207790658396,0.214139372272,0.999495079406,1,27.6666666667,7,26,50
746,0.0362513543018,0.0743309323914,0.10394974022,0.320714582745,0.464753390341,0.998104166071,1,27.6666666667,8,27,48
747,0.0344291858458,0.665050359058,0.0310062381764,0.126181994829,0.143332222091,0.998894890775,1,28.6666666667,8,27,51
748,0.0983850264466,0.0524702387256,0.294518071241,0.316493930798,0.238132732789,0.998370916574,1,28,8,27,49
749,0.647378835042,0.0175843837318,0.178265892203,0.141008496549,0.0157623924746,0.998971105204,0.904761904762,27.6666666667,7,26,50
750,0.0839197822353,0.613194796357,0.0356966594212,0.0510645426931,0.216124219294,0.998923471186,1,28.3333333333,8,26,51
751,0.408771575882,0.116997687358,0.0286958279949,0.115297617049,0.330237291716,0.999275962922,1,28,8,26,50
752,0.125807348522,0.181302840291,0.211039770007,0.0896574550546,0.392192586125,0.999180694885,1,28,8,26,50
753,0.123163562938,0.349086091921,0.011802027109,0.0967946350846,0.419153682947,0.998971105204,1,28.3333333333,8,26,51
754,0.426201178124,0.0882035423767,0.248857920618,0.187777494974,0.0489598639076,0.999857097945,1,28,7,26,51
755,0.346343590585,0.194665815561,0.197367417111,0.192749759607,0.0688734171358,0.999790410319,1,28,7,26,51
756,0.0216106457003,0.298463892822,0.471410860424,0.208127446201,0.000387154852678,0.998456657807,1,28.6666666667,8,29,49
757,0.0954213145096,0.389617600252,0.203654330209,0.272323063783,0.0389836912457,0.998704354702,1,28,8,27,49
758,0.224821124526,0.534245115827,0.178303667182,0.0222622756509,0.0403678168133,0.99960940105,1,28.3333333333,8,26,51
759,0.262007120625,0.243623354057,0.00306991999958,0.34411084293,0.147188762389,0.999018739223,1,28.6666666667,8,27,51
760,0.114105524913,0.0837397700748,0.168873786536,0.410678596138,0.222602322338,0.998113692875,1,28.3333333333,8,29,48
761,0.126953364441,0.368373952431,0.0136065780231,0.0527469664012,0.438319138704,0.998971105204,1,28,7,26,51
762,0.0961248780839,0.00305607788172,0.620326214458,0.161019862919,0.119472966657,0.998475711414,1,28,8,27,49
763,0.233249087734,0.491644082783,0.166244279199,0.0154370668296,0.0934254834541,0.999523659817,1,28.3333333333,8,26,51
764,0.101174637686,0.446845295824,0.111784551063,0.280437696111,0.0597578193156,0.99882820315,1,28,8,27,49
765,0.168423095029,0.000475865607771,0.453241752653,0.0967111385127,0.281148148198,0.998856783561,1,28,8,27,49
766,0.45830604855,0.0999873183654,0.38164398639,0.0214331424207,0.0386295042736,0.999761829908,1,28,8,26,50
767,0.276497649451,0.1644202333,0.18997276816,0.201708200765,0.167401148324,0.999304543333,1,28.6666666667,8,27,51
768,0.378155463382,0.216006316488,0.259697470514,0.0170761588884,0.129064590727,0.99981899073,1,28.3333333333,8,26,51
769,0.482938851749,0.00114257431309,0.0399519052587,0.402904486031,0.0730621826481,0.999295016529,1,28.3333333333,8,27,50
770,0.339043685759,0.27914904371,0.100972444535,0.00905560117424,0.271779224821,0.999285489725,1,28,8,26,50
771,0.0991436397209,0.0427127692208,0.397063273303,0.408808693914,0.0522716238414,0.997465870226,0.904761904762,29.3333333333,9,30,49
772,0.160860810135,0.0122012051447,0.498932435491,0.169580129513,0.158425419717,0.998894890775,1,28,8,27,49
773,0.231474124583,0.111793070122,0.329159322909,0.0744933169815,0.253080165404,0.999161641278,1,27.6666666667,8,26,49
774,0.268929474726,0.163226809224,0.0720975576389,0.249058422616,0.246687735795,0.999285489725,1,28.3333333333,8,26,51
775,0.0650095250169,0.514411764284,0.0244715734,0.105193146827,0.290913990472,0.998894890775,1,28.3333333333,8,26,51
776,0.0465020002901,0.137911856137,0.243353183337,0.491208640419,0.0810243198169,0.997094324883,0.904761904762,29.3333333333,10,30,48
777,0.305339070165,0.359124619605,0.176841287417,0.0377964144862,0.120898608327,0.999704669086,1,28.3333333333,8,26,51
778,0.0266202553022,0.566900697596,0.199691280163,0.0140761784802,0.192711588458,0.9992188021,1,28,8,26,50
779,0.0221441370275,0.512869765516,0.193426490389,0.181875814633,0.0896837924344,0.998618613469,1,28,8,27,49
780,0.137729141299,0.233312703257,0.614295554821,0.00844949711906,0.00621310350398,0.998913944383,1,28,8,27,49
781,0.0631564908692,0.114957227215,0.327878365782,0.481788311959,0.0122196041757,0.997065744472,0.904761904762,29.6666666667,10,31,48
782,0.391126590649,0.208787005371,0.045074950714,0.180756780798,0.174254672469,0.999552240228,1,27.6666666667,7,26,50
783,0.0389711152616,0.22729825243,0.118832634408,0.0377557182269,0.577142279674,0.998809149542,1,27.6666666667,7,26,50
784,0.333578993446,0.285468687417,0.278178619232,0.0644856061441,0.0382880937606,0.999933312374,1,28.3333333333,8,26,51
785,0.141774006315,0.166991546052,0.37366558897,0.00841360028637,0.309155258376,0.999114007259,1,27.6666666667,8,26,49
786,0.327608411256,0.00380433604863,0.0846663478567,0.33874566127,0.245175243568,0.998980632008,1,28.6666666667,8,27,51
787,0.463939136365,0.111663282359,0.121744409738,0.162173272448,0.14047989909,0.999542713424,1,27.6666666667,7,26,50
788,0.0576698743325,0.381606289284,0.111348867516,0.347659298223,0.101715670644,0.998399496985,1,28,8,27,49
789,0.0342186858212,0.213705544684,0.0365247980759,0.0215955013149,0.693955470104,0.998532872236,1,28,7,26,51
790,0.58546139295,0.0549706456672,0.0698235637229,0.0677049955924,0.222039402068,0.998609086665,0.904761904762,27,7,25,49
791,0.146315412902,0.059824118082,0.373054122099,0.26819633807,0.152610008847,0.998685301095,1,28,8,27,49
792,0.305574545069,0.296362022695,0.0148486881219,0.0495268321696,0.333687911944,0.999123534063,1,27.6666666667,8,26,49
793,0.0218809996847,0.185545854967,0.0715080723698,0.31700336496,0.404061708019,0.998123219679,1,28,8,27,49
794,0.16029868581,0.010717505272,0.451759638663,0.230270765498,0.146953404757,0.998713881506,1,28,8,27,49
795,0.418930849736,0.124061476118,0.257928761231,0.00556377272591,0.193515140189,0.999552240228,1,28,8,26,50
796,0.318999939492,0.0380426342625,0.051157313235,0.47516217037,0.11663794264,0.998771042328,1,28.3333333333,8,28,49
797,0.449717925082,0.06780761222,0.01515618528,0.0392733228064,0.428044954612,0.998980632008,1,26.6666666667,7,24,49
798,0.0645058912582,0.19966936237,0.324404003489,0.323214467843,0.0882062750392,0.998104166071,1,28.6666666667,8,29,49
799,0.0845804620548,0.25942215736,0.524557228274,0.116554652442,0.0148854998695,0.998971105204,1,28,8,27,49
800,0.0691088852474,0.227157079397,0.122591461979,0.221754883611,0.359387689766,0.998637667076,1,28,8,27,49
801,0.214637739249,0.0314050054408,0.0909445792026,0.00377176587485,0.659240910233,0.998732935113,1,27.3333333333,7,26,49
802,0.148742234169,0.068427943218,0.189545165899,0.042052384026,0.551232272688,0.999056846437,1,27.3333333333,7,26,49
803,0.00541021339255,0.0514469986611,0.0478675049519,0.328829433457,0.566445849537,0.997885049587,1,27.6666666667,8,27,48
804,0.287617542288,0.00566253097524,0.52129486602,0.0249074333985,0.160517627318,0.999133060867,1,28,8,27,49
805,0.372642132895,0.124242376668,0.257222370438,0.105652037638,0.140241082362,0.999752303105,1,28.3333333333,8,26,51
806,0.137159166331,0.0321546024171,0.0537187629925,0.718656533077,0.0583109351829,0.996179751731,0.904761904762,29.6666666667,11,30,48
807,0.545358542061,0.0400351464978,0.103283458655,0.218725309655,0.0925975431318,0.999304543333,0.904761904762,27.6666666667,7,26,50
808,0.173016542825,0.205343578132,0.0570484352617,0.376550207183,0.188041236598,0.998685301095,1,28,8,27,49
809,0.568690039005,0.205731601432,0.0442329937969,0.169520235328,0.0118251304381,0.998618613469,0.904761904762,28,9,25,50
810,0.0786420927612,0.0714034352924,0.0956815455841,0.719076337467,0.0351965888956,0.995074642507,0.904761904762,31.3333333333,11,35,48
811,0.19697637072,0.018515408363,0.468752903334,0.292655875174,0.0230994424092,0.998713881506,1,28.6666666667,8,29,49
812,0.0561702937522,0.0577036343043,0.589514281435,0.10123099632,0.195380794189,0.99846618461,1,28,8,27,49
813,0.147184067351,0.136589839863,0.494306274853,0.213985748067,0.007934069865,0.99893299799,1,28.3333333333,8,28,49
814,0.503877804465,0.150426045929,0.300292303778,0.0202401871906,0.025163658637,0.999466498995,1,27.6666666667,7,26,50
815,0.148001571805,0.196246044764,0.0941208715554,0.31035619149,0.251275320385,0.998666247487,1,28,8,27,49
816,0.379738506425,0.191620031601,0.0988042213505,0.164783675412,0.165053565211,0.999618927854,1,27.6666666667,7,26,50
817,0.121697019692,0.207729998942,0.00668338666387,0.590375811003,0.0735137837,0.997380128993,0.904761904762,29,10,29,48
818,0.00589304445454,0.290418041088,0.443625270852,0.0801603649434,0.179903278662,0.998609086665,1,28,8,27,49
819,0.0197435689208,0.113542244078,0.246366561812,0.27996572453,0.340381900659,0.998037478446,1,27.6666666667,8,27,48
820,0.264141687426,0.0238721508365,0.403662819452,0.0585494926684,0.249773849617,0.999152114474,1,27.6666666667,8,26,49
821,0.34712913084,0.130940914424,0.11779671208,0.352162771986,0.0519704706712,0.999056846437,1,28.6666666667,8,28,50
822,0.0190677106796,0.262817852645,0.236185363052,0.434038960825,0.0478901127989,0.997122905294,0.904761904762,29.6666666667,9,31,49
823,0.236818905418,0.147849493808,0.264923931583,0.0887706761454,0.261636993046,0.999352177351,1,28.3333333333,8,26,51
824,0.0990415360461,0.0762986778455,0.0832426861603,0.610068138294,0.131348961654,0.996760886755,0.904761904762,29.3333333333,10,30,48
825,0.155236786824,0.062961446243,0.107169939661,0.358708724286,0.315923102987,0.998561452647,1,27.6666666667,8,27,48
826,0.483930960873,0.0370184402754,0.0486137642592,0.164972114082,0.26546472051,0.99942839178,1,27.6666666667,7,26,50
827,0.181028228907,0.635726895359,0.0565043741721,0.0529097363638,0.0738307651987,0.999237855707,1,28.3333333333,8,26,51
828,0.0129622213818,0.300350059607,0.189625977494,0.00618130603903,0.490880435478,0.998847256757,1,27.3333333333,7,26,49
829,0.148079817795,0.148071769444,0.225382072824,0.330173469356,0.148292870581,0.998704354702,1,28,8,27,49
830,0.194747884301,0.312923591009,0.131879403891,0.174093997738,0.186355123061,0.999256909314,1,28.3333333333,8,27,50
831,0.0272884568475,0.58292471961,0.0160372148584,0.160376588535,0.213373020149,0.998837729953,1,28,8,27,49
832,0.30491524986,0.149855386889,0.237093688944,0.146446302488,0.161689371819,0.999533186621,1,28.3333333333,8,26,51
833,0.0963069264127,0.0468454648077,0.435451359237,0.105698749429,0.315697500113,0.998675774291,1,28,8,27,49
834,0.0365360482415,0.00600518940627,0.556634862386,0.050169038496,0.350654861471,0.998513818629,1,28,8,27,49
835,0.127557969221,0.266489241158,0.246415166492,0.0134361921514,0.346101430978,0.999228328903,1,28,8,26,50
836,0.307386412255,0.0810903194528,0.236479137394,0.321073933781,0.0539701971163,0.998971105204,1,28.3333333333,8,28,49
837,0.114582835394,0.0472399735633,0.480953945154,0.148125516451,0.209097729438,0.998666247487,1,28,8,27,49
838,0.0154963399867,0.173883055692,0.51934503495,0.162289377909,0.128986191463,0.998218487715,1,28,8,27,49
839,0.0274340266267,0.339454392924,0.190636688684,0.240742457006,0.20173243476,0.998504291825,1,28,8,27,49
840,0.715739529203,0.253598554745,0.0296076579365,0.000578042073522,0.000476216041789,0.996579877485,0.904761904762,27.3333333333,8,24,50
841,0.0522525208411,0.290904173522,0.305126050563,0.11744156235,0.234275692723,0.998742461917,1,28,8,27,49
842,0.167053782378,0.17212531472,0.161814678925,0.450819431303,0.0481867926739,0.998399496985,1,28.6666666667,8,29,49
843,0.163552753242,0.398081124239,0.218260333404,0.0333129326905,0.186792856424,0.999456972191,1,28,8,26,50
844,0.292129644718,0.152995997595,0.241754895774,0.301562046275,0.0115574156385,0.999018739223,1,28.3333333333,8,28,49
845,0.19785304979,0.324026512255,0.154922566195,0.286871402974,0.0363264687869,0.999028266026,1,28,8,27,49
846,0.209866117352,0.00585344742412,0.00919417496705,0.303312705349,0.471773554908,0.998742461917,1,28,8,27,49
847,0.15594108373,0.2669807579,0.139250289513,0.236168290877,0.201659577981,0.999104480456,1,28,8,27,49
848,0.0087394013966,0.333699733307,0.044029909091,0.563469888777,0.0500610674286,0.996665618718,0.904761904762,29.3333333333,10,30,48
849,0.192284806233,0.108366545297,0.405023149274,0.082802602915,0.211522896281,0.999104480456,1,28,8,27,49
850,0.257328615293,0.094857277292,0.539090353686,0.0244467181892,0.0842770355401,0.999171168081,1,28,8,27,49
851,0.0340045256629,0.0973263649889,0.343097344796,0.153465105297,0.372106659255,0.998580506254,1,28,8,27,49
852,0.52460683898,0.000136573286034,0.376356766069,0.0400742024233,0.0588256192417,0.999723722694,1,27.6666666667,7,26,50
853,0.425827272967,0.0671062583724,0.168965979516,0.286068552692,0.0520319364524,0.999723722694,1,28,7,27,50
854,0.0580608385382,0.029844625698,0.430943545717,0.072936135991,0.408214854055,0.998494765021,1,28,8,27,49
855,0.013279190971,0.0293714407451,0.00199100439209,0.213154797376,0.742203566515,0.998247068126,1,27.3333333333,8,26,48
856,0.2848250923,0.463723955686,0.194417692921,0.0092304990929,0.0478027600009,0.999590347443,1,28.3333333333,8,26,51
857,0.0495341452157,0.274891822428,0.43553493069,0.12723117642,0.112807925246,0.998732935113,1,28,8,27,49
858,0.554556618601,0.00923860530237,0.225399795063,0.134801597317,0.076003383716,0.999447445388,1,27.6666666667,7,26,50
859,0.173683292288,0.161879881342,0.0226560314335,0.389965088116,0.251815706821,0.998513818629,1,28.3333333333,9,27,49
860,0.0700723543466,0.123517562106,0.0620303166191,0.0635516309136,0.680828136014,0.998609086665,1,27.6666666667,7,26,50
861,0.0381465727367,0.248471975578,0.629586582836,0.0344669659095,0.0493279029401,0.998742461917,1,28,8,27,49
862,0.202699837316,0.0235903896193,0.605815225404,0.086771367795,0.081123179866,0.998732935113,1,28,8,27,49
863,0.0426247211601,0.448146264507,0.158686952205,0.0317389055514,0.318803156576,0.999133060867,1,28,8,26,50
864,0.38313228754,0.0703191375674,0.138254513358,0.381615021798,0.0266790397361,0.999028266026,1,28.6666666667,9,28,49
865,0.257026526593,0.273034802865,0.102999511635,0.19126016517,0.175678993737,0.999380757762,1,28.3333333333,8,26,51
866,0.0170072376187,0.767257572393,0.003164445554,0.127101108613,0.0854696358208,0.998904417579,1,28.3333333333,8,26,51
867,0.185706714559,0.242653711552,0.314348002814,0.110595687163,0.146695883911,0.999295016529,1,28,8,27,49
868,0.366187234566,0.112285831328,0.174224837682,0.0247483441607,0.322553752263,0.999456972191,1,28.3333333333,8,26,51
869,0.0976803908826,0.086232384849,0.456225748824,0.292356403979,0.0675050714648,0.998094639268,1,28.6666666667,8,29,49
870,0.0453910782615,0.383317375787,0.121903493262,0.26766692515,0.181721127539,0.998513818629,1,28,8,27,49
871,0.0847310715503,0.232661734896,0.128513630367,0.0980077191556,0.456085844031,0.999009212419,1,28,8,26,50
872,0.149523059357,0.393912858632,0.159923927111,0.0763203350292,0.220319819871,0.999399811369,1,28,8,26,50
873,0.010851787086,0.0164303828132,0.609867311019,0.229422666051,0.13342785303,0.997570665066,1,28.6666666667,8,29,49
874,0.115034707342,0.0775822226246,0.141800654453,0.385961707563,0.279620708017,0.998294702144,1,27.6666666667,8,27,48
875,0.0353842751956,0.479768540435,0.114340571734,0.026666272479,0.343840340157,0.999171168081,1,28,8,26,50
876,0.188432274689,0.56729457454,0.0624294164669,0.137019939938,0.0448237943663,0.999237855707,1,28.3333333333,8,26,51
877,0.00730522465716,0.628335452733,0.19513328678,0.11336493731,0.0558610985207,0.998885363972,1,28,8,27,49
878,0.00514124258898,0.113871658113,0.319640615707,0.14046062309,0.420885860501,0.998266121733,1,28,8,27,49
879,0.162563486066,0.327668889404,0.38487477248,0.0122708825094,0.112621969541,0.999390284566,1,28,8,26,50
880,0.207116479959,0.0407110193685,0.270793507175,0.0814099662971,0.399969027201,0.999228328903,1,27.6666666667,8,26,49
881,0.107192091922,0.0400646773054,0.717080730433,0.0282204403234,0.107442060016,0.998418550592,1,28,8,27,49
882,0.113998257437,0.0720245320534,0.563944833129,0.0856445500505,0.16438782733,0.99882820315,1,28,8,27,49
883,0.0393746786453,0.296114078424,0.356199044068,0.0146011388735,0.293711059989,0.998913944383,1,27.6666666667,8,26,49
884,0.0636597557261,0.405658192104,0.0558878171965,0.0163607756575,0.458433459316,0.998971105204,1,28,7,26,51
885,0.10672664531,0.245312447622,0.0397855297176,0.180044742091,0.42813063526,0.99903779283,1,28.6666666667,8,27,51
886,0.42189213693,0.0807458430941,0.395042259392,0.0157036032115,0.0866161573721,0.999771356712,1,28.3333333333,8,26,51
887,0.230503250918,0.117722731013,0.269433553617,0.171208065108,0.211132399344,0.999085426848,1,28,8,27,49
888,0.0217731148581,0.288158051613,0.193552224743,0.275052079711,0.221464529076,0.998351862966,1,28,8,27,49
889,0.458910875769,0.307423839241,0.0673032646538,0.0190514841518,0.147310536185,0.998799622739,0.904761904762,27.3333333333,7,26,49
890,0.0630431561529,0.100507241269,0.190606965532,0.159307285685,0.48653535136,0.998685301095,1,28,8,27,49
891,0.0637247887325,0.094874012568,0.358914102813,0.345710372921,0.136776722966,0.997665933103,1,28.6666666667,8,29,49
892,0.0386597319864,0.147423366514,0.212345549729,0.276741655374,0.324829696397,0.998313755752,1,27.6666666667,8,27,48
893,0.143835634185,0.0118378126099,0.268734614783,0.514611139211,0.0609807992105,0.997342021778,0.904761904762,29.3333333333,10,30,48
894,0.267859623582,0.330364234392,0.227978687593,0.15867928187,0.0151181725617,0.999590347443,1,28.3333333333,8,27,50
895,0.0098598117752,0.121674734968,0.59613213198,0.170414882748,0.101918438528,0.997980317624,1,28.6666666667,8,29,49
896,0.367358234618,0.251017795317,0.00630297574733,0.264579738721,0.110741255597,0.999333123744,1,27.6666666667,7,26,50
897,0.16512180834,0.216348155605,0.0430721304831,0.10353474886,0.471923156712,0.999094953652,1,28,7,26,51
898,0.100892174658,0.220687338513,0.0184255363207,0.0974686817319,0.562526268776,0.998913944383,1,28,7,26,51
899,0.0395526582165,0.356274554763,0.525985334873,0.0440117266167,0.0341757255306,0.998990158812,1,28,8,27,49
900,0.33006823899,0.0293468823163,0.020474474274,0.410238842632,0.209871561788,0.998885363972,1,29,9,27,51
901,0.162941993168,0.177142524237,0.113542937823,0.419805706853,0.126566837919,0.998494765021,1,28.3333333333,8,28,49
902,0.173339910029,0.318252185164,0.30893742984,0.0013165517862,0.198153923182,0.999333123744,1,28,8,26,50
903,0.161087527729,0.303326118453,0.194745444723,0.0402148276074,0.300626081488,0.999361704155,1,28,8,26,50
904,0.0113283805844,0.575179925527,0.0267622839799,0.290470697098,0.0962587128101,0.99846618461,1,27.6666666667,8,27,48
905,0.132555716719,0.287353956043,0.445627827779,0.0659345259079,0.0685279735515,0.999209275296,1,28,8,27,49
906,0.235160483954,0.0114839418977,0.0360264603855,0.501863522149,0.215465591613,0.998380443377,1,28.3333333333,8,28,49
907,0.296707476637,0.0773858115671,0.0292741394543,0.347355403583,0.249277168759,0.999056846437,1,28.6666666667,8,27,51
908,0.379863067324,0.0551465050094,0.300968896262,0.0563615566623,0.207659974742,0.999657035068,1,28.3333333333,8,26,51
909,0.209627649627,0.131566019429,0.126671864061,0.374610438444,0.157524028438,0.998723408309,1,28,8,27,49
910,0.516206851401,0.0157020892321,0.14130141378,0.0267579352571,0.30003171033,0.999114007259,1,28,8,26,50
911,0.142019852703,0.108887792271,0.101908356412,0.518421721592,0.128762277022,0.998008898035,0.904761904762,28.6666666667,8,29,49
912,0.20074488493,0.00522949195634,0.745542451274,0.0337309261205,0.0147522457194,0.998771042328,1,28,8,27,49
913,0.0896384015209,0.16125470706,0.139811180095,0.491474969638,0.117820741685,0.997437289815,0.904761904762,28.6666666667,8,29,49
914,0.0273220525078,0.0905715731321,0.11765940458,0.170821707688,0.593625262093,0.998218487715,1,27.6666666667,8,27,48
915,0.012542225546,0.421724305227,0.0110614833388,0.46162396584,0.0930480200485,0.99797079082,1,28.3333333333,8,29,48
916,0.144390386779,0.39402736777,0.0579782529144,0.395542938016,0.00806105451998,0.998561452647,1,28.6666666667,9,28,49
917,0.0383902865831,0.731462802948,0.0125887764356,0.194165770513,0.0233923635202,0.999009212419,1,28.3333333333,8,27,50
918,0.0631169118001,0.487988695879,0.0226547551717,0.380331715756,0.0459079213935,0.998332809359,1,27.6666666667,8,27,48
919,0.37316807242,0.397142165242,0.0155995002158,0.102292270821,0.111797991301,0.99914258767,0.904761904762,27.6666666667,7,26,50
920,0.341646732215,0.303207875538,0.0986555869595,0.0563058799167,0.200183925371,0.999476025799,1,28,8,26,50
921,0.377072581049,0.0100681229329,0.2093515928,0.290480655622,0.113027047596,0.99914258767,1,28.3333333333,8,27,50
922,0.159791892264,0.226680469006,0.0657272949346,0.32082971352,0.226970630276,0.998675774291,1,28,8,27,49
923,0.180542128357,0.414691279954,0.102390461163,0.286636476159,0.0157396543674,0.999056846437,1,28.3333333333,8,27,50
924,0.0122977627321,0.317104089074,0.423705446333,0.118638662003,0.128254039858,0.998694827898,1,28,8,27,49
925,0.212443867315,0.10784623048,0.0400795693247,0.325194874858,0.314435458022,0.998723408309,1,28.3333333333,8,27,50
926,0.48477331553,0.169202275823,0.0491370256717,0.0711788370825,0.225708545893,0.998980632008,0.904761904762,27.3333333333,7,26,49
927,0.260574644557,0.151676718065,0.117125277633,0.236630549992,0.233992809753,0.999342650547,1,28.6666666667,8,27,51
928,0.109576800689,0.153490297596,0.662701300398,0.0332820891386,0.0409495121789,0.998637667076,1,28,8,27,49
929,0.0343573440729,0.335563832546,0.00621430949157,0.299554150563,0.324310363326,0.998342336163,1,28,8,27,49
930,0.00687770399915,0.00530892548805,0.909981649387,0.00973868080426,0.0680930403214,0.99768498671,1,28.6666666667,8,29,49
931,0.36625817975,0.239990646307,0.179479884454,0.0726959898348,0.141575299655,0.999771356712,1,28,8,26,50
932,0.0991106452827,0.365959522321,0.104198279422,0.428323803824,0.00240774915027,0.998094639268,1,29.3333333333,10,29,49
933,0.264357980645,0.298808809303,0.0880342156305,0.0961410504516,0.25265794397,0.999352177351,1,28.3333333333,8,26,51
934,0.244994507617,0.145458670889,0.294695545906,0.209997367166,0.104853908422,0.998866310364,1,28,8,27,49
935,0.225763442311,0.519583073814,0.0995778945031,0.00220144922229,0.152874140149,0.99932359694,1,28.3333333333,8,26,51
936,0.634453855907,0.00730972683215,0.0339412740803,0.0905923846507,0.23370275853,0.998218487715,0.904761904762,26.6666666667,7,24,49
937,0.175210332219,0.314295639991,0.230250746609,0.187646912485,0.0925963686966,0.999161641278,1,28,8,27,49
938,0.102244692093,0.00715291372343,0.62521637068,0.0155860356795,0.249799987824,0.99846618461,1,28,8,27,49
939,0.380268849847,0.000716054280436,0.00482404056463,0.263766479039,0.350424576269,0.999190221689,1,28.3333333333,8,26,51
940,0.249024031128,0.185898411239,0.352885387809,0.0532807253247,0.1589114445,0.999371230958,1,28,8,26,50
941,0.0305278964006,0.273772942815,0.373297592317,0.0069795213223,0.315422047145,0.998894890775,1,27.6666666667,8,26,49
942,0.171823414723,0.215415302618,0.384992460838,0.0413994848892,0.186369336932,0.999285489725,1,27.6666666667,8,26,49
943,0.0501837041851,0.0380357837448,0.205593419305,0.00545300454644,0.700734088219,0.998732935113,1,27.3333333333,7,26,49
944,0.244470279285,0.0426379652563,0.137072872834,0.463654281161,0.112164601464,0.998447131003,1,28.3333333333,8,28,49
945,0.14807720619,0.410046413193,0.162659852063,0.086550256281,0.192666272273,0.999399811369,1,28,8,26,50
946,0.109248788675,0.0497698133287,0.0182119823248,0.33322908708,0.489540328592,0.998523345432,1,27.6666666667,8,27,48
947,0.148746748094,0.564828514016,0.258120528549,0.00876290272847,0.0195413066131,0.999657035068,1,28,8,26,50
948,0.0759117917606,0.22181517043,0.346458973409,0.331632505861,0.0241815585395,0.998237541323,1,28.6666666667,8,29,49
949,0.0466066233825,0.105846794766,0.109897690869,0.212674558381,0.524974332601,0.998294702144,1,27.6666666667,8,27,48
950,0.208757976451,0.0975114636532,0.0518732217887,0.0647161937163,0.57714114439,0.998913944383,1,28,7,26,51
951,0.062914300107,0.0846150940178,0.0238850199873,0.237160920529,0.591424665359,0.99846618461,1,27.6666666667,8,27,48
952,0.126344730765,0.0307530084243,0.347818459095,0.0916798622329,0.403403939482,0.998913944383,1,28,8,27,49
953,0.421136355878,0.0187909801463,0.0295244457931,0.464697465797,0.0658507523863,0.999199748492,1,28.6666666667,8,28,50
954,0.0637173709874,0.324343935118,0.401991809729,0.0295849853447,0.180361898821,0.999047319634,1,28,8,27,49
955,0.307606615723,0.102860168194,0.278388930751,0.0476432517224,0.263501033609,0.999571293835,1,28.3333333333,8,26,51
956,0.359343318843,0.120973570369,0.222500271205,0.0599885944099,0.237194245174,0.999647508265,1,28.3333333333,8,26,51
957,0.171739913602,0.632109392171,0.102533244873,0.0580639338143,0.0355535155396,0.999342650547,1,28.3333333333,8,26,51
958,0.167063322448,0.361098080641,0.284149520472,0.0603594622927,0.127329614146,0.99932359694,1,28,8,26,50
959,0.147496528485,0.393947567608,0.190733608777,0.238426785059,0.0293955100711,0.998999685615,1,28,8,27,49
960,0.118989727591,0.142388051464,0.136056996604,0.413058256769,0.189506967572,0.998170853697,1,28.3333333333,8,28,49
961,0.347459319066,0.393520887272,0.182824485532,0.0543661310243,0.0218291771061,0.999618927854,1,28,8,26,50
962,0.127928628339,0.401594144961,0.0612974845802,0.0668454625103,0.342334279609,0.999056846437,1,28.3333333333,8,26,51
963,0.0875703969797,0.282037437543,0.0997571451124,0.453437232558,0.0771977878071,0.998170853697,1,28.6666666667,8,29,49
964,0.0716992113629,0.597797300467,0.250431104143,0.0681074382148,0.0119649458125,0.999247382511,1,28.3333333333,8,27,50
965,0.337264490226,0.440195062595,0.0322896848472,0.166617626547,0.023633135785,0.999314070136,1,28,8,26,50
966,0.171209791069,0.186630858034,0.185693057556,0.3568806461,0.0995856472406,0.998704354702,1,28,8,27,49
967,0.0869897171976,0.213663948572,0.317461332252,0.0272676728747,0.354617329104,0.998999685615,1,27.6666666667,8,26,49
968,0.30811088867,0.276435509048,0.152034017387,0.0485836050204,0.214835979875,0.999552240228,1,28.3333333333,8,26,51
969,0.310882545987,0.258652245941,0.189437966845,0.224951449633,0.0160757915929,0.999628454657,1,28.6666666667,8,27,51
970,0.132708377985,0.21967555582,0.111494516959,0.0393139261651,0.49680762307,0.998980632008,1,28,7,26,51
971,0.121685746915,0.191376324365,0.105329752897,0.326640946079,0.254967229744,0.998637667076,1,28,8,27,49
972,0.278976729159,0.24250841775,0.115518572942,0.359405771503,0.00359050864587,0.998866310364,1,28.6666666667,9,28,49
973,0.0994645387787,0.130749944219,0.03443452509,0.672640802083,0.062710189829,0.996065430088,0.904761904762,29.6666666667,11,30,48
974,0.299935362145,0.463630032299,0.0258271858237,0.0537268645969,0.156880555136,0.999133060867,1,28,8,26,50
975,0.410649809855,0.250303231245,0.17653728039,0.0145949836782,0.147914694831,0.999533186621,1,28,8,26,50
976,0.0928527250383,0.0704502468062,0.329557245763,0.187512606444,0.319627175948,0.998761515524,1,28,8,27,49
977,0.0423923623949,0.262079739553,0.11275776996,0.195044401385,0.387725726708,0.998570979451,1,28,8,27,49
978,0.0128672974367,0.0635699365221,0.157961218671,0.309466442859,0.456135104511,0.998104166071,1,27.6666666667,8,27,48
979,0.0261816037572,0.0404651624732,0.390481557177,0.0350240226969,0.507847653896,0.998761515524,1,27.6666666667,8,26,49
980,0.126074534092,0.501688403295,0.102599222942,0.111629525519,0.158008314153,0.999285489725,1,28,8,26,50
981,0.0619090610739,0.207471218487,0.290751477762,0.247340537823,0.192527704854,0.998494765021,1,28,8,27,49
982,0.337058514281,0.00432444278506,0.053649780171,0.118038582976,0.486928679787,0.99914258767,1,28,7,26,51
983,0.0705631776933,0.446345243483,0.405957455116,0.059506424173,0.0176276995349,0.999190221689,1,28,8,27,49
984,0.153066708345,0.306952766015,0.25985778572,0.180702764245,0.0994199756747,0.999018739223,1,28,8,27,49
985,0.29544314265,0.266629726926,0.110700852636,0.206143086738,0.12108319105,0.999599874246,1,28.3333333333,8,26,51
986,0.589046734144,0.0864540628889,0.262097290508,0.0182921152554,0.0441097972037,0.999171168081,0.904761904762,27.6666666667,7,26,50
987,0.249775234757,0.0720731067495,0.460208232691,0.173692809022,0.044250616781,0.999047319634,1,28,8,27,49
988,0.310960485689,0.010345030128,0.0280548668579,0.440260503402,0.210379113924,0.998761515524,1,28.6666666667,9,27,50
989,0.227472418534,0.0372445478885,0.370385617155,0.214815831346,0.150081585077,0.998904417579,1,28,8,27,49
990,0.348113884299,0.159625900135,0.132936640248,0.318006914128,0.0413166611902,0.999285489725,1,28.6666666667,8,27,51
991,0.0643562351047,0.0874414874205,0.0510275055044,0.36174608072,0.435428691251,0.998037478446,1,27.6666666667,8,27,48
992,0.107046511847,0.314728821849,0.150490996443,0.00325423323468,0.424479436626,0.999104480456,1,28,7,26,51
993,0.0808806377707,0.00351030826782,0.0781030269931,0.627635169927,0.209870857042,0.996684672326,0.904761904762,29,10,29,48
994,0.2576495819,0.15121201317,0.0340589104781,0.410510556443,0.14656893801,0.998790095935,1,28,8,27,49
995,0.0693060683906,0.273127868834,0.0870483026657,0.127308562897,0.443209197213,0.998818676346,1,27.6666666667,8,26,49
996,0.0793991697853,0.33018480527,0.00567797968854,0.111902040584,0.472836004673,0.998894890775,1,28,7,26,51
997,0.113898500033,0.216250977967,0.122277901779,0.403270309611,0.14430231061,0.998351862966,1,28.3333333333,8,28,49
998,0.0265493758435,0.366451361631,0.386423249543,0.214667342158,0.00590867082461,0.998532872236,1,28.6666666667,8,29,49
999,0.287757107645,0.540477572367,0.0462806595665,0.0870185476942,0.0384661127275,0.999380757762,1,28.3333333333,9,26,50
1000,0.027718054122,0.0879840192587,0.2195222819,0.010380925714,0.654394719005,0.998790095935,1,27.3333333333,7,26,49
