weight_C_ACC,weight_residual,drug,score,rank,is_primary_weight
0.0,1.0,Chlorambucil,1.0,1,False
0.0,1.0,Celecoxib,0.990654205607,2,False
0.0,1.0,Melphalan,0.981308411215,3,False
0.0,1.0,Binimetinib,0.971962616822,4,False
0.0,1.0,Afatinib,0.96261682243,5,False
0.0,1.0,Irinotecan,0.953271028037,6,False
0.0,1.0,Crizotinib,0.943925233645,7,False
0.0,1.0,Axitinib,0.934579439252,8,False
0.0,1.0,Olaparib,0.92523364486,9,False
0.0,1.0,Homoharringtonine,0.915887850467,10,False
0.0,1.0,Vandetanib,0.906542056075,11,False
0.0,1.0,Cobimetinib,0.897196261682,12,False
0.0,1.0,Actinomycin D,0.88785046729,13,False
0.0,1.0,Brigatinib,0.878504672897,14,False
0.0,1.0,Mitotane,0.869158878505,15,False
0.0,1.0,Romidepsin,0.859813084112,16,False
0.0,1.0,Ibrutinib,0.85046728972,17,False
0.0,1.0,Trametinib,0.841121495327,18,False
0.0,1.0,Mitomycin,0.831775700935,19,False
0.0,1.0,Daunorubicin,0.822429906542,20,False
0.0,1.0,Ribociclib,0.81308411215,21,False
0.0,1.0,Osimertinib,0.803738317757,22,False
0.0,1.0,Docetaxel,0.794392523364,23,False
0.0,1.0,Cytarabine,0.785046728972,24,False
0.0,1.0,Carfilzomib,0.775700934579,25,False
0.0,1.0,Belinostat,0.766355140187,26,False
0.0,1.0,Bosutinib,0.757009345794,27,False
0.0,1.0,Carmustine,0.747663551402,28,False
0.0,1.0,Ixazomib,0.738317757009,29,False
0.0,1.0,Tivozanib,0.728971962617,30,False
0.0,1.0,Tucatinib,0.719626168224,31,False
0.0,1.0,Lapatinib,0.710280373832,32,False
0.0,1.0,Fulvestrant,0.700934579439,33,False
0.0,1.0,Abemaciclib,0.691588785047,34,False
0.0,1.0,Darolutamide,0.682242990654,35,False
0.0,1.0,Panobinostat,0.672897196262,36,False
0.0,1.0,Selinexor,0.663551401869,37,False
0.0,1.0,Nilotinib,0.654205607477,38,False
0.0,1.0,Ceritinib,0.644859813084,39,False
0.0,1.0,Fluorouracil,0.635514018692,40,False
0.0,1.0,Idarubicin,0.626168224299,41,False
0.0,1.0,Estramustine,0.616822429907,42,False
0.0,1.0,Palbociclib,0.607476635514,43,False
0.0,1.0,Paclitaxel,0.598130841121,44,False
0.0,1.0,Everolimus,0.588785046729,45,False
0.0,1.0,Mercaptopurine,0.579439252336,46,False
0.0,1.0,Vorinostat,0.570093457944,47,False
0.0,1.0,Acalabrutinib,0.560747663551,48,False
0.0,1.0,Dacomitinib,0.551401869159,49,False
0.0,1.0,Dacarbazine,0.542056074766,50,False
0.0,1.0,Selumetinib,0.532710280374,51,False
0.0,1.0,Dasatinib,0.523364485981,52,False
0.0,1.0,Sirolimus,0.514018691589,53,False
0.0,1.0,Duvelisib,0.504672897196,54,False
0.0,1.0,Tamoxifen,0.495327102804,55,False
0.0,1.0,Erlotinib,0.485981308411,56,False
0.0,1.0,Imatinib,0.476635514019,57,False
0.0,1.0,Lomustine,0.467289719626,58,False
0.0,1.0,Decitabine,0.457943925234,59,False
0.0,1.0,Fludarabine,0.448598130841,60,False
0.0,1.0,Carboplatin,0.439252336449,61,False
0.0,1.0,Dexrazoxane,0.429906542056,62,False
0.0,1.0,Topotecan,0.420560747664,63,False
0.0,1.0,Doxorubicin,0.411214953271,64,False
0.0,1.0,Valrubicin,0.401869158879,65,False
0.0,1.0,Epirubicin,0.392523364486,66,False
0.0,1.0,Hydroxyurea,0.383177570093,67,False
0.0,1.0,Allopurinol,0.373831775701,68,False
0.0,1.0,Asciminib,0.364485981308,69,False
0.0,1.0,Etoposide,0.355140186916,70,False
0.0,1.0,Azacitidine,0.345794392523,71,False
0.0,1.0,Sunitinib,0.336448598131,72,False
0.0,1.0,Lorlatinib,0.327102803738,73,False
0.0,1.0,Cyclophosphamide,0.317757009346,74,False
0.0,1.0,Ixabepilone,0.308411214953,75,False
0.0,1.0,Gilteritinib,0.299065420561,76,False
0.0,1.0,Idelalisib,0.289719626168,77,False
0.0,1.0,Abiraterone,0.280373831776,78,False
0.0,1.0,Thiotepa,0.271028037383,79,False
0.0,1.0,Mitoxantrone,0.261682242991,80,False
0.0,1.0,Gemcitabine,0.252336448598,81,False
0.0,1.0,Venetoclax,0.242990654206,82,False
0.0,1.0,Temsirolimus,0.233644859813,83,False
0.0,1.0,Cabozantinib,0.224299065421,84,False
0.0,1.0,Encorafenib,0.214953271028,85,False
0.0,1.0,Vemurafenib,0.205607476636,86,False
0.0,1.0,Vinblastine,0.196261682243,87,False
0.0,1.0,Clofarabine,0.18691588785,88,False
0.0,1.0,Erdafitinib,0.177570093458,89,False
0.0,1.0,Fruquintinib,0.168224299065,90,False
0.0,1.0,Zoledronate,0.158878504673,91,False
0.0,1.0,umbralisib,0.14953271028,92,False
0.0,1.0,Pemetrexed,0.140186915888,93,False
0.0,1.0,Vinorelbine,0.130841121495,94,False
0.0,1.0,Lenvatinib,0.121495327103,95,False
0.0,1.0,Raloxifene,0.11214953271,96,False
0.0,1.0,Cisplatin,0.102803738318,97,False
0.0,1.0,Dabrafenib,0.0934579439252,98,False
0.0,1.0,Sonidegib,0.0841121495327,99,False
0.0,1.0,Bleomycin,0.0747663551402,100,False
0.0,1.0,Cladribine,0.0654205607477,101,False
0.0,1.0,Trifluridine,0.0560747663551,102,False
0.0,1.0,Tioguanine,0.0467289719626,103,False
0.0,1.0,Teniposide,0.0373831775701,104,False
0.0,1.0,Pralatrexate,0.0280373831776,105,False
0.0,1.0,Oxaliplatin,0.018691588785,106,False
0.0,1.0,Neratinib,0.00934579439252,107,False
0.0,1.0,Methotrexate,0.0,108,False
0.05,0.95,Celecoxib,0.96822429906495,1,False
0.05,0.95,Chlorambucil,0.9621495327102999,2,False
0.05,0.95,Irinotecan,0.9457943925229999,3,False
0.05,0.95,Melphalan,0.94252336448605,4,False
0.05,0.95,Crizotinib,0.9294392523366001,5,False
0.05,0.95,Afatinib,0.92429906542065,6,False
0.05,0.95,Binimetinib,0.9238317757005259,7,False
0.05,0.95,Olaparib,0.9126168224300999,8,False
0.05,0.95,Axitinib,0.91238317756975,9,False
0.05,0.95,Homoharringtonine,0.8981308411212,10,False
0.05,0.95,Actinomycin D,0.8794392523366998,11,False
0.05,0.95,Brigatinib,0.8724299065418499,12,False
0.05,0.95,Cobimetinib,0.8705607476632999,13,False
0.05,0.95,Vandetanib,0.8672897196264,14,False
0.05,0.95,Mitotane,0.85420560747695,15,False
0.05,0.95,Romidepsin,0.84439252336435,16,False
0.05,0.95,Ibrutinib,0.8383177570096999,17,False
0.05,0.95,Mitomycin,0.8336448598135,18,False
0.05,0.95,Daunorubicin,0.8257009345794,19,False
0.05,0.95,Trametinib,0.7999999999999,20,False
0.05,0.95,Docetaxel,0.7953271028033,21,False
0.05,0.95,Cytarabine,0.7934579439252499,22,False
0.05,0.95,Ribociclib,0.78598130841165,23,False
0.05,0.95,Osimertinib,0.7831775700934499,24,False
0.05,0.95,Belinostat,0.77429906542065,25,False
0.05,0.95,Ixazomib,0.7509345794389,26,False
0.05,0.95,Bosutinib,0.7455607476632,27,False
0.05,0.95,Carfilzomib,0.7434579439248,28,False
0.05,0.95,Carmustine,0.72897196261695,29,False
0.05,0.95,Tivozanib,0.7158878504674501,30,False
0.05,0.95,Tucatinib,0.7051401869156,31,False
0.05,0.95,Abemaciclib,0.70373831775725,32,False
0.05,0.95,Lapatinib,0.7011682242993,33,False
0.05,0.95,Fulvestrant,0.6897196261679999,34,False
0.05,0.95,Panobinostat,0.6691588785049499,35,False
0.05,0.95,Nilotinib,0.6565420560751,36,False
0.05,0.95,Darolutamide,0.6556074766353,37,False
0.05,0.95,Ceritinib,0.6499999999999,38,False
0.05,0.95,Fluorouracil,0.6485981308415,39,False
0.05,0.95,Selinexor,0.6448598130839499,40,False
0.05,0.95,Idarubicin,0.6317757009345,41,False
0.05,0.95,Palbociclib,0.6126168224298999,42,False
0.05,0.95,Paclitaxel,0.6098130841117,43,False
0.05,0.95,Estramustine,0.59532710280415,44,False
0.05,0.95,Mercaptopurine,0.59252336448555,45,False
0.05,0.95,Everolimus,0.56635514018695,46,False
0.05,0.95,Acalabrutinib,0.5640186915884,47,False
0.05,0.95,Vorinostat,0.5462616822430599,48,False
0.05,0.95,Dacomitinib,0.526635514018805,49,False
0.05,0.95,Selumetinib,0.52523364485995,50,False
0.05,0.95,Dacarbazine,0.5191588785043351,51,False
0.05,0.95,Dasatinib,0.5144859813081,52,False
0.05,0.95,Sirolimus,0.510280373832,53,False
0.05,0.95,Tamoxifen,0.50140186915915,54,False
0.05,0.95,Erlotinib,0.49579439252314994,55,False
0.05,0.95,Duvelisib,0.4878504672894499,56,False
0.05,0.95,Imatinib,0.4682242990657,57,False
0.05,0.95,Decitabine,0.46682242990690004,58,False
0.05,0.95,Lomustine,0.46635514018675,59,False
0.05,0.95,Doxorubicin,0.43925233644854994,60,False
0.05,0.95,Fludarabine,0.4392523364485,61,False
0.05,0.95,Carboplatin,0.42803738317795,62,False
0.05,0.95,Epirubicin,0.41822429906545,63,False
0.05,0.95,Topotecan,0.41728971962659994,64,False
0.05,0.95,Dexrazoxane,0.41214953271021,65,False
0.05,0.95,Hydroxyurea,0.4079439252332,66,False
0.05,0.95,Allopurinol,0.39439252336455,67,False
0.05,0.95,Valrubicin,0.38411214953317996,68,False
0.05,0.95,Etoposide,0.37710280373840005,69,False
0.05,0.95,Asciminib,0.3672897196257999,70,False
0.05,0.95,Azacitidine,0.3616822429903,71,False
0.05,0.95,Sunitinib,0.34532710280389994,72,False
0.05,0.95,Cyclophosphamide,0.34018691588804995,73,False
0.05,0.95,Ixabepilone,0.33598130841095,74,False
0.05,0.95,Lorlatinib,0.33084112149504996,75,False
0.05,0.95,Gilteritinib,0.30934579439275,76,False
0.05,0.95,Gemcitabine,0.28785046728959995,77,False
0.05,0.95,Idelalisib,0.278504672896985,78,False
0.05,0.95,Thiotepa,0.2742990654204,79,False
0.05,0.95,Abiraterone,0.26635514018719997,80,False
0.05,0.95,Mitoxantrone,0.2598130841125,81,False
0.05,0.95,Temsirolimus,0.25093457943915,82,False
0.05,0.95,Venetoclax,0.24672897196299998,83,False
0.05,0.95,Cabozantinib,0.2376168224303,84,False
0.05,0.95,Encorafenib,0.2364485981308,85,False
0.05,0.95,Vemurafenib,0.209345794393,86,False
0.05,0.95,Erdafitinib,0.20514018691595,87,False
0.05,0.95,Clofarabine,0.2004672897192,88,False
0.05,0.95,Vinblastine,0.19158878504674998,89,False
0.05,0.95,Pemetrexed,0.18224299065434998,90,False
0.05,0.95,Fruquintinib,0.17616822429864998,91,False
0.05,0.95,umbralisib,0.1546728971959,92,False
0.05,0.95,Vinorelbine,0.1537383177567,93,False
0.05,0.95,Zoledronate,0.152803738317855,94,False
0.05,0.95,Raloxifene,0.14112149532685,95,False
0.05,0.95,Dabrafenib,0.12757009345789,96,False
0.05,0.95,Lenvatinib,0.11682242990673,97,False
0.05,0.95,Cisplatin,0.10560747663574999,98,False
0.05,0.95,Trifluridine,0.099065420560695,99,False
0.05,0.95,Sonidegib,0.094859813084115,100,False
0.05,0.95,Tioguanine,0.09158878504672,101,False
0.05,0.95,Cladribine,0.082710280373865,102,False
0.05,0.95,Pralatrexate,0.07663551401872,103,False
0.05,0.95,Bleomycin,0.07663551401869,104,False
0.05,0.95,Oxaliplatin,0.058878504672849996,105,False
0.05,0.95,Teniposide,0.044392523364495,106,False
0.05,0.95,Methotrexate,0.042523364486,107,False
0.05,0.95,Neratinib,0.020560747663544002,108,False
0.1,0.9,Celecoxib,0.9457943925229,1,False
0.1,0.9,Irinotecan,0.9383177570090001,2,False
0.1,0.9,Chlorambucil,0.9242990654206,3,False
0.1,0.9,Crizotinib,0.9149532710282,4,False
0.1,0.9,Melphalan,0.9037383177571001,5,False
0.1,0.9,Olaparib,0.9000000000002001,6,False
0.1,0.9,Axitinib,0.8901869158875,7,False
0.1,0.9,Afatinib,0.8859813084113,8,False
0.1,0.9,Homoharringtonine,0.8803738317754001,9,False
0.1,0.9,Binimetinib,0.8757009345790521,10,False
0.1,0.9,Actinomycin D,0.8710280373834,11,False
0.1,0.9,Brigatinib,0.8663551401866999,12,False
0.1,0.9,Cobimetinib,0.8439252336446,13,False
0.1,0.9,Mitotane,0.8392523364489,14,False
0.1,0.9,Mitomycin,0.8355140186919999,15,False
0.1,0.9,Daunorubicin,0.8289719626168001,16,False
0.1,0.9,Romidepsin,0.8289719626167,17,False
0.1,0.9,Vandetanib,0.8280373831778,18,False
0.1,0.9,Ibrutinib,0.8261682242994001,19,False
0.1,0.9,Cytarabine,0.8018691588785001,20,False
0.1,0.9,Docetaxel,0.7962616822426,21,False
0.1,0.9,Belinostat,0.7822429906543,22,False
0.1,0.9,Ixazomib,0.7635514018688001,23,False
0.1,0.9,Osimertinib,0.7626168224299,24,False
0.1,0.9,Ribociclib,0.7588785046733,25,False
0.1,0.9,Trametinib,0.7588785046728,26,False
0.1,0.9,Bosutinib,0.7341121495324001,27,False
0.1,0.9,Abemaciclib,0.7158878504675,28,False
0.1,0.9,Carfilzomib,0.7112149532706,29,False
0.1,0.9,Carmustine,0.7102803738319,30,False
0.1,0.9,Tivozanib,0.7028037383179,31,False
0.1,0.9,Lapatinib,0.6920560747666,32,False
0.1,0.9,Tucatinib,0.6906542056072,33,False
0.1,0.9,Fulvestrant,0.678504672897,34,False
0.1,0.9,Panobinostat,0.6654205607478999,35,False
0.1,0.9,Fluorouracil,0.6616822429910001,36,False
0.1,0.9,Nilotinib,0.6588785046732,37,False
0.1,0.9,Ceritinib,0.6551401869158,38,False
0.1,0.9,Idarubicin,0.6373831775700001,39,False
0.1,0.9,Darolutamide,0.6289719626166,40,False
0.1,0.9,Selinexor,0.6261682242989,41,False
0.1,0.9,Paclitaxel,0.6214953271024001,42,False
0.1,0.9,Palbociclib,0.6177570093458,43,False
0.1,0.9,Mercaptopurine,0.6056074766351,44,False
0.1,0.9,Estramustine,0.5738317757013,45,False
0.1,0.9,Acalabrutinib,0.5672897196258,46,False
0.1,0.9,Everolimus,0.5439252336449,47,False
0.1,0.9,Vorinostat,0.5224299065421201,48,False
0.1,0.9,Selumetinib,0.5177570093459001,49,False
0.1,0.9,Tamoxifen,0.5074766355143,50,False
0.1,0.9,Sirolimus,0.506542056075,51,False
0.1,0.9,Erlotinib,0.5056074766353,52,False
0.1,0.9,Dasatinib,0.5056074766352,53,False
0.1,0.9,Dacomitinib,0.50186915887861,54,False
0.1,0.9,Dacarbazine,0.4962616822426701,55,False
0.1,0.9,Decitabine,0.4757009345798,56,False
0.1,0.9,Duvelisib,0.4710280373829,57,False
0.1,0.9,Doxorubicin,0.46728971962610005,58,False
0.1,0.9,Lomustine,0.46542056074750005,59,False
0.1,0.9,Imatinib,0.4598130841124,60,False
0.1,0.9,Epirubicin,0.4439252336449,61,False
0.1,0.9,Hydroxyurea,0.4327102803734,62,False
0.1,0.9,Fludarabine,0.429906542056,63,False
0.1,0.9,Carboplatin,0.41682242990690005,64,False
0.1,0.9,Allopurinol,0.4149532710281,65,False
0.1,0.9,Topotecan,0.41401869158919996,66,False
0.1,0.9,Etoposide,0.3990654205608001,67,False
0.1,0.9,Dexrazoxane,0.39439252336442,68,False
0.1,0.9,Azacitidine,0.37757009345759995,69,False
0.1,0.9,Asciminib,0.3700934579436,70,False
0.1,0.9,Valrubicin,0.36635514018736004,71,False
0.1,0.9,Ixabepilone,0.3635514018689,72,False
0.1,0.9,Cyclophosphamide,0.3626168224301,73,False
0.1,0.9,Sunitinib,0.35420560747679997,74,False
0.1,0.9,Lorlatinib,0.33457943925210004,75,False
0.1,0.9,Gemcitabine,0.3233644859812,76,False
0.1,0.9,Gilteritinib,0.3196261682245,77,False
0.1,0.9,Thiotepa,0.27757009345780004,78,False
0.1,0.9,Temsirolimus,0.2682242990653,79,False
0.1,0.9,Idelalisib,0.26728971962597,80,False
0.1,0.9,Mitoxantrone,0.257943925234,81,False
0.1,0.9,Encorafenib,0.2579439252336,82,False
0.1,0.9,Abiraterone,0.2523364485984,83,False
0.1,0.9,Cabozantinib,0.2509345794396,84,False
0.1,0.9,Venetoclax,0.25046728972,85,False
0.1,0.9,Erdafitinib,0.2327102803739,86,False
0.1,0.9,Pemetrexed,0.2242990654207,87,False
0.1,0.9,Clofarabine,0.2140186915884,88,False
0.1,0.9,Vemurafenib,0.21308411215,89,False
0.1,0.9,Vinblastine,0.1869158878505,90,False
0.1,0.9,Fruquintinib,0.1841121495323,91,False
0.1,0.9,Vinorelbine,0.1766355140184,92,False
0.1,0.9,Raloxifene,0.1700934579437,93,False
0.1,0.9,Dabrafenib,0.16168224299058,94,False
0.1,0.9,umbralisib,0.1598130841118,95,False
0.1,0.9,Zoledronate,0.14672897196271,96,False
0.1,0.9,Trifluridine,0.14205607476629,97,False
0.1,0.9,Tioguanine,0.13644859813084,98,False
0.1,0.9,Pralatrexate,0.12523364485984,99,False
0.1,0.9,Lenvatinib,0.11214953271045999,100,False
0.1,0.9,Cisplatin,0.10841121495349999,101,False
0.1,0.9,Sonidegib,0.10560747663553,102,False
0.1,0.9,Cladribine,0.10000000000003001,103,False
0.1,0.9,Oxaliplatin,0.0990654205607,104,False
0.1,0.9,Methotrexate,0.085046728972,105,False
0.1,0.9,Bleomycin,0.07850467289718,106,False
0.1,0.9,Teniposide,0.05140186915889,107,False
0.1,0.9,Neratinib,0.031775700934568,108,False
0.15,0.85,Irinotecan,0.930841121495,1,False
0.15,0.85,Celecoxib,0.92336448598085,2,False
0.15,0.85,Crizotinib,0.9004672897198001,3,False
0.15,0.85,Olaparib,0.8873831775702999,4,False
0.15,0.85,Chlorambucil,0.8864485981308999,5,False
0.15,0.85,Axitinib,0.86799065420525,6,False
0.15,0.85,Melphalan,0.86495327102815,7,False
0.15,0.85,Actinomycin D,0.8626168224300998,8,False
0.15,0.85,Homoharringtonine,0.8626168224296,9,False
0.15,0.85,Brigatinib,0.8602803738315499,10,False
0.15,0.85,Afatinib,0.8476635514019499,11,False
0.15,0.85,Mitomycin,0.8373831775705,12,False
0.15,0.85,Daunorubicin,0.8322429906541999,13,False
0.15,0.85,Binimetinib,0.8275700934575779,14,False
0.15,0.85,Mitotane,0.82429906542085,15,False
0.15,0.85,Cobimetinib,0.8172897196258999,16,False
0.15,0.85,Ibrutinib,0.8140186915891,17,False
0.15,0.85,Romidepsin,0.81355140186905,18,False
0.15,0.85,Cytarabine,0.81028037383175,19,False
0.15,0.85,Docetaxel,0.7971962616818999,20,False
0.15,0.85,Belinostat,0.79018691588795,21,False
0.15,0.85,Vandetanib,0.7887850467292,22,False
0.15,0.85,Ixazomib,0.7761682242987,23,False
0.15,0.85,Osimertinib,0.7420560747663499,24,False
0.15,0.85,Ribociclib,0.73177570093495,25,False
0.15,0.85,Abemaciclib,0.72803738317775,26,False
0.15,0.85,Bosutinib,0.7226635514016,27,False
0.15,0.85,Trametinib,0.7177570093457,28,False
0.15,0.85,Carmustine,0.69158878504685,29,False
0.15,0.85,Tivozanib,0.68971962616835,30,False
0.15,0.85,Lapatinib,0.6829439252339,31,False
0.15,0.85,Carfilzomib,0.6789719626164,32,False
0.15,0.85,Tucatinib,0.6761682242988001,33,False
0.15,0.85,Fluorouracil,0.6747663551405,34,False
0.15,0.85,Fulvestrant,0.6672897196259999,35,False
0.15,0.85,Panobinostat,0.66168224299085,36,False
0.15,0.85,Nilotinib,0.6612149532713,37,False
0.15,0.85,Ceritinib,0.6602803738317,38,False
0.15,0.85,Idarubicin,0.6429906542055,39,False
0.15,0.85,Paclitaxel,0.6331775700931,40,False
0.15,0.85,Palbociclib,0.6228971962617,41,False
0.15,0.85,Mercaptopurine,0.61869158878465,42,False
0.15,0.85,Selinexor,0.6074766355138499,43,False
0.15,0.85,Darolutamide,0.6023364485978999,44,False
0.15,0.85,Acalabrutinib,0.5705607476632,45,False
0.15,0.85,Estramustine,0.55233644859845,46,False
0.15,0.85,Everolimus,0.5214953271028501,47,False
0.15,0.85,Erlotinib,0.51542056074745,48,False
0.15,0.85,Tamoxifen,0.51355140186945,49,False
0.15,0.85,Selumetinib,0.51028037383185,50,False
0.15,0.85,Sirolimus,0.502803738318,51,False
0.15,0.85,Vorinostat,0.49859813084118,52,False
0.15,0.85,Dasatinib,0.49672897196230004,53,False
0.15,0.85,Doxorubicin,0.49532710280365,54,False
0.15,0.85,Decitabine,0.4845794392527,55,False
0.15,0.85,Dacomitinib,0.477102803738415,56,False
0.15,0.85,Dacarbazine,0.473364485981005,57,False
0.15,0.85,Epirubicin,0.46962616822435,58,False
0.15,0.85,Lomustine,0.46448598130825,59,False
0.15,0.85,Hydroxyurea,0.4574766355136,60,False
0.15,0.85,Duvelisib,0.4542056074763499,61,False
0.15,0.85,Imatinib,0.4514018691591,62,False
0.15,0.85,Allopurinol,0.43551401869164996,63,False
0.15,0.85,Etoposide,0.4210280373832,64,False
0.15,0.85,Fludarabine,0.4205607476635,65,False
0.15,0.85,Topotecan,0.4107476635518,66,False
0.15,0.85,Carboplatin,0.40560747663585,67,False
0.15,0.85,Azacitidine,0.39345794392489997,68,False
0.15,0.85,Ixabepilone,0.39112149532685,69,False
0.15,0.85,Cyclophosphamide,0.38504672897215,70,False
0.15,0.85,Dexrazoxane,0.37663551401863,71,False
0.15,0.85,Asciminib,0.37289719626139994,72,False
0.15,0.85,Sunitinib,0.3630841121497,73,False
0.15,0.85,Gemcitabine,0.35887850467279997,74,False
0.15,0.85,Valrubicin,0.34859813084153995,75,False
0.15,0.85,Lorlatinib,0.33831775700914996,76,False
0.15,0.85,Gilteritinib,0.32990654205625,77,False
0.15,0.85,Temsirolimus,0.28551401869145,78,False
0.15,0.85,Thiotepa,0.2808411214952,79,False
0.15,0.85,Encorafenib,0.2794392523364,80,False
0.15,0.85,Pemetrexed,0.26635514018705,81,False
0.15,0.85,Cabozantinib,0.2642523364489,82,False
0.15,0.85,Erdafitinib,0.26028037383185,83,False
0.15,0.85,Mitoxantrone,0.2560747663555,84,False
0.15,0.85,Idelalisib,0.256074766354955,85,False
0.15,0.85,Venetoclax,0.254205607477,86,False
0.15,0.85,Abiraterone,0.2383177570096,87,False
0.15,0.85,Clofarabine,0.2275700934576,88,False
0.15,0.85,Vemurafenib,0.21682242990699999,89,False
0.15,0.85,Vinorelbine,0.1995327102801,90,False
0.15,0.85,Raloxifene,0.19906542056055,91,False
0.15,0.85,Dabrafenib,0.19579439252327002,92,False
0.15,0.85,Fruquintinib,0.19205607476595,93,False
0.15,0.85,Trifluridine,0.185046728971885,94,False
0.15,0.85,Vinblastine,0.18224299065424998,95,False
0.15,0.85,Tioguanine,0.18130841121496,96,False
0.15,0.85,Pralatrexate,0.17383177570095998,97,False
0.15,0.85,umbralisib,0.1649532710277,98,False
0.15,0.85,Zoledronate,0.140654205607565,99,False
0.15,0.85,Oxaliplatin,0.13925233644855,100,False
0.15,0.85,Methotrexate,0.127570093458,101,False
0.15,0.85,Cladribine,0.117289719626195,102,False
0.15,0.85,Sonidegib,0.11635514018694501,103,False
0.15,0.85,Cisplatin,0.11121495327125,104,False
0.15,0.85,Lenvatinib,0.10747663551419,105,False
0.15,0.85,Bleomycin,0.08037383177567,106,False
0.15,0.85,Teniposide,0.058411214953284996,107,False
0.15,0.85,Neratinib,0.042990654205592,108,False
0.2,0.8,Irinotecan,0.9233644859810001,1,False
0.2,0.8,Celecoxib,0.9009345794388001,2,False
0.2,0.8,Crizotinib,0.8859813084114001,3,False
0.2,0.8,Olaparib,0.8747663551404001,4,False
0.2,0.8,Actinomycin D,0.8542056074768001,5,False
0.2,0.8,Brigatinib,0.8542056074764001,6,False
0.2,0.8,Chlorambucil,0.8485981308412001,7,False
0.2,0.8,Axitinib,0.8457943925230001,8,False
0.2,0.8,Homoharringtonine,0.8448598130838001,9,False
0.2,0.8,Mitomycin,0.8392523364490001,10,False
0.2,0.8,Daunorubicin,0.8355140186916,11,False
0.2,0.8,Melphalan,0.8261682242992,12,False
0.2,0.8,Cytarabine,0.818691588785,13,False
0.2,0.8,Mitotane,0.8093457943928,14,False
0.2,0.8,Afatinib,0.8093457943926001,15,False
0.2,0.8,Ibrutinib,0.8018691588788,16,False
0.2,0.8,Belinostat,0.7981308411216,17,False
0.2,0.8,Romidepsin,0.7981308411214,18,False
0.2,0.8,Docetaxel,0.7981308411212,19,False
0.2,0.8,Cobimetinib,0.7906542056072,20,False
0.2,0.8,Ixazomib,0.7887850467286001,21,False
0.2,0.8,Binimetinib,0.7794392523361041,22,False
0.2,0.8,Vandetanib,0.7495327102806001,23,False
0.2,0.8,Abemaciclib,0.7401869158880001,24,False
0.2,0.8,Osimertinib,0.7214953271028001,25,False
0.2,0.8,Bosutinib,0.7112149532708001,26,False
0.2,0.8,Ribociclib,0.7046728971966,27,False
0.2,0.8,Fluorouracil,0.68785046729,28,False
0.2,0.8,Tivozanib,0.6766355140188001,29,False
0.2,0.8,Trametinib,0.6766355140186,30,False
0.2,0.8,Lapatinib,0.6738317757012,31,False
0.2,0.8,Carmustine,0.6728971962618001,32,False
0.2,0.8,Ceritinib,0.6654205607476,33,False
0.2,0.8,Nilotinib,0.6635514018694,34,False
0.2,0.8,Tucatinib,0.6616822429904,35,False
0.2,0.8,Panobinostat,0.6579439252338,36,False
0.2,0.8,Fulvestrant,0.656074766355,37,False
0.2,0.8,Idarubicin,0.648598130841,38,False
0.2,0.8,Carfilzomib,0.6467289719622,39,False
0.2,0.8,Paclitaxel,0.6448598130838,40,False
0.2,0.8,Mercaptopurine,0.6317757009342001,41,False
0.2,0.8,Palbociclib,0.6280373831776,42,False
0.2,0.8,Selinexor,0.5887850467288,43,False
0.2,0.8,Darolutamide,0.5757009345791999,44,False
0.2,0.8,Acalabrutinib,0.5738317757006001,45,False
0.2,0.8,Estramustine,0.5308411214956,46,False
0.2,0.8,Erlotinib,0.5252336448596,47,False
0.2,0.8,Doxorubicin,0.5233644859812,48,False
0.2,0.8,Tamoxifen,0.5196261682246001,49,False
0.2,0.8,Selumetinib,0.5028037383178,50,False
0.2,0.8,Sirolimus,0.49906542056100006,51,False
0.2,0.8,Everolimus,0.49906542056080005,52,False
0.2,0.8,Epirubicin,0.49532710280380005,53,False
0.2,0.8,Decitabine,0.49345794392560005,54,False
0.2,0.8,Dasatinib,0.48785046728940007,55,False
0.2,0.8,Hydroxyurea,0.48224299065380005,56,False
0.2,0.8,Vorinostat,0.47476635514024007,57,False
0.2,0.8,Lomustine,0.46355140186900007,58,False
0.2,0.8,Allopurinol,0.45607476635520006,59,False
0.2,0.8,Dacomitinib,0.45233644859822003,60,False
0.2,0.8,Dacarbazine,0.45046728971934,61,False
0.2,0.8,Imatinib,0.4429906542058,62,False
0.2,0.8,Etoposide,0.4429906542056,63,False
0.2,0.8,Duvelisib,0.43738317756979994,64,False
0.2,0.8,Ixabepilone,0.4186915887848,65,False
0.2,0.8,Fludarabine,0.41121495327100005,66,False
0.2,0.8,Azacitidine,0.4093457943922,67,False
0.2,0.8,Topotecan,0.4074766355144,68,False
0.2,0.8,Cyclophosphamide,0.4074766355142,69,False
0.2,0.8,Carboplatin,0.3943925233648,70,False
0.2,0.8,Gemcitabine,0.3943925233644,71,False
0.2,0.8,Asciminib,0.3757009345792,72,False
0.2,0.8,Sunitinib,0.3719626168226,73,False
0.2,0.8,Dexrazoxane,0.35887850467284,74,False
0.2,0.8,Lorlatinib,0.3420560747662,75,False
0.2,0.8,Gilteritinib,0.340186915888,76,False
0.2,0.8,Valrubicin,0.33084112149572,77,False
0.2,0.8,Pemetrexed,0.3084112149534,78,False
0.2,0.8,Temsirolimus,0.30280373831760005,79,False
0.2,0.8,Encorafenib,0.3009345794392,80,False
0.2,0.8,Erdafitinib,0.2878504672898,81,False
0.2,0.8,Thiotepa,0.2841121495326,82,False
0.2,0.8,Cabozantinib,0.27757009345820005,83,False
0.2,0.8,Venetoclax,0.257943925234,84,False
0.2,0.8,Mitoxantrone,0.25420560747700005,85,False
0.2,0.8,Idelalisib,0.24485981308394003,86,False
0.2,0.8,Clofarabine,0.24112149532680002,87,False
0.2,0.8,Dabrafenib,0.22990654205596,88,False
0.2,0.8,Trifluridine,0.22803738317748,89,False
0.2,0.8,Raloxifene,0.22803738317740002,90,False
0.2,0.8,Tioguanine,0.22616822429908,91,False
0.2,0.8,Abiraterone,0.22429906542080003,92,False
0.2,0.8,Pralatrexate,0.22242990654208,93,False
0.2,0.8,Vinorelbine,0.2224299065418,94,False
0.2,0.8,Vemurafenib,0.220560747664,95,False
0.2,0.8,Fruquintinib,0.1999999999996,96,False
0.2,0.8,Oxaliplatin,0.1794392523364,97,False
0.2,0.8,Vinblastine,0.177570093458,98,False
0.2,0.8,Methotrexate,0.170093457944,99,False
0.2,0.8,umbralisib,0.1700934579436,100,False
0.2,0.8,Zoledronate,0.13457943925242,101,False
0.2,0.8,Cladribine,0.13457943925236,102,False
0.2,0.8,Sonidegib,0.12710280373836003,103,False
0.2,0.8,Cisplatin,0.11401869158899999,104,False
0.2,0.8,Lenvatinib,0.10280373831792,105,False
0.2,0.8,Bleomycin,0.08224299065415999,106,False
0.2,0.8,Teniposide,0.06542056074768,107,False
0.2,0.8,Neratinib,0.054205607476616006,108,False
0.25,0.75,Irinotecan,0.9158878504669999,1,False
0.25,0.75,Celecoxib,0.87850467289675,2,False
0.25,0.75,Crizotinib,0.871495327103,3,False
0.25,0.75,Olaparib,0.8621495327105,4,False
0.25,0.75,Brigatinib,0.84813084112125,5,False
0.25,0.75,Actinomycin D,0.8457943925235,6,False
0.25,0.75,Mitomycin,0.8411214953274999,7,False
0.25,0.75,Daunorubicin,0.8387850467289999,8,False
0.25,0.75,Cytarabine,0.82710280373825,9,False
0.25,0.75,Homoharringtonine,0.827102803738,10,False
0.25,0.75,Axitinib,0.8235981308407501,11,False
0.25,0.75,Chlorambucil,0.8107476635515,12,False
0.25,0.75,Belinostat,0.80607476635525,13,False
0.25,0.75,Ixazomib,0.8014018691585001,14,False
0.25,0.75,Docetaxel,0.7990654205605,15,False
0.25,0.75,Mitotane,0.79439252336475,16,False
0.25,0.75,Ibrutinib,0.7897196261685,17,False
0.25,0.75,Melphalan,0.78738317757025,18,False
0.25,0.75,Romidepsin,0.78271028037375,19,False
0.25,0.75,Afatinib,0.77102803738325,20,False
0.25,0.75,Cobimetinib,0.7640186915885,21,False
0.25,0.75,Abemaciclib,0.75233644859825,22,False
0.25,0.75,Binimetinib,0.73130841121463,23,False
0.25,0.75,Vandetanib,0.710280373832,24,False
0.25,0.75,Fluorouracil,0.7009345794394999,25,False
0.25,0.75,Osimertinib,0.7009345794392501,26,False
0.25,0.75,Bosutinib,0.69976635514,27,False
0.25,0.75,Ribociclib,0.67757009345825,28,False
0.25,0.75,Ceritinib,0.6705607476635,29,False
0.25,0.75,Nilotinib,0.6658878504675,30,False
0.25,0.75,Lapatinib,0.6647196261685,31,False
0.25,0.75,Tivozanib,0.6635514018692501,32,False
0.25,0.75,Paclitaxel,0.6565420560745,33,False
0.25,0.75,Carmustine,0.65420560747675,34,False
0.25,0.75,Panobinostat,0.6542056074767499,35,False
0.25,0.75,Idarubicin,0.6542056074764999,36,False
0.25,0.75,Tucatinib,0.6471962616820001,37,False
0.25,0.75,Fulvestrant,0.644859813084,38,False
0.25,0.75,Mercaptopurine,0.6448598130837501,39,False
0.25,0.75,Trametinib,0.6355140186914999,40,False
0.25,0.75,Palbociclib,0.6331775700935001,41,False
0.25,0.75,Carfilzomib,0.614485981308,42,False
0.25,0.75,Acalabrutinib,0.577102803738,43,False
0.25,0.75,Selinexor,0.57009345794375,44,False
0.25,0.75,Doxorubicin,0.55140186915875,45,False
0.25,0.75,Darolutamide,0.5490654205604999,46,False
0.25,0.75,Erlotinib,0.53504672897175,47,False
0.25,0.75,Tamoxifen,0.52570093457975,48,False
0.25,0.75,Epirubicin,0.52102803738325,49,False
0.25,0.75,Estramustine,0.50934579439275,50,False
0.25,0.75,Hydroxyurea,0.507009345794,51,False
0.25,0.75,Decitabine,0.5023364485985,52,False
0.25,0.75,Sirolimus,0.49532710280400005,53,False
0.25,0.75,Selumetinib,0.49532710280375003,54,False
0.25,0.75,Dasatinib,0.47897196261650005,55,False
0.25,0.75,Allopurinol,0.47663551401875004,56,False
0.25,0.75,Everolimus,0.47663551401875004,57,False
0.25,0.75,Etoposide,0.464953271028,58,False
0.25,0.75,Lomustine,0.46261682242975,59,False
0.25,0.75,Vorinostat,0.4509345794393,60,False
0.25,0.75,Ixabepilone,0.44626168224275,61,False
0.25,0.75,Imatinib,0.43457943925250003,62,False
0.25,0.75,Cyclophosphamide,0.42990654205625,63,False
0.25,0.75,Gemcitabine,0.429906542056,64,False
0.25,0.75,Dacomitinib,0.427570093458025,65,False
0.25,0.75,Dacarbazine,0.427570093457675,66,False
0.25,0.75,Azacitidine,0.4252336448595,67,False
0.25,0.75,Duvelisib,0.42056074766324997,68,False
0.25,0.75,Topotecan,0.40420560747699996,69,False
0.25,0.75,Fludarabine,0.4018691588785,70,False
0.25,0.75,Carboplatin,0.38317757009375003,71,False
0.25,0.75,Sunitinib,0.3808411214955,72,False
0.25,0.75,Asciminib,0.37850467289699996,73,False
0.25,0.75,Gilteritinib,0.35046728971975,74,False
0.25,0.75,Pemetrexed,0.35046728971975,75,False
0.25,0.75,Lorlatinib,0.34579439252325,76,False
0.25,0.75,Dexrazoxane,0.34112149532705,77,False
0.25,0.75,Encorafenib,0.322429906542,78,False
0.25,0.75,Temsirolimus,0.32009345794375,79,False
0.25,0.75,Erdafitinib,0.31542056074775005,80,False
0.25,0.75,Valrubicin,0.3130841121499,81,False
0.25,0.75,Cabozantinib,0.2908878504675,82,False
0.25,0.75,Thiotepa,0.28738317757,83,False
0.25,0.75,Pralatrexate,0.2710280373832,84,False
0.25,0.75,Tioguanine,0.2710280373832,85,False
0.25,0.75,Trifluridine,0.271028037383075,86,False
0.25,0.75,Dabrafenib,0.26401869158865,87,False
0.25,0.75,Venetoclax,0.261682242991,88,False
0.25,0.75,Raloxifene,0.25700934579425,89,False
0.25,0.75,Clofarabine,0.254672897196,90,False
0.25,0.75,Mitoxantrone,0.2523364485985,91,False
0.25,0.75,Vinorelbine,0.2453271028035,92,False
0.25,0.75,Idelalisib,0.23364485981292502,93,False
0.25,0.75,Vemurafenib,0.22429906542099998,94,False
0.25,0.75,Oxaliplatin,0.21962616822425,95,False
0.25,0.75,Methotrexate,0.21261682243,96,False
0.25,0.75,Abiraterone,0.210280373832,97,False
0.25,0.75,Fruquintinib,0.20794392523325,98,False
0.25,0.75,umbralisib,0.1752336448595,99,False
0.25,0.75,Vinblastine,0.17289719626174999,100,False
0.25,0.75,Cladribine,0.151869158878525,101,False
0.25,0.75,Sonidegib,0.137850467289775,102,False
0.25,0.75,Zoledronate,0.128504672897275,103,False
0.25,0.75,Cisplatin,0.11682242990674999,104,False
0.25,0.75,Lenvatinib,0.09813084112165,105,False
0.25,0.75,Bleomycin,0.08411214953265,106,False
0.25,0.75,Teniposide,0.072429906542075,107,False
0.25,0.75,Neratinib,0.06542056074764001,108,False
0.3,0.7,Irinotecan,0.9084112149529999,1,False
0.3,0.7,Crizotinib,0.8570093457946,2,False
0.3,0.7,Celecoxib,0.8560747663547,3,False
0.3,0.7,Olaparib,0.8495327102806,4,False
0.3,0.7,Mitomycin,0.842990654206,5,False
0.3,0.7,Daunorubicin,0.8420560747663999,6,False
0.3,0.7,Brigatinib,0.8420560747661,7,False
0.3,0.7,Actinomycin D,0.8373831775702,8,False
0.3,0.7,Cytarabine,0.8355140186915,9,False
0.3,0.7,Belinostat,0.8140186915889,10,False
0.3,0.7,Ixazomib,0.8140186915884,11,False
0.3,0.7,Homoharringtonine,0.8093457943922,12,False
0.3,0.7,Axitinib,0.8014018691585,13,False
0.3,0.7,Docetaxel,0.7999999999998,14,False
0.3,0.7,Mitotane,0.7794392523367,15,False
0.3,0.7,Ibrutinib,0.7775700934581999,16,False
0.3,0.7,Chlorambucil,0.7728971962618,17,False
0.3,0.7,Romidepsin,0.7672897196260999,18,False
0.3,0.7,Abemaciclib,0.7644859813085,19,False
0.3,0.7,Melphalan,0.7485981308412999,20,False
0.3,0.7,Cobimetinib,0.7373831775697999,21,False
0.3,0.7,Afatinib,0.7327102803739,22,False
0.3,0.7,Fluorouracil,0.7140186915889999,23,False
0.3,0.7,Bosutinib,0.6883177570092001,24,False
0.3,0.7,Binimetinib,0.683177570093156,25,False
0.3,0.7,Osimertinib,0.6803738317757,26,False
0.3,0.7,Ceritinib,0.6757009345794,27,False
0.3,0.7,Vandetanib,0.6710280373834,28,False
0.3,0.7,Nilotinib,0.6682242990655999,29,False
0.3,0.7,Paclitaxel,0.6682242990652,30,False
0.3,0.7,Idarubicin,0.659813084112,31,False
0.3,0.7,Mercaptopurine,0.6579439252332999,32,False
0.3,0.7,Lapatinib,0.6556074766358,33,False
0.3,0.7,Ribociclib,0.6504672897198999,34,False
0.3,0.7,Panobinostat,0.6504672897196999,35,False
0.3,0.7,Tivozanib,0.6504672897196999,36,False
0.3,0.7,Palbociclib,0.6383177570094,37,False
0.3,0.7,Carmustine,0.6355140186917,38,False
0.3,0.7,Fulvestrant,0.633644859813,39,False
0.3,0.7,Tucatinib,0.6327102803736,40,False
0.3,0.7,Trametinib,0.5943925233644,41,False
0.3,0.7,Carfilzomib,0.5822429906538,42,False
0.3,0.7,Acalabrutinib,0.5803738317754,43,False
0.3,0.7,Doxorubicin,0.5794392523363,44,False
0.3,0.7,Selinexor,0.5514018691586999,45,False
0.3,0.7,Epirubicin,0.5467289719627,46,False
0.3,0.7,Erlotinib,0.5448598130839,47,False
0.3,0.7,Tamoxifen,0.5317757009349,48,False
0.3,0.7,Hydroxyurea,0.5317757009341999,49,False
0.3,0.7,Darolutamide,0.5224299065417999,50,False
0.3,0.7,Decitabine,0.5112149532714,51,False
0.3,0.7,Allopurinol,0.49719626168229997,52,False
0.3,0.7,Sirolimus,0.491588785047,53,False
0.3,0.7,Estramustine,0.48785046728989995,54,False
0.3,0.7,Selumetinib,0.4878504672897,55,False
0.3,0.7,Etoposide,0.48691588785039996,56,False
0.3,0.7,Ixabepilone,0.4738317757007,57,False
0.3,0.7,Dasatinib,0.4700934579436,58,False
0.3,0.7,Gemcitabine,0.46542056074759997,59,False
0.3,0.7,Lomustine,0.4616822429905,60,False
0.3,0.7,Everolimus,0.45420560747669997,61,False
0.3,0.7,Cyclophosphamide,0.45233644859829997,62,False
0.3,0.7,Azacitidine,0.44112149532679995,63,False
0.3,0.7,Vorinostat,0.42710280373835996,64,False
0.3,0.7,Imatinib,0.4261682242992,65,False
0.3,0.7,Dacarbazine,0.40467289719601,66,False
0.3,0.7,Duvelisib,0.40373831775669994,67,False
0.3,0.7,Dacomitinib,0.40280373831783,68,False
0.3,0.7,Topotecan,0.4009345794396,69,False
0.3,0.7,Pemetrexed,0.3925233644861,70,False
0.3,0.7,Fludarabine,0.39252336448599995,71,False
0.3,0.7,Sunitinib,0.38971962616839995,72,False
0.3,0.7,Asciminib,0.38130841121479997,73,False
0.3,0.7,Carboplatin,0.3719626168227,74,False
0.3,0.7,Gilteritinib,0.36074766355149995,75,False
0.3,0.7,Lorlatinib,0.3495327102803,76,False
0.3,0.7,Encorafenib,0.3439252336448,77,False
0.3,0.7,Erdafitinib,0.3429906542057,78,False
0.3,0.7,Temsirolimus,0.3373831775699,79,False
0.3,0.7,Dexrazoxane,0.32336448598126,80,False
0.3,0.7,Pralatrexate,0.31962616822432,81,False
0.3,0.7,Tioguanine,0.31588785046732,82,False
0.3,0.7,Trifluridine,0.31401869158867,83,False
0.3,0.7,Cabozantinib,0.30420560747680003,84,False
0.3,0.7,Dabrafenib,0.29813084112134003,85,False
0.3,0.7,Valrubicin,0.29532710280408,86,False
0.3,0.7,Thiotepa,0.2906542056074,87,False
0.3,0.7,Raloxifene,0.28598130841110003,88,False
0.3,0.7,Vinorelbine,0.2682242990652,89,False
0.3,0.7,Clofarabine,0.26822429906519996,90,False
0.3,0.7,Venetoclax,0.265420560748,91,False
0.3,0.7,Oxaliplatin,0.25981308411209997,92,False
0.3,0.7,Methotrexate,0.255140186916,93,False
0.3,0.7,Mitoxantrone,0.25046728972,94,False
0.3,0.7,Vemurafenib,0.22803738317799999,95,False
0.3,0.7,Idelalisib,0.22242990654190997,96,False
0.3,0.7,Fruquintinib,0.21588785046689998,97,False
0.3,0.7,Abiraterone,0.19626168224319998,98,False
0.3,0.7,umbralisib,0.18037383177539998,99,False
0.3,0.7,Cladribine,0.16915887850469,100,False
0.3,0.7,Vinblastine,0.1682242990655,101,False
0.3,0.7,Sonidegib,0.14859813084119,102,False
0.3,0.7,Zoledronate,0.12242990654212998,103,False
0.3,0.7,Cisplatin,0.11962616822449999,104,False
0.3,0.7,Lenvatinib,0.09345794392538,105,False
0.3,0.7,Bleomycin,0.08598130841113999,106,False
0.3,0.7,Teniposide,0.07943925233647,107,False
0.3,0.7,Neratinib,0.076635514018664,108,False
0.35,0.65,Irinotecan,0.900934579439,1,False
0.35,0.65,Daunorubicin,0.8453271028038,2,False
0.35,0.65,Mitomycin,0.8448598130845,3,False
0.35,0.65,Cytarabine,0.84392523364475,4,False
0.35,0.65,Crizotinib,0.8425233644862,5,False
0.35,0.65,Olaparib,0.8369158878507,6,False
0.35,0.65,Brigatinib,0.83598130841095,7,False
0.35,0.65,Celecoxib,0.83364485981265,8,False
0.35,0.65,Actinomycin D,0.8289719626169,9,False
0.35,0.65,Ixazomib,0.8266355140183,10,False
0.35,0.65,Belinostat,0.82196261682255,11,False
0.35,0.65,Docetaxel,0.8009345794391,12,False
0.35,0.65,Homoharringtonine,0.7915887850464001,13,False
0.35,0.65,Axitinib,0.77920560747625,14,False
0.35,0.65,Abemaciclib,0.77663551401875,15,False
0.35,0.65,Ibrutinib,0.7654205607479,16,False
0.35,0.65,Mitotane,0.76448598130865,17,False
0.35,0.65,Romidepsin,0.75186915887845,18,False
0.35,0.65,Chlorambucil,0.7350467289721,19,False
0.35,0.65,Fluorouracil,0.7271028037384999,20,False
0.35,0.65,Cobimetinib,0.7107476635511,21,False
0.35,0.65,Melphalan,0.70981308411235,22,False
0.35,0.65,Afatinib,0.69439252336455,23,False
0.35,0.65,Ceritinib,0.6808411214953,24,False
0.35,0.65,Paclitaxel,0.6799065420559,25,False
0.35,0.65,Bosutinib,0.6768691588784,26,False
0.35,0.65,Mercaptopurine,0.67102803738285,27,False
0.35,0.65,Nilotinib,0.6705607476637,28,False
0.35,0.65,Idarubicin,0.6654205607475,29,False
0.35,0.65,Osimertinib,0.65981308411215,30,False
0.35,0.65,Panobinostat,0.64672897196265,31,False
0.35,0.65,Lapatinib,0.6464953271031,32,False
0.35,0.65,Palbociclib,0.6434579439253,33,False
0.35,0.65,Tivozanib,0.6373831775701501,34,False
0.35,0.65,Binimetinib,0.635046728971682,35,False
0.35,0.65,Vandetanib,0.6317757009348001,36,False
0.35,0.65,Ribociclib,0.62336448598155,37,False
0.35,0.65,Fulvestrant,0.622429906542,38,False
0.35,0.65,Tucatinib,0.6182242990652,39,False
0.35,0.65,Carmustine,0.61682242990665,40,False
0.35,0.65,Doxorubicin,0.60747663551385,41,False
0.35,0.65,Acalabrutinib,0.5836448598128,42,False
0.35,0.65,Epirubicin,0.5724299065421501,43,False
0.35,0.65,Hydroxyurea,0.5565420560744,44,False
0.35,0.65,Erlotinib,0.55467289719605,45,False
0.35,0.65,Trametinib,0.5532710280373,46,False
0.35,0.65,Carfilzomib,0.5499999999996,47,False
0.35,0.65,Tamoxifen,0.53785046729005,48,False
0.35,0.65,Selinexor,0.53271028037365,49,False
0.35,0.65,Decitabine,0.5200934579443,50,False
0.35,0.65,Allopurinol,0.51775700934585,51,False
0.35,0.65,Etoposide,0.5088785046728,52,False
0.35,0.65,Ixabepilone,0.50140186915865,53,False
0.35,0.65,Gemcitabine,0.5009345794392,54,False
0.35,0.65,Darolutamide,0.4957943925231,55,False
0.35,0.65,Sirolimus,0.48785046729000003,56,False
0.35,0.65,Selumetinib,0.4803738317756501,57,False
0.35,0.65,Cyclophosphamide,0.47476635514035,58,False
0.35,0.65,Estramustine,0.46635514018705004,59,False
0.35,0.65,Dasatinib,0.46121495327070006,60,False
0.35,0.65,Lomustine,0.46074766355124996,61,False
0.35,0.65,Azacitidine,0.45700934579409996,62,False
0.35,0.65,Pemetrexed,0.43457943925244996,63,False
0.35,0.65,Everolimus,0.43177570093465,64,False
0.35,0.65,Imatinib,0.41775700934590004,65,False
0.35,0.65,Vorinostat,0.40327102803742004,66,False
0.35,0.65,Sunitinib,0.3985981308413,67,False
0.35,0.65,Topotecan,0.3976635514022,68,False
0.35,0.65,Duvelisib,0.38691588785014996,69,False
0.35,0.65,Asciminib,0.3841121495326,70,False
0.35,0.65,Fludarabine,0.38317757009349995,71,False
0.35,0.65,Dacarbazine,0.38177570093434504,72,False
0.35,0.65,Dacomitinib,0.378037383177635,73,False
0.35,0.65,Gilteritinib,0.37102803738324996,74,False
0.35,0.65,Erdafitinib,0.37056074766365,75,False
0.35,0.65,Pralatrexate,0.36822429906543996,76,False
0.35,0.65,Encorafenib,0.3654205607476,77,False
0.35,0.65,Carboplatin,0.36074766355165,78,False
0.35,0.65,Tioguanine,0.36074766355143995,79,False
0.35,0.65,Trifluridine,0.357009345794265,80,False
0.35,0.65,Temsirolimus,0.35467289719605,81,False
0.35,0.65,Lorlatinib,0.35327102803735,82,False
0.35,0.65,Dabrafenib,0.33224299065403,83,False
0.35,0.65,Cabozantinib,0.31752336448609997,84,False
0.35,0.65,Raloxifene,0.31495327102795,85,False
0.35,0.65,Dexrazoxane,0.30560747663547,86,False
0.35,0.65,Oxaliplatin,0.29999999999995,87,False
0.35,0.65,Methotrexate,0.29766355140199996,88,False
0.35,0.65,Thiotepa,0.2939252336448,89,False
0.35,0.65,Vinorelbine,0.2911214953269,90,False
0.35,0.65,Clofarabine,0.28177570093439996,91,False
0.35,0.65,Valrubicin,0.27757009345826,92,False
0.35,0.65,Venetoclax,0.269158878505,93,False
0.35,0.65,Mitoxantrone,0.2485981308415,94,False
0.35,0.65,Vemurafenib,0.231775700935,95,False
0.35,0.65,Fruquintinib,0.22383177570055,96,False
0.35,0.65,Idelalisib,0.211214953270895,97,False
0.35,0.65,Cladribine,0.186448598130855,98,False
0.35,0.65,umbralisib,0.1855140186913,99,False
0.35,0.65,Abiraterone,0.1822429906544,100,False
0.35,0.65,Vinblastine,0.16355140186925,101,False
0.35,0.65,Sonidegib,0.159345794392605,102,False
0.35,0.65,Cisplatin,0.12242990654224999,103,False
0.35,0.65,Zoledronate,0.116355140186985,104,False
0.35,0.65,Lenvatinib,0.08878504672911,105,False
0.35,0.65,Neratinib,0.087850467289688,106,False
0.35,0.65,Bleomycin,0.08785046728963,107,False
0.35,0.65,Teniposide,0.086448598130865,108,False
0.4,0.6,Irinotecan,0.893457943925,1,False
0.4,0.6,Cytarabine,0.8523364485980001,2,False
0.4,0.6,Daunorubicin,0.8485981308412001,3,False
0.4,0.6,Mitomycin,0.846728971963,4,False
0.4,0.6,Ixazomib,0.8392523364482001,5,False
0.4,0.6,Belinostat,0.8299065420562001,6,False
0.4,0.6,Brigatinib,0.8299065420558001,7,False
0.4,0.6,Crizotinib,0.8280373831778,8,False
0.4,0.6,Olaparib,0.8242990654208,9,False
0.4,0.6,Actinomycin D,0.8205607476635999,10,False
0.4,0.6,Celecoxib,0.8112149532706,11,False
0.4,0.6,Docetaxel,0.8018691588783999,12,False
0.4,0.6,Abemaciclib,0.7887850467290001,13,False
0.4,0.6,Homoharringtonine,0.7738317757006,14,False
0.4,0.6,Axitinib,0.757009345794,15,False
0.4,0.6,Ibrutinib,0.7532710280376,16,False
0.4,0.6,Mitotane,0.7495327102806,17,False
0.4,0.6,Fluorouracil,0.740186915888,18,False
0.4,0.6,Romidepsin,0.7364485981308,19,False
0.4,0.6,Chlorambucil,0.6971962616824,20,False
0.4,0.6,Paclitaxel,0.6915887850466,21,False
0.4,0.6,Ceritinib,0.6859813084112001,22,False
0.4,0.6,Mercaptopurine,0.6841121495324001,23,False
0.4,0.6,Cobimetinib,0.6841121495324,24,False
0.4,0.6,Nilotinib,0.6728971962618,25,False
0.4,0.6,Melphalan,0.6710280373834,26,False
0.4,0.6,Idarubicin,0.671028037383,27,False
0.4,0.6,Bosutinib,0.6654205607476,28,False
0.4,0.6,Afatinib,0.6560747663552,29,False
0.4,0.6,Palbociclib,0.6485981308412,30,False
0.4,0.6,Panobinostat,0.6429906542056,31,False
0.4,0.6,Osimertinib,0.6392523364486,32,False
0.4,0.6,Lapatinib,0.6373831775704,33,False
0.4,0.6,Doxorubicin,0.6355140186914,34,False
0.4,0.6,Tivozanib,0.6242990654206,35,False
0.4,0.6,Fulvestrant,0.611214953271,36,False
0.4,0.6,Tucatinib,0.6037383177568001,37,False
0.4,0.6,Carmustine,0.5981308411216,38,False
0.4,0.6,Epirubicin,0.5981308411216,39,False
0.4,0.6,Ribociclib,0.5962616822432,40,False
0.4,0.6,Vandetanib,0.5925233644862,41,False
0.4,0.6,Binimetinib,0.586915887850208,42,False
0.4,0.6,Acalabrutinib,0.5869158878502001,43,False
0.4,0.6,Hydroxyurea,0.5813084112146,44,False
0.4,0.6,Erlotinib,0.5644859813081999,45,False
0.4,0.6,Tamoxifen,0.5439252336452,46,False
0.4,0.6,Allopurinol,0.5383177570094,47,False
0.4,0.6,Gemcitabine,0.5364485981308,48,False
0.4,0.6,Etoposide,0.5308411214952,49,False
0.4,0.6,Decitabine,0.5289719626172,50,False
0.4,0.6,Ixabepilone,0.5289719626166,51,False
0.4,0.6,Carfilzomib,0.5177570093454,52,False
0.4,0.6,Selinexor,0.5140186915886,53,False
0.4,0.6,Trametinib,0.5121495327102,54,False
0.4,0.6,Cyclophosphamide,0.4971962616824,55,False
0.4,0.6,Sirolimus,0.484112149533,56,False
0.4,0.6,Pemetrexed,0.4766355140188,57,False
0.4,0.6,Selumetinib,0.4728971962616,58,False
0.4,0.6,Azacitidine,0.47289719626140003,59,False
0.4,0.6,Darolutamide,0.46915887850439997,60,False
0.4,0.6,Lomustine,0.459813084112,61,False
0.4,0.6,Dasatinib,0.4523364485978,62,False
0.4,0.6,Estramustine,0.4448598130842,63,False
0.4,0.6,Pralatrexate,0.41682242990656004,64,False
0.4,0.6,Everolimus,0.4093457943926,65,False
0.4,0.6,Imatinib,0.4093457943926,66,False
0.4,0.6,Sunitinib,0.4074766355142,67,False
0.4,0.6,Tioguanine,0.40560747663556,68,False
0.4,0.6,Trifluridine,0.39999999999986,69,False
0.4,0.6,Erdafitinib,0.3981308411216,70,False
0.4,0.6,Topotecan,0.3943925233648,71,False
0.4,0.6,Asciminib,0.3869158878504,72,False
0.4,0.6,Encorafenib,0.3869158878504,73,False
0.4,0.6,Gilteritinib,0.381308411215,74,False
0.4,0.6,Vorinostat,0.37943925233648,75,False
0.4,0.6,Fludarabine,0.37383177570099996,76,False
0.4,0.6,Temsirolimus,0.3719626168222,77,False
0.4,0.6,Duvelisib,0.37009345794359993,78,False
0.4,0.6,Dabrafenib,0.36635514018672,79,False
0.4,0.6,Dacarbazine,0.35887850467268,80,False
0.4,0.6,Lorlatinib,0.3570093457944,81,False
0.4,0.6,Dacomitinib,0.35327102803744004,82,False
0.4,0.6,Carboplatin,0.3495327102806,83,False
0.4,0.6,Raloxifene,0.34392523364480004,84,False
0.4,0.6,Methotrexate,0.340186915888,85,False
0.4,0.6,Oxaliplatin,0.34018691588780003,86,False
0.4,0.6,Cabozantinib,0.3308411214954,87,False
0.4,0.6,Vinorelbine,0.3140186915886,88,False
0.4,0.6,Thiotepa,0.2971962616822,89,False
0.4,0.6,Clofarabine,0.29532710280360003,90,False
0.4,0.6,Dexrazoxane,0.28785046728968,91,False
0.4,0.6,Venetoclax,0.272897196262,92,False
0.4,0.6,Valrubicin,0.25981308411244,93,False
0.4,0.6,Mitoxantrone,0.246728971963,94,False
0.4,0.6,Vemurafenib,0.235514018692,95,False
0.4,0.6,Fruquintinib,0.2317757009342,96,False
0.4,0.6,Cladribine,0.20373831775702,97,False
0.4,0.6,Idelalisib,0.19999999999988,98,False
0.4,0.6,umbralisib,0.19065420560719998,99,False
0.4,0.6,Sonidegib,0.17009345794402,100,False
0.4,0.6,Abiraterone,0.1682242990656,101,False
0.4,0.6,Vinblastine,0.158878504673,102,False
0.4,0.6,Cisplatin,0.12523364486,103,False
0.4,0.6,Zoledronate,0.11028037383184,104,False
0.4,0.6,Neratinib,0.09906542056071202,105,False
0.4,0.6,Teniposide,0.09345794392526,106,False
0.4,0.6,Bleomycin,0.08971962616811999,107,False
0.4,0.6,Lenvatinib,0.08411214953283999,108,False
0.45,0.55,Irinotecan,0.8859813084110001,1,False
0.45,0.55,Cytarabine,0.8607476635512501,2,False
0.45,0.55,Daunorubicin,0.8518691588786,3,False
0.45,0.55,Ixazomib,0.8518691588781,4,False
0.45,0.55,Mitomycin,0.8485981308415,5,False
0.45,0.55,Belinostat,0.8378504672898501,6,False
0.45,0.55,Brigatinib,0.82383177570065,7,False
0.45,0.55,Crizotinib,0.8135514018694001,8,False
0.45,0.55,Actinomycin D,0.8121495327103001,9,False
0.45,0.55,Olaparib,0.8116822429909001,10,False
0.45,0.55,Docetaxel,0.8028037383177,11,False
0.45,0.55,Abemaciclib,0.8009345794392501,12,False
0.45,0.55,Celecoxib,0.78878504672855,13,False
0.45,0.55,Homoharringtonine,0.7560747663548001,14,False
0.45,0.55,Fluorouracil,0.7532710280375,15,False
0.45,0.55,Ibrutinib,0.7411214953273,16,False
0.45,0.55,Axitinib,0.7348130841117501,17,False
0.45,0.55,Mitotane,0.73457943925255,18,False
0.45,0.55,Romidepsin,0.72102803738315,19,False
0.45,0.55,Paclitaxel,0.7032710280373,20,False
0.45,0.55,Mercaptopurine,0.69719626168195,21,False
0.45,0.55,Ceritinib,0.6911214953271001,22,False
0.45,0.55,Idarubicin,0.6766355140185001,23,False
0.45,0.55,Nilotinib,0.6752336448599,24,False
0.45,0.55,Doxorubicin,0.66355140186895,25,False
0.45,0.55,Chlorambucil,0.6593457943927,26,False
0.45,0.55,Cobimetinib,0.6574766355137001,27,False
0.45,0.55,Bosutinib,0.6539719626168,28,False
0.45,0.55,Palbociclib,0.6537383177571001,29,False
0.45,0.55,Panobinostat,0.6392523364485501,30,False
0.45,0.55,Melphalan,0.6322429906544501,31,False
0.45,0.55,Lapatinib,0.6282710280377001,32,False
0.45,0.55,Epirubicin,0.6238317757010501,33,False
0.45,0.55,Osimertinib,0.61869158878505,34,False
0.45,0.55,Afatinib,0.61775700934585,35,False
0.45,0.55,Tivozanib,0.61121495327105,36,False
0.45,0.55,Hydroxyurea,0.6060747663548,37,False
0.45,0.55,Fulvestrant,0.6000000000000001,38,False
0.45,0.55,Acalabrutinib,0.5901869158876001,39,False
0.45,0.55,Tucatinib,0.5892523364484,40,False
0.45,0.55,Carmustine,0.57943925233655,41,False
0.45,0.55,Erlotinib,0.57429906542035,42,False
0.45,0.55,Gemcitabine,0.5719626168224,43,False
0.45,0.55,Ribociclib,0.56915887850485,44,False
0.45,0.55,Allopurinol,0.5588785046729501,45,False
0.45,0.55,Ixabepilone,0.55654205607455,46,False
0.45,0.55,Vandetanib,0.5532710280376001,47,False
0.45,0.55,Etoposide,0.5528037383176,48,False
0.45,0.55,Tamoxifen,0.55000000000035,49,False
0.45,0.55,Binimetinib,0.5387850467287341,50,False
0.45,0.55,Decitabine,0.5378504672901001,51,False
0.45,0.55,Cyclophosphamide,0.5196261682244501,52,False
0.45,0.55,Pemetrexed,0.51869158878515,53,False
0.45,0.55,Selinexor,0.49532710280354997,54,False
0.45,0.55,Azacitidine,0.48878504672869993,55,False
0.45,0.55,Carfilzomib,0.4855140186912001,56,False
0.45,0.55,Sirolimus,0.4803738317760001,57,False
0.45,0.55,Trametinib,0.4710280373831,58,False
0.45,0.55,Pralatrexate,0.46542056074768,59,False
0.45,0.55,Selumetinib,0.46542056074755,60,False
0.45,0.55,Lomustine,0.45887850467275004,61,False
0.45,0.55,Tioguanine,0.45046728971968003,62,False
0.45,0.55,Dasatinib,0.4434579439249,63,False
0.45,0.55,Trifluridine,0.442990654205455,64,False
0.45,0.55,Darolutamide,0.4425233644857,65,False
0.45,0.55,Erdafitinib,0.42570093457955005,66,False
0.45,0.55,Estramustine,0.42336448598135,67,False
0.45,0.55,Sunitinib,0.4163551401871,68,False
0.45,0.55,Encorafenib,0.4084112149532,69,False
0.45,0.55,Imatinib,0.40093457943930005,70,False
0.45,0.55,Dabrafenib,0.40046728971941004,71,False
0.45,0.55,Gilteritinib,0.39158878504675,72,False
0.45,0.55,Topotecan,0.39112149532740004,73,False
0.45,0.55,Asciminib,0.3897196261682,74,False
0.45,0.55,Temsirolimus,0.38925233644835,75,False
0.45,0.55,Everolimus,0.38691588785055,76,False
0.45,0.55,Methotrexate,0.382710280374,77,False
0.45,0.55,Oxaliplatin,0.38037383177565004,78,False
0.45,0.55,Raloxifene,0.37289719626165,79,False
0.45,0.55,Fludarabine,0.3644859813085,80,False
0.45,0.55,Lorlatinib,0.36074766355145005,81,False
0.45,0.55,Vorinostat,0.35560747663554004,82,False
0.45,0.55,Duvelisib,0.35327102803705,83,False
0.45,0.55,Cabozantinib,0.3441588785047,84,False
0.45,0.55,Carboplatin,0.33831775700955,85,False
0.45,0.55,Vinorelbine,0.3369158878503,86,False
0.45,0.55,Dacarbazine,0.33598130841101503,87,False
0.45,0.55,Dacomitinib,0.32850467289724505,88,False
0.45,0.55,Clofarabine,0.3088785046728,89,False
0.45,0.55,Thiotepa,0.3004672897196,90,False
0.45,0.55,Venetoclax,0.276635514019,91,False
0.45,0.55,Dexrazoxane,0.27009345794389,92,False
0.45,0.55,Mitoxantrone,0.24485981308450003,93,False
0.45,0.55,Valrubicin,0.24205607476662,94,False
0.45,0.55,Fruquintinib,0.23971962616785003,95,False
0.45,0.55,Vemurafenib,0.239252336449,96,False
0.45,0.55,Cladribine,0.22102803738318502,97,False
0.45,0.55,umbralisib,0.1957943925231,98,False
0.45,0.55,Idelalisib,0.188785046728865,99,False
0.45,0.55,Sonidegib,0.18084112149543502,100,False
0.45,0.55,Abiraterone,0.1542056074768,101,False
0.45,0.55,Vinblastine,0.15420560747675,102,False
0.45,0.55,Cisplatin,0.12803738317775,103,False
0.45,0.55,Neratinib,0.110280373831736,104,False
0.45,0.55,Zoledronate,0.104205607476695,105,False
0.45,0.55,Teniposide,0.10046728971965502,106,False
0.45,0.55,Bleomycin,0.09158878504661,107,False
0.45,0.55,Lenvatinib,0.07943925233657001,108,False
0.5,0.5,Irinotecan,0.878504672897,1,True
0.5,0.5,Cytarabine,0.869158878505,2,True
0.5,0.5,Ixazomib,0.864485981308,3,True
0.5,0.5,Daunorubicin,0.855140186916,4,True
0.5,0.5,Mitomycin,0.85046728972,5,True
0.5,0.5,Belinostat,0.845794392523,6,True
0.5,0.5,Brigatinib,0.817757009346,7,True
0.5,0.5,Abemaciclib,0.81308411215,8,True
0.5,0.5,Actinomycin D,0.803738317757,9,True
0.5,0.5,Docetaxel,0.803738317757,10,True
0.5,0.5,Crizotinib,0.799065420561,11,True
0.5,0.5,Olaparib,0.799065420561,12,True
0.5,0.5,Celecoxib,0.766355140187,13,True
0.5,0.5,Fluorouracil,0.766355140187,14,True
0.5,0.5,Homoharringtonine,0.738317757009,15,True
0.5,0.5,Ibrutinib,0.728971962617,16,True
0.5,0.5,Mitotane,0.719626168224,17,True
0.5,0.5,Paclitaxel,0.714953271028,18,True
0.5,0.5,Axitinib,0.71261682243,19,True
0.5,0.5,Mercaptopurine,0.710280373832,20,True
0.5,0.5,Romidepsin,0.705607476636,21,True
0.5,0.5,Ceritinib,0.696261682243,22,True
0.5,0.5,Doxorubicin,0.691588785047,23,True
0.5,0.5,Idarubicin,0.682242990654,24,True
0.5,0.5,Nilotinib,0.677570093458,25,True
0.5,0.5,Palbociclib,0.658878504673,26,True
0.5,0.5,Epirubicin,0.64953271028,27,True
0.5,0.5,Bosutinib,0.642523364486,28,True
0.5,0.5,Panobinostat,0.635514018692,29,True
0.5,0.5,Cobimetinib,0.630841121495,30,True
0.5,0.5,Hydroxyurea,0.630841121495,31,True
0.5,0.5,Chlorambucil,0.621495327103,32,True
0.5,0.5,Lapatinib,0.619158878505,33,True
0.5,0.5,Gemcitabine,0.607476635514,34,True
0.5,0.5,Osimertinib,0.598130841121,35,True
0.5,0.5,Tivozanib,0.598130841121,36,True
0.5,0.5,Acalabrutinib,0.593457943925,37,True
0.5,0.5,Melphalan,0.593457943925,38,True
0.5,0.5,Fulvestrant,0.588785046729,39,True
0.5,0.5,Erlotinib,0.584112149533,40,True
0.5,0.5,Ixabepilone,0.584112149533,41,True
0.5,0.5,Afatinib,0.579439252336,42,True
0.5,0.5,Allopurinol,0.579439252336,43,True
0.5,0.5,Etoposide,0.57476635514,44,True
0.5,0.5,Tucatinib,0.57476635514,45,True
0.5,0.5,Carmustine,0.560747663551,46,True
0.5,0.5,Pemetrexed,0.560747663551,47,True
0.5,0.5,Tamoxifen,0.556074766355,48,True
0.5,0.5,Decitabine,0.546728971963,49,True
0.5,0.5,Cyclophosphamide,0.542056074766,50,True
0.5,0.5,Ribociclib,0.542056074766,51,True
0.5,0.5,Pralatrexate,0.514018691589,52,True
0.5,0.5,Vandetanib,0.514018691589,53,True
0.5,0.5,Azacitidine,0.504672897196,54,True
0.5,0.5,Tioguanine,0.495327102804,55,True
0.5,0.5,Binimetinib,0.490654205607,56,True
0.5,0.5,Trifluridine,0.485981308411,57,True
0.5,0.5,Selinexor,0.476635514019,58,True
0.5,0.5,Sirolimus,0.476635514019,59,True
0.5,0.5,Lomustine,0.457943925234,60,True
0.5,0.5,Selumetinib,0.457943925234,61,True
0.5,0.5,Carfilzomib,0.453271028037,62,True
0.5,0.5,Erdafitinib,0.453271028037,63,True
0.5,0.5,Dabrafenib,0.434579439252,64,True
0.5,0.5,Dasatinib,0.434579439252,65,True
0.5,0.5,Encorafenib,0.429906542056,66,True
0.5,0.5,Trametinib,0.429906542056,67,True
0.5,0.5,Methotrexate,0.42523364486,68,True
0.5,0.5,Sunitinib,0.42523364486,69,True
0.5,0.5,Oxaliplatin,0.420560747664,70,True
0.5,0.5,Darolutamide,0.415887850467,71,True
0.5,0.5,Temsirolimus,0.406542056075,72,True
0.5,0.5,Estramustine,0.401869158879,73,True
0.5,0.5,Raloxifene,0.401869158879,74,True
0.5,0.5,Gilteritinib,0.401869158879,75,True
0.5,0.5,Asciminib,0.392523364486,76,True
0.5,0.5,Imatinib,0.392523364486,77,True
0.5,0.5,Topotecan,0.38785046729,78,True
0.5,0.5,Everolimus,0.364485981308,79,True
0.5,0.5,Lorlatinib,0.364485981308,80,True
0.5,0.5,Vinorelbine,0.359813084112,81,True
0.5,0.5,Cabozantinib,0.357476635514,82,True
0.5,0.5,Fludarabine,0.355140186916,83,True
0.5,0.5,Duvelisib,0.336448598131,84,True
0.5,0.5,Vorinostat,0.331775700935,85,True
0.5,0.5,Carboplatin,0.327102803738,86,True
0.5,0.5,Clofarabine,0.322429906542,87,True
0.5,0.5,Dacarbazine,0.31308411215,88,True
0.5,0.5,Dacomitinib,0.303738317757,89,True
0.5,0.5,Thiotepa,0.303738317757,90,True
0.5,0.5,Venetoclax,0.280373831776,91,True
0.5,0.5,Dexrazoxane,0.252336448598,92,True
0.5,0.5,Fruquintinib,0.247663551402,93,True
0.5,0.5,Mitoxantrone,0.242990654206,94,True
0.5,0.5,Vemurafenib,0.242990654206,95,True
0.5,0.5,Cladribine,0.238317757009,96,True
0.5,0.5,Valrubicin,0.224299065421,97,True
0.5,0.5,umbralisib,0.200934579439,98,True
0.5,0.5,Sonidegib,0.191588785047,99,True
0.5,0.5,Idelalisib,0.177570093458,100,True
0.5,0.5,Vinblastine,0.14953271028,101,True
0.5,0.5,Abiraterone,0.140186915888,102,True
0.5,0.5,Cisplatin,0.130841121495,103,True
0.5,0.5,Neratinib,0.121495327103,104,True
0.5,0.5,Teniposide,0.107476635514,105,True
0.5,0.5,Zoledronate,0.0981308411215,106,True
0.5,0.5,Bleomycin,0.0934579439252,107,True
0.5,0.5,Lenvatinib,0.0747663551402,108,True
0.55,0.44999999999999996,Cytarabine,0.8775700934577501,1,False
0.55,0.44999999999999996,Ixazomib,0.8771028037379001,2,False
0.55,0.44999999999999996,Irinotecan,0.871028037383,3,False
0.55,0.44999999999999996,Daunorubicin,0.8584112149534,4,False
0.55,0.44999999999999996,Belinostat,0.85373831775715,5,False
0.55,0.44999999999999996,Mitomycin,0.8523364485985,6,False
0.55,0.44999999999999996,Abemaciclib,0.82523364485975,7,False
0.55,0.44999999999999996,Brigatinib,0.8116822429903501,8,False
0.55,0.44999999999999996,Docetaxel,0.8046728971963,9,False
0.55,0.44999999999999996,Actinomycin D,0.7953271028036999,10,False
0.55,0.44999999999999996,Olaparib,0.7864485981311,11,False
0.55,0.44999999999999996,Crizotinib,0.7845794392526,12,False
0.55,0.44999999999999996,Fluorouracil,0.7794392523364999,13,False
0.55,0.44999999999999996,Celecoxib,0.74392523364445,14,False
0.55,0.44999999999999996,Paclitaxel,0.7266355140187,15,False
0.55,0.44999999999999996,Mercaptopurine,0.72336448598105,16,False
0.55,0.44999999999999996,Homoharringtonine,0.7205607476632,17,False
0.55,0.44999999999999996,Doxorubicin,0.71962616822405,18,False
0.55,0.44999999999999996,Ibrutinib,0.7168224299067,19,False
0.55,0.44999999999999996,Mitotane,0.70467289719645,20,False
0.55,0.44999999999999996,Ceritinib,0.7014018691588999,21,False
0.55,0.44999999999999996,Axitinib,0.69042056074725,22,False
0.55,0.44999999999999996,Romidepsin,0.69018691588785,23,False
0.55,0.44999999999999996,Idarubicin,0.6878504672895001,24,False
0.55,0.44999999999999996,Nilotinib,0.6799065420560999,25,False
0.55,0.44999999999999996,Epirubicin,0.6752336448599501,26,False
0.55,0.44999999999999996,Palbociclib,0.6640186915889,27,False
0.55,0.44999999999999996,Hydroxyurea,0.6556074766352,28,False
0.55,0.44999999999999996,Gemcitabine,0.6429906542056,29,False
0.55,0.44999999999999996,Panobinostat,0.63177570093445,30,False
0.55,0.44999999999999996,Bosutinib,0.6310747663552,31,False
0.55,0.44999999999999996,Ixabepilone,0.61168224299045,32,False
0.55,0.44999999999999996,Lapatinib,0.6100467289723,33,False
0.55,0.44999999999999996,Cobimetinib,0.6042056074762999,34,False
0.55,0.44999999999999996,Pemetrexed,0.6028037383178501,35,False
0.55,0.44999999999999996,Allopurinol,0.60000000000005,36,False
0.55,0.44999999999999996,Acalabrutinib,0.5967289719624,37,False
0.55,0.44999999999999996,Etoposide,0.5967289719624,38,False
0.55,0.44999999999999996,Erlotinib,0.59392523364465,39,False
0.55,0.44999999999999996,Tivozanib,0.58504672897195,40,False
0.55,0.44999999999999996,Chlorambucil,0.5836448598132999,41,False
0.55,0.44999999999999996,Fulvestrant,0.5775700934579999,42,False
0.55,0.44999999999999996,Osimertinib,0.57757009345795,43,False
0.55,0.44999999999999996,Cyclophosphamide,0.56448598130855,44,False
0.55,0.44999999999999996,Pralatrexate,0.5626168224299201,45,False
0.55,0.44999999999999996,Tamoxifen,0.56214953271065,46,False
0.55,0.44999999999999996,Tucatinib,0.5602803738316,47,False
0.55,0.44999999999999996,Decitabine,0.5556074766359,48,False
0.55,0.44999999999999996,Melphalan,0.55467289719655,49,False
0.55,0.44999999999999996,Carmustine,0.54205607476645,50,False
0.55,0.44999999999999996,Afatinib,0.5411214953271499,51,False
0.55,0.44999999999999996,Tioguanine,0.5401869158879201,52,False
0.55,0.44999999999999996,Trifluridine,0.528971962616645,53,False
0.55,0.44999999999999996,Azacitidine,0.5205607476633,54,False
0.55,0.44999999999999996,Ribociclib,0.5149532710281499,55,False
0.55,0.44999999999999996,Erdafitinib,0.48084112149545005,56,False
0.55,0.44999999999999996,Vandetanib,0.4747663551404,57,False
0.55,0.44999999999999996,Sirolimus,0.472897196262,58,False
0.55,0.44999999999999996,Dabrafenib,0.46869158878479006,59,False
0.55,0.44999999999999996,Methotrexate,0.467757009346,60,False
0.55,0.44999999999999996,Oxaliplatin,0.46074766355135,61,False
0.55,0.44999999999999996,Selinexor,0.45794392523344996,62,False
0.55,0.44999999999999996,Lomustine,0.45700934579425,63,False
0.55,0.44999999999999996,Encorafenib,0.45140186915880004,64,False
0.55,0.44999999999999996,Selumetinib,0.45046728971945005,65,False
0.55,0.44999999999999996,Binimetinib,0.442523364485786,66,False
0.55,0.44999999999999996,Sunitinib,0.43411214953290006,67,False
0.55,0.44999999999999996,Raloxifene,0.43084112149535003,68,False
0.55,0.44999999999999996,Dasatinib,0.42570093457909997,69,False
0.55,0.44999999999999996,Temsirolimus,0.42383177570065,70,False
0.55,0.44999999999999996,Carfilzomib,0.4210280373827999,71,False
0.55,0.44999999999999996,Gilteritinib,0.41214953271024996,72,False
0.55,0.44999999999999996,Asciminib,0.3953271028038,73,False
0.55,0.44999999999999996,Darolutamide,0.38925233644829993,74,False
0.55,0.44999999999999996,Trametinib,0.38878504672889996,75,False
0.55,0.44999999999999996,Topotecan,0.38457943925259996,76,False
0.55,0.44999999999999996,Imatinib,0.3841121495327,77,False
0.55,0.44999999999999996,Vinorelbine,0.38271028037370003,78,False
0.55,0.44999999999999996,Estramustine,0.38037383177565,79,False
0.55,0.44999999999999996,Cabozantinib,0.37079439252330004,80,False
0.55,0.44999999999999996,Lorlatinib,0.36822429906555,81,False
0.55,0.44999999999999996,Fludarabine,0.34579439252349997,82,False
0.55,0.44999999999999996,Everolimus,0.34205607476645,83,False
0.55,0.44999999999999996,Clofarabine,0.3359813084112,84,False
0.55,0.44999999999999996,Duvelisib,0.31962616822394996,85,False
0.55,0.44999999999999996,Carboplatin,0.31588785046745,86,False
0.55,0.44999999999999996,Vorinostat,0.30794392523366,87,False
0.55,0.44999999999999996,Thiotepa,0.3070093457944,88,False
0.55,0.44999999999999996,Dacarbazine,0.290186915887685,89,False
0.55,0.44999999999999996,Venetoclax,0.284112149533,90,False
0.55,0.44999999999999996,Dacomitinib,0.278971962616855,91,False
0.55,0.44999999999999996,Cladribine,0.25560747663551503,92,False
0.55,0.44999999999999996,Fruquintinib,0.25560747663515,93,False
0.55,0.44999999999999996,Vemurafenib,0.24672897196299998,94,False
0.55,0.44999999999999996,Mitoxantrone,0.24112149532750002,95,False
0.55,0.44999999999999996,Dexrazoxane,0.23457943925230995,96,False
0.55,0.44999999999999996,Valrubicin,0.20654205607498,97,False
0.55,0.44999999999999996,umbralisib,0.2060747663549,98,False
0.55,0.44999999999999996,Sonidegib,0.20233644859826502,99,False
0.55,0.44999999999999996,Idelalisib,0.166355140186835,100,False
0.55,0.44999999999999996,Vinblastine,0.14485981308425,101,False
0.55,0.44999999999999996,Cisplatin,0.13364485981325,102,False
0.55,0.44999999999999996,Neratinib,0.13271028037378402,103,False
0.55,0.44999999999999996,Abiraterone,0.1261682242992,104,False
0.55,0.44999999999999996,Teniposide,0.114485981308445,105,False
0.55,0.44999999999999996,Bleomycin,0.09532710280359,106,False
0.55,0.44999999999999996,Zoledronate,0.09205607476640498,107,False
0.55,0.44999999999999996,Lenvatinib,0.07009345794402999,108,False
0.6,0.4,Ixazomib,0.8897196261678,1,False
0.6,0.4,Cytarabine,0.885981308411,2,False
0.6,0.4,Irinotecan,0.863551401869,3,False
0.6,0.4,Belinostat,0.8616822429908,4,False
0.6,0.4,Daunorubicin,0.8616822429908,5,False
0.6,0.4,Mitomycin,0.8542056074769999,6,False
0.6,0.4,Abemaciclib,0.83738317757,7,False
0.6,0.4,Docetaxel,0.8056074766356001,8,False
0.6,0.4,Brigatinib,0.8056074766351999,9,False
0.6,0.4,Fluorouracil,0.7925233644859999,10,False
0.6,0.4,Actinomycin D,0.7869158878504001,11,False
0.6,0.4,Olaparib,0.7738317757012001,12,False
0.6,0.4,Crizotinib,0.7700934579442,13,False
0.6,0.4,Doxorubicin,0.7476635514016,14,False
0.6,0.4,Paclitaxel,0.7383177570093999,15,False
0.6,0.4,Mercaptopurine,0.7364485981306,16,False
0.6,0.4,Celecoxib,0.7214953271024,17,False
0.6,0.4,Ceritinib,0.7065420560747999,18,False
0.6,0.4,Ibrutinib,0.7046728971964,19,False
0.6,0.4,Homoharringtonine,0.7028037383174001,20,False
0.6,0.4,Epirubicin,0.7009345794394,21,False
0.6,0.4,Idarubicin,0.693457943925,22,False
0.6,0.4,Mitotane,0.6897196261684,23,False
0.6,0.4,Nilotinib,0.6822429906542,24,False
0.6,0.4,Hydroxyurea,0.6803738317754,25,False
0.6,0.4,Gemcitabine,0.6785046728972001,26,False
0.6,0.4,Romidepsin,0.6747663551402,27,False
0.6,0.4,Palbociclib,0.6691588785048,28,False
0.6,0.4,Axitinib,0.668224299065,29,False
0.6,0.4,Pemetrexed,0.6448598130842,30,False
0.6,0.4,Ixabepilone,0.6392523364484,31,False
0.6,0.4,Panobinostat,0.6280373831774,32,False
0.6,0.4,Allopurinol,0.6205607476636,33,False
0.6,0.4,Bosutinib,0.6196261682244,34,False
0.6,0.4,Etoposide,0.6186915887848,35,False
0.6,0.4,Pralatrexate,0.61121495327104,36,False
0.6,0.4,Erlotinib,0.6037383177568,37,False
0.6,0.4,Lapatinib,0.6009345794395999,38,False
0.6,0.4,Acalabrutinib,0.5999999999998,39,False
0.6,0.4,Cyclophosphamide,0.5869158878506,40,False
0.6,0.4,Tioguanine,0.5850467289720399,41,False
0.6,0.4,Cobimetinib,0.5775700934576,42,False
0.6,0.4,Tivozanib,0.5719626168224,43,False
0.6,0.4,Trifluridine,0.57196261682224,44,False
0.6,0.4,Tamoxifen,0.5682242990658,45,False
0.6,0.4,Fulvestrant,0.566355140187,46,False
0.6,0.4,Decitabine,0.5644859813088,47,False
0.6,0.4,Osimertinib,0.5570093457944001,48,False
0.6,0.4,Chlorambucil,0.5457943925236,49,False
0.6,0.4,Tucatinib,0.5457943925232001,50,False
0.6,0.4,Azacitidine,0.5364485981306,51,False
0.6,0.4,Carmustine,0.5233644859814001,52,False
0.6,0.4,Melphalan,0.5158878504676,53,False
0.6,0.4,Methotrexate,0.510280373832,54,False
0.6,0.4,Erdafitinib,0.5084112149534,55,False
0.6,0.4,Afatinib,0.5028037383178,56,False
0.6,0.4,Dabrafenib,0.50280373831748,57,False
0.6,0.4,Oxaliplatin,0.5009345794392,58,False
0.6,0.4,Ribociclib,0.48785046728979997,59,False
0.6,0.4,Encorafenib,0.4728971962616,60,False
0.6,0.4,Sirolimus,0.46915887850500004,61,False
0.6,0.4,Raloxifene,0.4598130841122,62,False
0.6,0.4,Lomustine,0.456074766355,63,False
0.6,0.4,Sunitinib,0.44299065420579997,64,False
0.6,0.4,Selumetinib,0.4429906542054,65,False
0.6,0.4,Temsirolimus,0.4411214953268,66,False
0.6,0.4,Selinexor,0.4392523364484,67,False
0.6,0.4,Vandetanib,0.43551401869180006,68,False
0.6,0.4,Gilteritinib,0.42242990654199997,69,False
0.6,0.4,Dasatinib,0.4168224299062,70,False
0.6,0.4,Vinorelbine,0.40560747663540003,71,False
0.6,0.4,Asciminib,0.3981308411216,72,False
0.6,0.4,Binimetinib,0.394392523364312,73,False
0.6,0.4,Carfilzomib,0.3887850467286,74,False
0.6,0.4,Cabozantinib,0.38411214953260003,75,False
0.6,0.4,Topotecan,0.3813084112152,76,False
0.6,0.4,Imatinib,0.3757009345794,77,False
0.6,0.4,Lorlatinib,0.3719626168226,78,False
0.6,0.4,Darolutamide,0.36261682242959997,79,False
0.6,0.4,Estramustine,0.35887850467279997,80,False
0.6,0.4,Clofarabine,0.3495327102804,81,False
0.6,0.4,Trametinib,0.34766355140180005,82,False
0.6,0.4,Fludarabine,0.33644859813100003,83,False
0.6,0.4,Everolimus,0.31962616822440004,84,False
0.6,0.4,Thiotepa,0.3102803738318,85,False
0.6,0.4,Carboplatin,0.3046728971964,86,False
0.6,0.4,Duvelisib,0.3028037383174,87,False
0.6,0.4,Venetoclax,0.28785046728999997,88,False
0.6,0.4,Vorinostat,0.28411214953272,89,False
0.6,0.4,Cladribine,0.27289719626167996,90,False
0.6,0.4,Dacarbazine,0.26728971962602,91,False
0.6,0.4,Fruquintinib,0.2635514018688,92,False
0.6,0.4,Dacomitinib,0.25420560747666,93,False
0.6,0.4,Vemurafenib,0.25046728972,94,False
0.6,0.4,Mitoxantrone,0.239252336449,95,False
0.6,0.4,Dexrazoxane,0.21682242990651998,96,False
0.6,0.4,Sonidegib,0.21308411214967998,97,False
0.6,0.4,umbralisib,0.21121495327079998,98,False
0.6,0.4,Valrubicin,0.18878504672916,99,False
0.6,0.4,Idelalisib,0.15514018691582002,100,False
0.6,0.4,Neratinib,0.143925233644808,101,False
0.6,0.4,Vinblastine,0.140186915888,102,False
0.6,0.4,Cisplatin,0.136448598131,103,False
0.6,0.4,Teniposide,0.12149532710284001,104,False
0.6,0.4,Abiraterone,0.11214953271040001,105,False
0.6,0.4,Bleomycin,0.09719626168208,106,False
0.6,0.4,Zoledronate,0.08598130841125999,107,False
0.6,0.4,Lenvatinib,0.06542056074776001,108,False
0.65,0.35,Ixazomib,0.9023364485977,1,False
0.65,0.35,Cytarabine,0.89439252336425,2,False
0.65,0.35,Belinostat,0.86962616822445,3,False
0.65,0.35,Daunorubicin,0.8649532710282,4,False
0.65,0.35,Mitomycin,0.8560747663555,5,False
0.65,0.35,Irinotecan,0.856074766355,6,False
0.65,0.35,Abemaciclib,0.84953271028025,7,False
0.65,0.35,Docetaxel,0.8065420560749,8,False
0.65,0.35,Fluorouracil,0.8056074766354999,9,False
0.65,0.35,Brigatinib,0.79953271028005,10,False
0.65,0.35,Actinomycin D,0.7785046728971,11,False
0.65,0.35,Doxorubicin,0.77570093457915,12,False
0.65,0.35,Olaparib,0.7612149532713,13,False
0.65,0.35,Crizotinib,0.7556074766358,14,False
0.65,0.35,Paclitaxel,0.7500000000001,15,False
0.65,0.35,Mercaptopurine,0.74953271028015,16,False
0.65,0.35,Epirubicin,0.7266355140188501,17,False
0.65,0.35,Gemcitabine,0.7140186915888,18,False
0.65,0.35,Ceritinib,0.7116822429907,19,False
0.65,0.35,Hydroxyurea,0.7051401869156,20,False
0.65,0.35,Idarubicin,0.6990654205605,21,False
0.65,0.35,Celecoxib,0.69906542056035,22,False
0.65,0.35,Ibrutinib,0.6925233644861,23,False
0.65,0.35,Pemetrexed,0.68691588785055,24,False
0.65,0.35,Homoharringtonine,0.6850467289716,25,False
0.65,0.35,Nilotinib,0.6845794392522999,26,False
0.65,0.35,Mitotane,0.67476635514035,27,False
0.65,0.35,Palbociclib,0.6742990654207,28,False
0.65,0.35,Ixabepilone,0.66682242990635,29,False
0.65,0.35,Pralatrexate,0.65981308411216,30,False
0.65,0.35,Romidepsin,0.65934579439255,31,False
0.65,0.35,Axitinib,0.64602803738275,32,False
0.65,0.35,Allopurinol,0.64112149532715,33,False
0.65,0.35,Etoposide,0.6406542056072,34,False
0.65,0.35,Tioguanine,0.62990654205616,35,False
0.65,0.35,Panobinostat,0.62429906542035,36,False
0.65,0.35,Trifluridine,0.614953271027835,37,False
0.65,0.35,Erlotinib,0.61355140186895,38,False
0.65,0.35,Cyclophosphamide,0.60934579439265,39,False
0.65,0.35,Bosutinib,0.6081775700936001,40,False
0.65,0.35,Acalabrutinib,0.6032710280372,41,False
0.65,0.35,Lapatinib,0.5918224299069,42,False
0.65,0.35,Tamoxifen,0.57429906542095,43,False
0.65,0.35,Decitabine,0.5733644859817,44,False
0.65,0.35,Tivozanib,0.5588785046728499,45,False
0.65,0.35,Fulvestrant,0.555140186916,46,False
0.65,0.35,Methotrexate,0.552803738318,47,False
0.65,0.35,Azacitidine,0.5523364485979,48,False
0.65,0.35,Cobimetinib,0.5509345794388999,49,False
0.65,0.35,Oxaliplatin,0.54112149532705,50,False
0.65,0.35,Dabrafenib,0.53691588785017,51,False
0.65,0.35,Osimertinib,0.53644859813085,52,False
0.65,0.35,Erdafitinib,0.53598130841135,53,False
0.65,0.35,Tucatinib,0.5313084112148,54,False
0.65,0.35,Chlorambucil,0.5079439252339,55,False
0.65,0.35,Carmustine,0.50467289719635,56,False
0.65,0.35,Encorafenib,0.4943925233644,57,False
0.65,0.35,Raloxifene,0.48878504672905004,58,False
0.65,0.35,Melphalan,0.47710280373865,59,False
0.65,0.35,Sirolimus,0.465420560748,60,False
0.65,0.35,Afatinib,0.46448598130845,61,False
0.65,0.35,Ribociclib,0.46074766355144997,62,False
0.65,0.35,Temsirolimus,0.45841121495295,63,False
0.65,0.35,Lomustine,0.45514018691575,64,False
0.65,0.35,Sunitinib,0.45186915887870005,65,False
0.65,0.35,Selumetinib,0.43551401869135004,66,False
0.65,0.35,Gilteritinib,0.43271028037375,67,False
0.65,0.35,Vinorelbine,0.42850467289710004,68,False
0.65,0.35,Selinexor,0.42056074766334994,69,False
0.65,0.35,Dasatinib,0.40794392523330003,70,False
0.65,0.35,Asciminib,0.40093457943940003,71,False
0.65,0.35,Cabozantinib,0.3974299065419,72,False
0.65,0.35,Vandetanib,0.3962616822432,73,False
0.65,0.35,Topotecan,0.3780373831778,74,False
0.65,0.35,Lorlatinib,0.37570093457965004,75,False
0.65,0.35,Imatinib,0.3672897196261,76,False
0.65,0.35,Clofarabine,0.3630841121496,77,False
0.65,0.35,Carfilzomib,0.35654205607440004,78,False
0.65,0.35,Binimetinib,0.346261682242838,79,False
0.65,0.35,Estramustine,0.33738317756994995,80,False
0.65,0.35,Darolutamide,0.33598130841089996,81,False
0.65,0.35,Fludarabine,0.3271028037385,82,False
0.65,0.35,Thiotepa,0.3135514018692,83,False
0.65,0.35,Trametinib,0.3065420560747,84,False
0.65,0.35,Everolimus,0.29719626168234997,85,False
0.65,0.35,Carboplatin,0.29345794392534996,86,False
0.65,0.35,Venetoclax,0.29158878504700003,87,False
0.65,0.35,Cladribine,0.290186915887845,88,False
0.65,0.35,Duvelisib,0.28598130841085,89,False
0.65,0.35,Fruquintinib,0.27149532710245,90,False
0.65,0.35,Vorinostat,0.26028037383178,91,False
0.65,0.35,Vemurafenib,0.254205607477,92,False
0.65,0.35,Dacarbazine,0.24439252336435502,93,False
0.65,0.35,Mitoxantrone,0.2373831775705,94,False
0.65,0.35,Dacomitinib,0.229439252336465,95,False
0.65,0.35,Sonidegib,0.22383177570109503,96,False
0.65,0.35,umbralisib,0.2163551401867,97,False
0.65,0.35,Dexrazoxane,0.19906542056073,98,False
0.65,0.35,Valrubicin,0.17102803738334,99,False
0.65,0.35,Neratinib,0.155140186915832,100,False
0.65,0.35,Idelalisib,0.143925233644805,101,False
0.65,0.35,Cisplatin,0.13925233644875,102,False
0.65,0.35,Vinblastine,0.13551401869175,103,False
0.65,0.35,Teniposide,0.128504672897235,104,False
0.65,0.35,Bleomycin,0.09906542056057,105,False
0.65,0.35,Abiraterone,0.09813084112159999,106,False
0.65,0.35,Zoledronate,0.079906542056115,107,False
0.65,0.35,Lenvatinib,0.06074766355149,108,False
0.7,0.30000000000000004,Ixazomib,0.9149532710276,1,False
0.7,0.30000000000000004,Cytarabine,0.9028037383175,2,False
0.7,0.30000000000000004,Belinostat,0.8775700934581,3,False
0.7,0.30000000000000004,Daunorubicin,0.8682242990656,4,False
0.7,0.30000000000000004,Abemaciclib,0.8616822429905,5,False
0.7,0.30000000000000004,Mitomycin,0.857943925234,6,False
0.7,0.30000000000000004,Irinotecan,0.848598130841,7,False
0.7,0.30000000000000004,Fluorouracil,0.8186915887849999,8,False
0.7,0.30000000000000004,Docetaxel,0.8074766355142,9,False
0.7,0.30000000000000004,Doxorubicin,0.8037383177567,10,False
0.7,0.30000000000000004,Brigatinib,0.7934579439249001,11,False
0.7,0.30000000000000004,Actinomycin D,0.7700934579438,12,False
0.7,0.30000000000000004,Mercaptopurine,0.7626168224297,13,False
0.7,0.30000000000000004,Paclitaxel,0.7616822429907999,14,False
0.7,0.30000000000000004,Epirubicin,0.7523364485983001,15,False
0.7,0.30000000000000004,Gemcitabine,0.7495327102803999,16,False
0.7,0.30000000000000004,Olaparib,0.7485981308414,17,False
0.7,0.30000000000000004,Crizotinib,0.7411214953273999,18,False
0.7,0.30000000000000004,Hydroxyurea,0.7299065420558,19,False
0.7,0.30000000000000004,Pemetrexed,0.7289719626169,20,False
0.7,0.30000000000000004,Ceritinib,0.7168224299066,21,False
0.7,0.30000000000000004,Pralatrexate,0.70841121495328,22,False
0.7,0.30000000000000004,Idarubicin,0.704672897196,23,False
0.7,0.30000000000000004,Ixabepilone,0.6943925233643,24,False
0.7,0.30000000000000004,Nilotinib,0.6869158878503999,25,False
0.7,0.30000000000000004,Ibrutinib,0.6803738317758,26,False
0.7,0.30000000000000004,Palbociclib,0.6794392523366,27,False
0.7,0.30000000000000004,Celecoxib,0.6766355140183,28,False
0.7,0.30000000000000004,Tioguanine,0.6747663551402799,29,False
0.7,0.30000000000000004,Homoharringtonine,0.6672897196258001,30,False
0.7,0.30000000000000004,Etoposide,0.6626168224296001,31,False
0.7,0.30000000000000004,Allopurinol,0.6616822429907,32,False
0.7,0.30000000000000004,Mitotane,0.6598130841123,33,False
0.7,0.30000000000000004,Trifluridine,0.65794392523343,34,False
0.7,0.30000000000000004,Romidepsin,0.6439252336449001,35,False
0.7,0.30000000000000004,Cyclophosphamide,0.6317757009346999,36,False
0.7,0.30000000000000004,Axitinib,0.6238317757005001,37,False
0.7,0.30000000000000004,Erlotinib,0.6233644859811,38,False
0.7,0.30000000000000004,Panobinostat,0.6205607476632999,39,False
0.7,0.30000000000000004,Acalabrutinib,0.6065420560746,40,False
0.7,0.30000000000000004,Bosutinib,0.5967289719628001,41,False
0.7,0.30000000000000004,Methotrexate,0.5953271028039999,42,False
0.7,0.30000000000000004,Lapatinib,0.5827102803742,43,False
0.7,0.30000000000000004,Decitabine,0.5822429906546,44,False
0.7,0.30000000000000004,Oxaliplatin,0.5813084112149,45,False
0.7,0.30000000000000004,Tamoxifen,0.5803738317761,46,False
0.7,0.30000000000000004,Dabrafenib,0.57102803738286,47,False
0.7,0.30000000000000004,Azacitidine,0.5682242990652,48,False
0.7,0.30000000000000004,Erdafitinib,0.5635514018693,49,False
0.7,0.30000000000000004,Tivozanib,0.5457943925233,50,False
0.7,0.30000000000000004,Fulvestrant,0.543925233645,51,False
0.7,0.30000000000000004,Cobimetinib,0.5242990654202,52,False
0.7,0.30000000000000004,Raloxifene,0.5177570093459,53,False
0.7,0.30000000000000004,Tucatinib,0.5168224299064,54,False
0.7,0.30000000000000004,Osimertinib,0.5158878504673,55,False
0.7,0.30000000000000004,Encorafenib,0.5158878504672,56,False
0.7,0.30000000000000004,Carmustine,0.48598130841130005,57,False
0.7,0.30000000000000004,Temsirolimus,0.4757009345791,58,False
0.7,0.30000000000000004,Chlorambucil,0.47009345794420004,59,False
0.7,0.30000000000000004,Sirolimus,0.461682242991,60,False
0.7,0.30000000000000004,Sunitinib,0.4607476635516,61,False
0.7,0.30000000000000004,Lomustine,0.45420560747649996,62,False
0.7,0.30000000000000004,Vinorelbine,0.4514018691588,63,False
0.7,0.30000000000000004,Gilteritinib,0.4429906542055,64,False
0.7,0.30000000000000004,Melphalan,0.43831775700970005,65,False
0.7,0.30000000000000004,Ribociclib,0.4336448598131001,66,False
0.7,0.30000000000000004,Selumetinib,0.4280373831773,67,False
0.7,0.30000000000000004,Afatinib,0.42616822429910006,68,False
0.7,0.30000000000000004,Cabozantinib,0.41074766355119996,69,False
0.7,0.30000000000000004,Asciminib,0.4037383177572,70,False
0.7,0.30000000000000004,Selinexor,0.4018691588783,71,False
0.7,0.30000000000000004,Dasatinib,0.3990654205604,72,False
0.7,0.30000000000000004,Lorlatinib,0.3794392523367,73,False
0.7,0.30000000000000004,Clofarabine,0.3766355140188,74,False
0.7,0.30000000000000004,Topotecan,0.3747663551404,75,False
0.7,0.30000000000000004,Imatinib,0.3588785046728,76,False
0.7,0.30000000000000004,Vandetanib,0.3570093457946001,77,False
0.7,0.30000000000000004,Carfilzomib,0.32429906542020004,78,False
0.7,0.30000000000000004,Fludarabine,0.31775700934600004,79,False
0.7,0.30000000000000004,Thiotepa,0.3168224299066,80,False
0.7,0.30000000000000004,Estramustine,0.3158878504671,81,False
0.7,0.30000000000000004,Darolutamide,0.3093457943922,82,False
0.7,0.30000000000000004,Cladribine,0.30747663551401,83,False
0.7,0.30000000000000004,Binimetinib,0.29813084112136407,84,False
0.7,0.30000000000000004,Venetoclax,0.295327102804,85,False
0.7,0.30000000000000004,Carboplatin,0.28224299065430003,86,False
0.7,0.30000000000000004,Fruquintinib,0.27943925233609995,87,False
0.7,0.30000000000000004,Everolimus,0.2747663551403,88,False
0.7,0.30000000000000004,Duvelisib,0.2691588785043,89,False
0.7,0.30000000000000004,Trametinib,0.2654205607476,90,False
0.7,0.30000000000000004,Vemurafenib,0.257943925234,91,False
0.7,0.30000000000000004,Vorinostat,0.23644859813084002,92,False
0.7,0.30000000000000004,Mitoxantrone,0.235514018692,93,False
0.7,0.30000000000000004,Sonidegib,0.23457943925250999,94,False
0.7,0.30000000000000004,Dacarbazine,0.22149532710269002,95,False
0.7,0.30000000000000004,umbralisib,0.22149532710259998,96,False
0.7,0.30000000000000004,Dacomitinib,0.20467289719627002,97,False
0.7,0.30000000000000004,Dexrazoxane,0.18130841121494,98,False
0.7,0.30000000000000004,Neratinib,0.166355140186856,99,False
0.7,0.30000000000000004,Valrubicin,0.15327102803752002,100,False
0.7,0.30000000000000004,Cisplatin,0.14205607476649998,101,False
0.7,0.30000000000000004,Teniposide,0.13551401869163,102,False
0.7,0.30000000000000004,Idelalisib,0.13271028037379,103,False
0.7,0.30000000000000004,Vinblastine,0.1308411214955,104,False
0.7,0.30000000000000004,Bleomycin,0.10093457943906001,105,False
0.7,0.30000000000000004,Abiraterone,0.08411214953280001,106,False
0.7,0.30000000000000004,Zoledronate,0.07383177570097,107,False
0.7,0.30000000000000004,Lenvatinib,0.056074766355220004,108,False
0.75,0.25,Ixazomib,0.9275700934575,1,False
0.75,0.25,Cytarabine,0.91121495327075,2,False
0.75,0.25,Belinostat,0.8855140186917501,3,False
0.75,0.25,Abemaciclib,0.8738317757007501,4,False
0.75,0.25,Daunorubicin,0.8714953271029999,5,False
0.75,0.25,Mitomycin,0.8598130841125,6,False
0.75,0.25,Irinotecan,0.8411214953270001,7,False
0.75,0.25,Fluorouracil,0.8317757009345,8,False
0.75,0.25,Doxorubicin,0.83177570093425,9,False
0.75,0.25,Docetaxel,0.8084112149535,10,False
0.75,0.25,Brigatinib,0.78738317756975,11,False
0.75,0.25,Gemcitabine,0.785046728972,12,False
0.75,0.25,Epirubicin,0.7780373831777501,13,False
0.75,0.25,Mercaptopurine,0.7757009345792499,14,False
0.75,0.25,Paclitaxel,0.7733644859814999,15,False
0.75,0.25,Pemetrexed,0.77102803738325,16,False
0.75,0.25,Actinomycin D,0.7616822429905,17,False
0.75,0.25,Pralatrexate,0.7570093457944,18,False
0.75,0.25,Hydroxyurea,0.754672897196,19,False
0.75,0.25,Olaparib,0.7359813084115,20,False
0.75,0.25,Crizotinib,0.726635514019,21,False
0.75,0.25,Ceritinib,0.7219626168225001,22,False
0.75,0.25,Ixabepilone,0.7219626168222499,23,False
0.75,0.25,Tioguanine,0.7196261682244001,24,False
0.75,0.25,Idarubicin,0.7102803738315001,25,False
0.75,0.25,Trifluridine,0.700934579439025,26,False
0.75,0.25,Nilotinib,0.6892523364484999,27,False
0.75,0.25,Palbociclib,0.6845794392525,28,False
0.75,0.25,Etoposide,0.684579439252,29,False
0.75,0.25,Allopurinol,0.68224299065425,30,False
0.75,0.25,Ibrutinib,0.6682242990655,31,False
0.75,0.25,Cyclophosphamide,0.6542056074767499,32,False
0.75,0.25,Celecoxib,0.65420560747625,33,False
0.75,0.25,Homoharringtonine,0.64953271028,34,False
0.75,0.25,Mitotane,0.64485981308425,35,False
0.75,0.25,Methotrexate,0.63785046729,36,False
0.75,0.25,Erlotinib,0.6331775700932499,37,False
0.75,0.25,Romidepsin,0.62850467289725,38,False
0.75,0.25,Oxaliplatin,0.6214953271027499,39,False
0.75,0.25,Panobinostat,0.61682242990625,40,False
0.75,0.25,Acalabrutinib,0.609813084112,41,False
0.75,0.25,Dabrafenib,0.60514018691555,42,False
0.75,0.25,Axitinib,0.60163551401825,43,False
0.75,0.25,Decitabine,0.5911214953274999,44,False
0.75,0.25,Erdafitinib,0.5911214953272501,45,False
0.75,0.25,Tamoxifen,0.5864485981312499,46,False
0.75,0.25,Bosutinib,0.585280373832,47,False
0.75,0.25,Azacitidine,0.5841121495325,48,False
0.75,0.25,Lapatinib,0.5735981308415,49,False
0.75,0.25,Raloxifene,0.54672897196275,50,False
0.75,0.25,Encorafenib,0.53738317757,51,False
0.75,0.25,Fulvestrant,0.532710280374,52,False
0.75,0.25,Tivozanib,0.53271028037375,53,False
0.75,0.25,Tucatinib,0.502336448598,54,False
0.75,0.25,Cobimetinib,0.4976635514015,55,False
0.75,0.25,Osimertinib,0.49532710280375003,56,False
0.75,0.25,Temsirolimus,0.49299065420525007,57,False
0.75,0.25,Vinorelbine,0.47429906542050004,58,False
0.75,0.25,Sunitinib,0.46962616822450004,59,False
0.75,0.25,Carmustine,0.46728971962625004,60,False
0.75,0.25,Sirolimus,0.45794392523400007,61,False
0.75,0.25,Lomustine,0.45327102803725,62,False
0.75,0.25,Gilteritinib,0.45327102803724995,63,False
0.75,0.25,Chlorambucil,0.4322429906545,64,False
0.75,0.25,Cabozantinib,0.4240654205605,65,False
0.75,0.25,Selumetinib,0.42056074766325,66,False
0.75,0.25,Asciminib,0.40654205607499994,67,False
0.75,0.25,Ribociclib,0.40654205607475,68,False
0.75,0.25,Melphalan,0.39953271028075,69,False
0.75,0.25,Clofarabine,0.390186915888,70,False
0.75,0.25,Dasatinib,0.3901869158875,71,False
0.75,0.25,Afatinib,0.38785046728975003,72,False
0.75,0.25,Lorlatinib,0.38317757009375,73,False
0.75,0.25,Selinexor,0.38317757009325004,74,False
0.75,0.25,Topotecan,0.37149532710300004,75,False
0.75,0.25,Imatinib,0.3504672897195,76,False
0.75,0.25,Cladribine,0.324766355140175,77,False
0.75,0.25,Thiotepa,0.320093457944,78,False
0.75,0.25,Vandetanib,0.31775700934600004,79,False
0.75,0.25,Fludarabine,0.3084112149535,80,False
0.75,0.25,Venetoclax,0.299065420561,81,False
0.75,0.25,Estramustine,0.29439252336425,82,False
0.75,0.25,Carfilzomib,0.292056074766,83,False
0.75,0.25,Fruquintinib,0.28738317756975,84,False
0.75,0.25,Darolutamide,0.2827102803735,85,False
0.75,0.25,Carboplatin,0.27102803738325,86,False
0.75,0.25,Vemurafenib,0.26168224299099996,87,False
0.75,0.25,Everolimus,0.25233644859825,88,False
0.75,0.25,Duvelisib,0.25233644859774995,89,False
0.75,0.25,Binimetinib,0.24999999999989,90,False
0.75,0.25,Sonidegib,0.245327102803925,91,False
0.75,0.25,Mitoxantrone,0.23364485981350003,92,False
0.75,0.25,umbralisib,0.2266355140185,93,False
0.75,0.25,Trametinib,0.2242990654205,94,False
0.75,0.25,Vorinostat,0.2126168224299,95,False
0.75,0.25,Dacarbazine,0.198598130841025,96,False
0.75,0.25,Dacomitinib,0.179906542056075,97,False
0.75,0.25,Neratinib,0.17757009345788002,98,False
0.75,0.25,Dexrazoxane,0.16355140186915,99,False
0.75,0.25,Cisplatin,0.14485981308425,100,False
0.75,0.25,Teniposide,0.142523364486025,101,False
0.75,0.25,Valrubicin,0.1355140186917,102,False
0.75,0.25,Vinblastine,0.12616822429925,103,False
0.75,0.25,Idelalisib,0.121495327102775,104,False
0.75,0.25,Bleomycin,0.10280373831754999,105,False
0.75,0.25,Abiraterone,0.070093457944,106,False
0.75,0.25,Zoledronate,0.067757009345825,107,False
0.75,0.25,Lenvatinib,0.051401869158949995,108,False
0.8,0.19999999999999996,Ixazomib,0.9401869158874,1,False
0.8,0.19999999999999996,Cytarabine,0.919626168224,2,False
0.8,0.19999999999999996,Belinostat,0.8934579439254001,3,False
0.8,0.19999999999999996,Abemaciclib,0.8859813084110001,4,False
0.8,0.19999999999999996,Daunorubicin,0.8747663551404,5,False
0.8,0.19999999999999996,Mitomycin,0.8616822429909999,6,False
0.8,0.19999999999999996,Doxorubicin,0.8598130841118,7,False
0.8,0.19999999999999996,Fluorouracil,0.844859813084,8,False
0.8,0.19999999999999996,Irinotecan,0.8336448598130001,9,False
0.8,0.19999999999999996,Gemcitabine,0.8205607476636001,10,False
0.8,0.19999999999999996,Pemetrexed,0.8130841121496,11,False
0.8,0.19999999999999996,Docetaxel,0.8093457943928,12,False
0.8,0.19999999999999996,Pralatrexate,0.80560747663552,13,False
0.8,0.19999999999999996,Epirubicin,0.8037383177572001,14,False
0.8,0.19999999999999996,Mercaptopurine,0.7887850467288,15,False
0.8,0.19999999999999996,Paclitaxel,0.7850467289722001,16,False
0.8,0.19999999999999996,Brigatinib,0.7813084112146,17,False
0.8,0.19999999999999996,Hydroxyurea,0.7794392523362,18,False
0.8,0.19999999999999996,Tioguanine,0.7644859813085201,19,False
0.8,0.19999999999999996,Actinomycin D,0.7532710280371999,20,False
0.8,0.19999999999999996,Ixabepilone,0.7495327102802,21,False
0.8,0.19999999999999996,Trifluridine,0.74392523364462,22,False
0.8,0.19999999999999996,Ceritinib,0.7271028037384001,23,False
0.8,0.19999999999999996,Olaparib,0.7233644859816,24,False
0.8,0.19999999999999996,Idarubicin,0.715887850467,25,False
0.8,0.19999999999999996,Crizotinib,0.7121495327106,26,False
0.8,0.19999999999999996,Etoposide,0.7065420560744,27,False
0.8,0.19999999999999996,Allopurinol,0.7028037383178001,28,False
0.8,0.19999999999999996,Nilotinib,0.6915887850465999,29,False
0.8,0.19999999999999996,Palbociclib,0.6897196261684,30,False
0.8,0.19999999999999996,Methotrexate,0.680373831776,31,False
0.8,0.19999999999999996,Cyclophosphamide,0.6766355140188,32,False
0.8,0.19999999999999996,Oxaliplatin,0.6616822429906,33,False
0.8,0.19999999999999996,Ibrutinib,0.6560747663552,34,False
0.8,0.19999999999999996,Erlotinib,0.6429906542053999,35,False
0.8,0.19999999999999996,Dabrafenib,0.63925233644824,36,False
0.8,0.19999999999999996,Celecoxib,0.6317757009342,37,False
0.8,0.19999999999999996,Homoharringtonine,0.6317757009342,38,False
0.8,0.19999999999999996,Mitotane,0.6299065420562,39,False
0.8,0.19999999999999996,Erdafitinib,0.6186915887852,40,False
0.8,0.19999999999999996,Romidepsin,0.6130841121496,41,False
0.8,0.19999999999999996,Acalabrutinib,0.6130841121494001,42,False
0.8,0.19999999999999996,Panobinostat,0.6130841121492,43,False
0.8,0.19999999999999996,Decitabine,0.6000000000004,44,False
0.8,0.19999999999999996,Azacitidine,0.5999999999998,45,False
0.8,0.19999999999999996,Tamoxifen,0.5925233644864,46,False
0.8,0.19999999999999996,Axitinib,0.579439252336,47,False
0.8,0.19999999999999996,Raloxifene,0.5757009345796,48,False
0.8,0.19999999999999996,Bosutinib,0.5738317757011999,49,False
0.8,0.19999999999999996,Lapatinib,0.5644859813087999,50,False
0.8,0.19999999999999996,Encorafenib,0.5588785046728,51,False
0.8,0.19999999999999996,Fulvestrant,0.5214953271030001,52,False
0.8,0.19999999999999996,Tivozanib,0.5196261682242,53,False
0.8,0.19999999999999996,Temsirolimus,0.5102803738314,54,False
0.8,0.19999999999999996,Vinorelbine,0.49719626168220005,55,False
0.8,0.19999999999999996,Tucatinib,0.48785046728959996,56,False
0.8,0.19999999999999996,Sunitinib,0.47850467289740006,57,False
0.8,0.19999999999999996,Osimertinib,0.4747663551402,58,False
0.8,0.19999999999999996,Cobimetinib,0.47102803738279997,59,False
0.8,0.19999999999999996,Gilteritinib,0.46355140186899996,60,False
0.8,0.19999999999999996,Sirolimus,0.454205607477,61,False
0.8,0.19999999999999996,Lomustine,0.45233644859800004,62,False
0.8,0.19999999999999996,Carmustine,0.44859813084120004,63,False
0.8,0.19999999999999996,Cabozantinib,0.43738317756980005,64,False
0.8,0.19999999999999996,Selumetinib,0.41308411214920004,65,False
0.8,0.19999999999999996,Asciminib,0.40934579439279994,66,False
0.8,0.19999999999999996,Clofarabine,0.40373831775720004,67,False
0.8,0.19999999999999996,Chlorambucil,0.39439252336479996,68,False
0.8,0.19999999999999996,Lorlatinib,0.3869158878508,69,False
0.8,0.19999999999999996,Dasatinib,0.38130841121459996,70,False
0.8,0.19999999999999996,Ribociclib,0.37943925233639997,71,False
0.8,0.19999999999999996,Topotecan,0.3682242990656,72,False
0.8,0.19999999999999996,Selinexor,0.3644859813082,73,False
0.8,0.19999999999999996,Melphalan,0.36074766355179994,74,False
0.8,0.19999999999999996,Afatinib,0.3495327102804,75,False
0.8,0.19999999999999996,Cladribine,0.34205607476634,76,False
0.8,0.19999999999999996,Imatinib,0.3420560747662,77,False
0.8,0.19999999999999996,Thiotepa,0.32336448598139994,78,False
0.8,0.19999999999999996,Venetoclax,0.302803738318,79,False
0.8,0.19999999999999996,Fludarabine,0.299065420561,80,False
0.8,0.19999999999999996,Fruquintinib,0.29532710280339997,81,False
0.8,0.19999999999999996,Vandetanib,0.2785046728974,82,False
0.8,0.19999999999999996,Estramustine,0.27289719626139997,83,False
0.8,0.19999999999999996,Vemurafenib,0.265420560748,84,False
0.8,0.19999999999999996,Carboplatin,0.2598130841122,85,False
0.8,0.19999999999999996,Carfilzomib,0.2598130841118,86,False
0.8,0.19999999999999996,Sonidegib,0.25607476635534,87,False
0.8,0.19999999999999996,Darolutamide,0.2560747663548,88,False
0.8,0.19999999999999996,Duvelisib,0.23551401869119998,89,False
0.8,0.19999999999999996,Mitoxantrone,0.23177570093500002,90,False
0.8,0.19999999999999996,umbralisib,0.23177570093439998,91,False
0.8,0.19999999999999996,Everolimus,0.22990654205619998,92,False
0.8,0.19999999999999996,Binimetinib,0.20186915887841597,93,False
0.8,0.19999999999999996,Vorinostat,0.18878504672895996,94,False
0.8,0.19999999999999996,Neratinib,0.18878504672890403,95,False
0.8,0.19999999999999996,Trametinib,0.18317757009339997,96,False
0.8,0.19999999999999996,Dacarbazine,0.17570093457935998,97,False
0.8,0.19999999999999996,Dacomitinib,0.15514018691588,98,False
0.8,0.19999999999999996,Teniposide,0.14953271028042,99,False
0.8,0.19999999999999996,Cisplatin,0.147663551402,100,False
0.8,0.19999999999999996,Dexrazoxane,0.14579439252336,101,False
0.8,0.19999999999999996,Vinblastine,0.12149532710299998,102,False
0.8,0.19999999999999996,Valrubicin,0.11775700934587999,103,False
0.8,0.19999999999999996,Idelalisib,0.11028037383175998,104,False
0.8,0.19999999999999996,Bleomycin,0.10467289719603999,105,False
0.8,0.19999999999999996,Zoledronate,0.061682242990679995,106,False
0.8,0.19999999999999996,Abiraterone,0.056074766355199986,107,False
0.8,0.19999999999999996,Lenvatinib,0.04672897196268,108,False
0.85,0.15000000000000002,Ixazomib,0.9528037383173,1,False
0.85,0.15000000000000002,Cytarabine,0.92803738317725,2,False
0.85,0.15000000000000002,Belinostat,0.90140186915905,3,False
0.85,0.15000000000000002,Abemaciclib,0.89813084112125,4,False
0.85,0.15000000000000002,Doxorubicin,0.88785046728935,5,False
0.85,0.15000000000000002,Daunorubicin,0.8780373831777999,6,False
0.85,0.15000000000000002,Mitomycin,0.8635514018695,7,False
0.85,0.15000000000000002,Fluorouracil,0.8579439252334999,8,False
0.85,0.15000000000000002,Gemcitabine,0.8560747663552,9,False
0.85,0.15000000000000002,Pemetrexed,0.8551401869159501,10,False
0.85,0.15000000000000002,Pralatrexate,0.85420560747664,11,False
0.85,0.15000000000000002,Epirubicin,0.8294392523366501,12,False
0.85,0.15000000000000002,Irinotecan,0.8261682242989999,13,False
0.85,0.15000000000000002,Docetaxel,0.8102803738321,14,False
0.85,0.15000000000000002,Tioguanine,0.8093457943926401,15,False
0.85,0.15000000000000002,Hydroxyurea,0.8042056074763999,16,False
0.85,0.15000000000000002,Mercaptopurine,0.80186915887835,17,False
0.85,0.15000000000000002,Paclitaxel,0.7967289719628999,18,False
0.85,0.15000000000000002,Trifluridine,0.786915887850215,19,False
0.85,0.15000000000000002,Ixabepilone,0.77710280373815,20,False
0.85,0.15000000000000002,Brigatinib,0.77523364485945,21,False
0.85,0.15000000000000002,Actinomycin D,0.7448598130839001,22,False
0.85,0.15000000000000002,Ceritinib,0.7322429906543,23,False
0.85,0.15000000000000002,Etoposide,0.7285046728968,24,False
0.85,0.15000000000000002,Allopurinol,0.72336448598135,25,False
0.85,0.15000000000000002,Methotrexate,0.722897196262,26,False
0.85,0.15000000000000002,Idarubicin,0.7214953271025001,27,False
0.85,0.15000000000000002,Olaparib,0.7107476635517,28,False
0.85,0.15000000000000002,Oxaliplatin,0.70186915887845,29,False
0.85,0.15000000000000002,Cyclophosphamide,0.6990654205608501,30,False
0.85,0.15000000000000002,Crizotinib,0.6976635514021999,31,False
0.85,0.15000000000000002,Palbociclib,0.6948598130843,32,False
0.85,0.15000000000000002,Nilotinib,0.6939252336446999,33,False
0.85,0.15000000000000002,Dabrafenib,0.67336448598093,34,False
0.85,0.15000000000000002,Erlotinib,0.65280373831755,35,False
0.85,0.15000000000000002,Erdafitinib,0.6462616822431501,36,False
0.85,0.15000000000000002,Ibrutinib,0.6439252336449,37,False
0.85,0.15000000000000002,Acalabrutinib,0.6163551401867999,38,False
0.85,0.15000000000000002,Azacitidine,0.6158878504670999,39,False
0.85,0.15000000000000002,Mitotane,0.61495327102815,40,False
0.85,0.15000000000000002,Homoharringtonine,0.6140186915884001,41,False
0.85,0.15000000000000002,Celecoxib,0.6093457943921501,42,False
0.85,0.15000000000000002,Panobinostat,0.6093457943921501,43,False
0.85,0.15000000000000002,Decitabine,0.6088785046733001,44,False
0.85,0.15000000000000002,Raloxifene,0.60467289719645,45,False
0.85,0.15000000000000002,Tamoxifen,0.59859813084155,46,False
0.85,0.15000000000000002,Romidepsin,0.59766355140195,47,False
0.85,0.15000000000000002,Encorafenib,0.5803738317756,48,False
0.85,0.15000000000000002,Bosutinib,0.5623831775704,49,False
0.85,0.15000000000000002,Axitinib,0.55724299065375,50,False
0.85,0.15000000000000002,Lapatinib,0.5553738317761,51,False
0.85,0.15000000000000002,Temsirolimus,0.52757009345755,52,False
0.85,0.15000000000000002,Vinorelbine,0.5200934579439,53,False
0.85,0.15000000000000002,Fulvestrant,0.510280373832,54,False
0.85,0.15000000000000002,Tivozanib,0.50654205607465,55,False
0.85,0.15000000000000002,Sunitinib,0.48738317757030003,56,False
0.85,0.15000000000000002,Gilteritinib,0.4738317757007499,57,False
0.85,0.15000000000000002,Tucatinib,0.4733644859812,58,False
0.85,0.15000000000000002,Osimertinib,0.45420560747665,59,False
0.85,0.15000000000000002,Lomustine,0.45140186915875,60,False
0.85,0.15000000000000002,Cabozantinib,0.45070093457910004,61,False
0.85,0.15000000000000002,Sirolimus,0.45046728972000005,62,False
0.85,0.15000000000000002,Cobimetinib,0.44439252336409996,63,False
0.85,0.15000000000000002,Carmustine,0.42990654205615003,64,False
0.85,0.15000000000000002,Clofarabine,0.4172897196264,65,False
0.85,0.15000000000000002,Asciminib,0.41214953271059995,66,False
0.85,0.15000000000000002,Selumetinib,0.40560747663515007,67,False
0.85,0.15000000000000002,Lorlatinib,0.39065420560784997,68,False
0.85,0.15000000000000002,Dasatinib,0.3724299065417,69,False
0.85,0.15000000000000002,Topotecan,0.3649532710282,70,False
0.85,0.15000000000000002,Cladribine,0.35934579439250497,71,False
0.85,0.15000000000000002,Chlorambucil,0.35654205607510003,72,False
0.85,0.15000000000000002,Ribociclib,0.35233644859805,73,False
0.85,0.15000000000000002,Selinexor,0.34579439252315003,74,False
0.85,0.15000000000000002,Imatinib,0.3336448598129,75,False
0.85,0.15000000000000002,Thiotepa,0.3266355140188,76,False
0.85,0.15000000000000002,Melphalan,0.32196261682285,77,False
0.85,0.15000000000000002,Afatinib,0.31121495327105003,78,False
0.85,0.15000000000000002,Venetoclax,0.306542056075,79,False
0.85,0.15000000000000002,Fruquintinib,0.30327102803705,80,False
0.85,0.15000000000000002,Fludarabine,0.2897196261685,81,False
0.85,0.15000000000000002,Vemurafenib,0.26915887850500003,82,False
0.85,0.15000000000000002,Sonidegib,0.26682242990675503,83,False
0.85,0.15000000000000002,Estramustine,0.25140186915855,84,False
0.85,0.15000000000000002,Carboplatin,0.24859813084115,85,False
0.85,0.15000000000000002,Vandetanib,0.2392523364488,86,False
0.85,0.15000000000000002,umbralisib,0.23691588785029996,87,False
0.85,0.15000000000000002,Mitoxantrone,0.2299065420565,88,False
0.85,0.15000000000000002,Darolutamide,0.22943925233610002,89,False
0.85,0.15000000000000002,Carfilzomib,0.2275700934576,90,False
0.85,0.15000000000000002,Duvelisib,0.21869158878465,91,False
0.85,0.15000000000000002,Everolimus,0.20747663551415002,92,False
0.85,0.15000000000000002,Neratinib,0.19999999999992799,93,False
0.85,0.15000000000000002,Vorinostat,0.16495327102802002,94,False
0.85,0.15000000000000002,Teniposide,0.156542056074815,95,False
0.85,0.15000000000000002,Binimetinib,0.15373831775694202,96,False
0.85,0.15000000000000002,Dacarbazine,0.152803738317695,97,False
0.85,0.15000000000000002,Cisplatin,0.15046728971975,98,False
0.85,0.15000000000000002,Trametinib,0.1420560747663,99,False
0.85,0.15000000000000002,Dacomitinib,0.130373831775685,100,False
0.85,0.15000000000000002,Dexrazoxane,0.12803738317757002,101,False
0.85,0.15000000000000002,Vinblastine,0.11682242990675,102,False
0.85,0.15000000000000002,Bleomycin,0.10654205607453,103,False
0.85,0.15000000000000002,Valrubicin,0.10000000000006001,104,False
0.85,0.15000000000000002,Idelalisib,0.09906542056074501,105,False
0.85,0.15000000000000002,Zoledronate,0.055607476635535,106,False
0.85,0.15000000000000002,Lenvatinib,0.042056074766410004,107,False
0.85,0.15000000000000002,Abiraterone,0.042056074766400005,108,False
0.9,0.09999999999999998,Ixazomib,0.9654205607472,1,False
0.9,0.09999999999999998,Cytarabine,0.9364485981305001,2,False
0.9,0.09999999999999998,Doxorubicin,0.9158878504669,3,False
0.9,0.09999999999999998,Abemaciclib,0.9102803738315,4,False
0.9,0.09999999999999998,Belinostat,0.9093457943927,5,False
0.9,0.09999999999999998,Pralatrexate,0.9028037383177601,6,False
0.9,0.09999999999999998,Pemetrexed,0.8971962616823,7,False
0.9,0.09999999999999998,Gemcitabine,0.8915887850468,8,False
0.9,0.09999999999999998,Daunorubicin,0.8813084112151999,9,False
0.9,0.09999999999999998,Fluorouracil,0.8710280373829999,10,False
0.9,0.09999999999999998,Mitomycin,0.865420560748,11,False
0.9,0.09999999999999998,Epirubicin,0.8551401869160999,12,False
0.9,0.09999999999999998,Tioguanine,0.85420560747676,13,False
0.9,0.09999999999999998,Trifluridine,0.82990654205581,14,False
0.9,0.09999999999999998,Hydroxyurea,0.8289719626165999,15,False
0.9,0.09999999999999998,Irinotecan,0.8186915887849999,16,False
0.9,0.09999999999999998,Mercaptopurine,0.8149532710279,17,False
0.9,0.09999999999999998,Docetaxel,0.8112149532713999,18,False
0.9,0.09999999999999998,Paclitaxel,0.8084112149535999,19,False
0.9,0.09999999999999998,Ixabepilone,0.8046728971960999,20,False
0.9,0.09999999999999998,Brigatinib,0.7691588785043,21,False
0.9,0.09999999999999998,Methotrexate,0.765420560748,22,False
0.9,0.09999999999999998,Etoposide,0.7504672897192,23,False
0.9,0.09999999999999998,Allopurinol,0.7439252336449,24,False
0.9,0.09999999999999998,Oxaliplatin,0.7420560747663001,25,False
0.9,0.09999999999999998,Ceritinib,0.7373831775702,26,False
0.9,0.09999999999999998,Actinomycin D,0.7364485981306,27,False
0.9,0.09999999999999998,Idarubicin,0.7271028037380001,28,False
0.9,0.09999999999999998,Cyclophosphamide,0.7214953271029001,29,False
0.9,0.09999999999999998,Dabrafenib,0.7074766355136201,30,False
0.9,0.09999999999999998,Palbociclib,0.7000000000002,31,False
0.9,0.09999999999999998,Olaparib,0.6981308411217999,32,False
0.9,0.09999999999999998,Nilotinib,0.6962616822427999,33,False
0.9,0.09999999999999998,Crizotinib,0.6831775700938,34,False
0.9,0.09999999999999998,Erdafitinib,0.6738317757011001,35,False
0.9,0.09999999999999998,Erlotinib,0.6626168224297,36,False
0.9,0.09999999999999998,Raloxifene,0.6336448598133,37,False
0.9,0.09999999999999998,Ibrutinib,0.6317757009346,38,False
0.9,0.09999999999999998,Azacitidine,0.6317757009343999,39,False
0.9,0.09999999999999998,Acalabrutinib,0.6196261682242,40,False
0.9,0.09999999999999998,Decitabine,0.6177570093462,41,False
0.9,0.09999999999999998,Panobinostat,0.6056074766351001,42,False
0.9,0.09999999999999998,Tamoxifen,0.6046728971966999,43,False
0.9,0.09999999999999998,Encorafenib,0.6018691588784,44,False
0.9,0.09999999999999998,Mitotane,0.6000000000001,45,False
0.9,0.09999999999999998,Homoharringtonine,0.5962616822426,46,False
0.9,0.09999999999999998,Celecoxib,0.5869158878501001,47,False
0.9,0.09999999999999998,Romidepsin,0.5822429906543,48,False
0.9,0.09999999999999998,Bosutinib,0.5509345794396,49,False
0.9,0.09999999999999998,Lapatinib,0.5462616822434,50,False
0.9,0.09999999999999998,Temsirolimus,0.5448598130837,51,False
0.9,0.09999999999999998,Vinorelbine,0.5429906542056,52,False
0.9,0.09999999999999998,Axitinib,0.5350467289715,53,False
0.9,0.09999999999999998,Fulvestrant,0.499065420561,54,False
0.9,0.09999999999999998,Sunitinib,0.49626168224320005,55,False
0.9,0.09999999999999998,Tivozanib,0.4934579439251,56,False
0.9,0.09999999999999998,Gilteritinib,0.4841121495325,57,False
0.9,0.09999999999999998,Cabozantinib,0.4640186915884,58,False
0.9,0.09999999999999998,Tucatinib,0.4588785046728,59,False
0.9,0.09999999999999998,Lomustine,0.4504672897195,60,False
0.9,0.09999999999999998,Sirolimus,0.44672897196300004,61,False
0.9,0.09999999999999998,Osimertinib,0.43364485981309997,62,False
0.9,0.09999999999999998,Clofarabine,0.4308411214956,63,False
0.9,0.09999999999999998,Cobimetinib,0.41775700934539994,64,False
0.9,0.09999999999999998,Asciminib,0.41495327102839996,65,False
0.9,0.09999999999999998,Carmustine,0.41121495327109997,66,False
0.9,0.09999999999999998,Selumetinib,0.3981308411211,67,False
0.9,0.09999999999999998,Lorlatinib,0.3943925233649,68,False
0.9,0.09999999999999998,Cladribine,0.37663551401867,69,False
0.9,0.09999999999999998,Dasatinib,0.3635514018688,70,False
0.9,0.09999999999999998,Topotecan,0.36168224299080004,71,False
0.9,0.09999999999999998,Thiotepa,0.32990654205619996,72,False
0.9,0.09999999999999998,Selinexor,0.32710280373809997,73,False
0.9,0.09999999999999998,Ribociclib,0.3252336448597,74,False
0.9,0.09999999999999998,Imatinib,0.3252336448596,75,False
0.9,0.09999999999999998,Chlorambucil,0.31869158878539994,76,False
0.9,0.09999999999999998,Fruquintinib,0.31121495327070003,77,False
0.9,0.09999999999999998,Venetoclax,0.310280373832,78,False
0.9,0.09999999999999998,Melphalan,0.2831775700939,79,False
0.9,0.09999999999999998,Fludarabine,0.280373831776,80,False
0.9,0.09999999999999998,Sonidegib,0.27757009345817,81,False
0.9,0.09999999999999998,Vemurafenib,0.272897196262,82,False
0.9,0.09999999999999998,Afatinib,0.2728971962617,83,False
0.9,0.09999999999999998,umbralisib,0.2420560747662,84,False
0.9,0.09999999999999998,Carboplatin,0.2373831775701,85,False
0.9,0.09999999999999998,Estramustine,0.2299065420557,86,False
0.9,0.09999999999999998,Mitoxantrone,0.22803738317799999,87,False
0.9,0.09999999999999998,Neratinib,0.211214953270952,88,False
0.9,0.09999999999999998,Darolutamide,0.20280373831739998,89,False
0.9,0.09999999999999998,Duvelisib,0.2018691588781,90,False
0.9,0.09999999999999998,Vandetanib,0.20000000000019996,91,False
0.9,0.09999999999999998,Carfilzomib,0.1953271028034,92,False
0.9,0.09999999999999998,Everolimus,0.18504672897209998,93,False
0.9,0.09999999999999998,Teniposide,0.16355140186921002,94,False
0.9,0.09999999999999998,Cisplatin,0.1532710280375,95,False
0.9,0.09999999999999998,Vorinostat,0.14112149532708,96,False
0.9,0.09999999999999998,Dacarbazine,0.12990654205603,97,False
0.9,0.09999999999999998,Vinblastine,0.11214953271049999,98,False
0.9,0.09999999999999998,Dexrazoxane,0.11028037383178,99,False
0.9,0.09999999999999998,Bleomycin,0.10841121495302,100,False
0.9,0.09999999999999998,Dacomitinib,0.10560747663549,101,False
0.9,0.09999999999999998,Binimetinib,0.10560747663546799,102,False
0.9,0.09999999999999998,Trametinib,0.10093457943919998,103,False
0.9,0.09999999999999998,Idelalisib,0.08785046728972999,104,False
0.9,0.09999999999999998,Valrubicin,0.08224299065424,105,False
0.9,0.09999999999999998,Zoledronate,0.04953271028039,106,False
0.9,0.09999999999999998,Lenvatinib,0.037383177570139994,107,False
0.9,0.09999999999999998,Abiraterone,0.028037383177599993,108,False
0.95,0.050000000000000044,Ixazomib,0.9780373831771001,1,False
0.95,0.050000000000000044,Pralatrexate,0.9514018691588799,2,False
0.95,0.050000000000000044,Cytarabine,0.94485981308375,3,False
0.95,0.050000000000000044,Doxorubicin,0.9439252336444499,4,False
0.95,0.050000000000000044,Pemetrexed,0.93925233644865,5,False
0.95,0.050000000000000044,Gemcitabine,0.9271028037384,6,False
0.95,0.050000000000000044,Abemaciclib,0.92242990654175,7,False
0.95,0.050000000000000044,Belinostat,0.91728971962635,8,False
0.95,0.050000000000000044,Tioguanine,0.89906542056088,9,False
0.95,0.050000000000000044,Daunorubicin,0.8845794392526,10,False
0.95,0.050000000000000044,Fluorouracil,0.8841121495325,11,False
0.95,0.050000000000000044,Epirubicin,0.8808411214955499,12,False
0.95,0.050000000000000044,Trifluridine,0.872897196261405,13,False
0.95,0.050000000000000044,Mitomycin,0.8672897196264999,14,False
0.95,0.050000000000000044,Hydroxyurea,0.8537383177568,15,False
0.95,0.050000000000000044,Ixabepilone,0.8322429906540499,16,False
0.95,0.050000000000000044,Mercaptopurine,0.82803738317745,17,False
0.95,0.050000000000000044,Paclitaxel,0.8200934579443,18,False
0.95,0.050000000000000044,Docetaxel,0.8121495327107,19,False
0.95,0.050000000000000044,Irinotecan,0.811214953271,20,False
0.95,0.050000000000000044,Methotrexate,0.8079439252339999,21,False
0.95,0.050000000000000044,Oxaliplatin,0.7822429906541499,22,False
0.95,0.050000000000000044,Etoposide,0.7724299065416,23,False
0.95,0.050000000000000044,Allopurinol,0.76448598130845,24,False
0.95,0.050000000000000044,Brigatinib,0.7630841121491501,25,False
0.95,0.050000000000000044,Cyclophosphamide,0.74392523364495,26,False
0.95,0.050000000000000044,Ceritinib,0.7425233644861,27,False
0.95,0.050000000000000044,Dabrafenib,0.74158878504631,28,False
0.95,0.050000000000000044,Idarubicin,0.7327102803735,29,False
0.95,0.050000000000000044,Actinomycin D,0.7280373831773,30,False
0.95,0.050000000000000044,Palbociclib,0.7051401869161001,31,False
0.95,0.050000000000000044,Erdafitinib,0.70140186915905,32,False
0.95,0.050000000000000044,Nilotinib,0.6985981308409,33,False
0.95,0.050000000000000044,Olaparib,0.6855140186919,34,False
0.95,0.050000000000000044,Erlotinib,0.67242990654185,35,False
0.95,0.050000000000000044,Crizotinib,0.6686915887853999,36,False
0.95,0.050000000000000044,Raloxifene,0.66261682243015,37,False
0.95,0.050000000000000044,Azacitidine,0.6476635514017,38,False
0.95,0.050000000000000044,Decitabine,0.6266355140191,39,False
0.95,0.050000000000000044,Encorafenib,0.6233644859812,40,False
0.95,0.050000000000000044,Acalabrutinib,0.6228971962616,41,False
0.95,0.050000000000000044,Ibrutinib,0.6196261682243,42,False
0.95,0.050000000000000044,Tamoxifen,0.61074766355185,43,False
0.95,0.050000000000000044,Panobinostat,0.60186915887805,44,False
0.95,0.050000000000000044,Mitotane,0.58504672897205,45,False
0.95,0.050000000000000044,Homoharringtonine,0.5785046728968001,46,False
0.95,0.050000000000000044,Romidepsin,0.56682242990665,47,False
0.95,0.050000000000000044,Vinorelbine,0.5658878504673,48,False
0.95,0.050000000000000044,Celecoxib,0.56448598130805,49,False
0.95,0.050000000000000044,Temsirolimus,0.56214953270985,50,False
0.95,0.050000000000000044,Bosutinib,0.5394859813088,51,False
0.95,0.050000000000000044,Lapatinib,0.5371495327107001,52,False
0.95,0.050000000000000044,Axitinib,0.51285046728925,53,False
0.95,0.050000000000000044,Sunitinib,0.5051401869161,54,False
0.95,0.050000000000000044,Gilteritinib,0.49439252336424994,55,False
0.95,0.050000000000000044,Fulvestrant,0.48785046729000003,56,False
0.95,0.050000000000000044,Tivozanib,0.48037383177555004,57,False
0.95,0.050000000000000044,Cabozantinib,0.47733644859769997,58,False
0.95,0.050000000000000044,Lomustine,0.44953271028025,59,False
0.95,0.050000000000000044,Clofarabine,0.4443925233648,60,False
0.95,0.050000000000000044,Tucatinib,0.44439252336440005,61,False
0.95,0.050000000000000044,Sirolimus,0.44299065420600003,62,False
0.95,0.050000000000000044,Asciminib,0.41775700934619997,63,False
0.95,0.050000000000000044,Osimertinib,0.41308411214955,64,False
0.95,0.050000000000000044,Lorlatinib,0.39813084112194996,65,False
0.95,0.050000000000000044,Cladribine,0.39392523364483495,66,False
0.95,0.050000000000000044,Carmustine,0.39252336448605,67,False
0.95,0.050000000000000044,Cobimetinib,0.3911214953267,68,False
0.95,0.050000000000000044,Selumetinib,0.39065420560705,69,False
0.95,0.050000000000000044,Topotecan,0.35841121495340006,70,False
0.95,0.050000000000000044,Dasatinib,0.3546728971959,71,False
0.95,0.050000000000000044,Thiotepa,0.33317757009359994,72,False
0.95,0.050000000000000044,Fruquintinib,0.31915887850435,73,False
0.95,0.050000000000000044,Imatinib,0.3168224299063,74,False
0.95,0.050000000000000044,Venetoclax,0.314018691589,75,False
0.95,0.050000000000000044,Selinexor,0.30841121495305,76,False
0.95,0.050000000000000044,Ribociclib,0.2981308411213501,77,False
0.95,0.050000000000000044,Sonidegib,0.288317757009585,78,False
0.95,0.050000000000000044,Chlorambucil,0.28084112149570006,79,False
0.95,0.050000000000000044,Vemurafenib,0.276635514019,80,False
0.95,0.050000000000000044,Fludarabine,0.2710280373835,81,False
0.95,0.050000000000000044,umbralisib,0.2471962616821,82,False
0.95,0.050000000000000044,Melphalan,0.24439252336495004,83,False
0.95,0.050000000000000044,Afatinib,0.23457943925235003,84,False
0.95,0.050000000000000044,Mitoxantrone,0.2261682242995,85,False
0.95,0.050000000000000044,Carboplatin,0.22616822429905,86,False
0.95,0.050000000000000044,Neratinib,0.222429906541976,87,False
0.95,0.050000000000000044,Estramustine,0.20841121495285003,88,False
0.95,0.050000000000000044,Duvelisib,0.18504672897155,89,False
0.95,0.050000000000000044,Darolutamide,0.17616822429870002,90,False
0.95,0.050000000000000044,Teniposide,0.17056074766360502,91,False
0.95,0.050000000000000044,Carfilzomib,0.16308411214920002,92,False
0.95,0.050000000000000044,Everolimus,0.16261682243005002,93,False
0.95,0.050000000000000044,Vandetanib,0.16074766355160003,94,False
0.95,0.050000000000000044,Cisplatin,0.15607476635525,95,False
0.95,0.050000000000000044,Vorinostat,0.11728971962614002,96,False
0.95,0.050000000000000044,Bleomycin,0.11028037383151,97,False
0.95,0.050000000000000044,Vinblastine,0.10747663551425,98,False
0.95,0.050000000000000044,Dacarbazine,0.10700934579436502,99,False
0.95,0.050000000000000044,Dexrazoxane,0.09252336448599002,100,False
0.95,0.050000000000000044,Dacomitinib,0.08084112149529503,101,False
0.95,0.050000000000000044,Idelalisib,0.07663551401871502,102,False
0.95,0.050000000000000044,Valrubicin,0.06448598130842001,103,False
0.95,0.050000000000000044,Trametinib,0.05981308411210004,104,False
0.95,0.050000000000000044,Binimetinib,0.05747663551399405,105,False
0.95,0.050000000000000044,Zoledronate,0.043457943925245004,106,False
0.95,0.050000000000000044,Lenvatinib,0.03271028037387,107,False
0.95,0.050000000000000044,Abiraterone,0.014018691588800012,108,False
1.0,0.0,Pralatrexate,1.0,1,False
1.0,0.0,Ixazomib,0.990654205607,2,False
1.0,0.0,Pemetrexed,0.981308411215,3,False
1.0,0.0,Doxorubicin,0.971962616822,4,False
1.0,0.0,Gemcitabine,0.96261682243,5,False
1.0,0.0,Cytarabine,0.953271028037,6,False
1.0,0.0,Tioguanine,0.943925233645,7,False
1.0,0.0,Abemaciclib,0.934579439252,8,False
1.0,0.0,Belinostat,0.92523364486,9,False
1.0,0.0,Trifluridine,0.915887850467,10,False
1.0,0.0,Epirubicin,0.906542056075,11,False
1.0,0.0,Fluorouracil,0.897196261682,12,False
1.0,0.0,Daunorubicin,0.88785046729,13,False
1.0,0.0,Hydroxyurea,0.878504672897,14,False
1.0,0.0,Mitomycin,0.869158878505,15,False
1.0,0.0,Ixabepilone,0.859813084112,16,False
1.0,0.0,Methotrexate,0.85046728972,17,False
1.0,0.0,Mercaptopurine,0.841121495327,18,False
1.0,0.0,Paclitaxel,0.831775700935,19,False
1.0,0.0,Oxaliplatin,0.822429906542,20,False
1.0,0.0,Docetaxel,0.81308411215,21,False
1.0,0.0,Irinotecan,0.803738317757,22,False
1.0,0.0,Etoposide,0.794392523364,23,False
1.0,0.0,Allopurinol,0.785046728972,24,False
1.0,0.0,Dabrafenib,0.775700934579,25,False
1.0,0.0,Cyclophosphamide,0.766355140187,26,False
1.0,0.0,Brigatinib,0.757009345794,27,False
1.0,0.0,Ceritinib,0.747663551402,28,False
1.0,0.0,Idarubicin,0.738317757009,29,False
1.0,0.0,Erdafitinib,0.728971962617,30,False
1.0,0.0,Actinomycin D,0.719626168224,31,False
1.0,0.0,Palbociclib,0.710280373832,32,False
1.0,0.0,Nilotinib,0.700934579439,33,False
1.0,0.0,Raloxifene,0.691588785047,34,False
1.0,0.0,Erlotinib,0.682242990654,35,False
1.0,0.0,Olaparib,0.672897196262,36,False
1.0,0.0,Azacitidine,0.663551401869,37,False
1.0,0.0,Crizotinib,0.654205607477,38,False
1.0,0.0,Encorafenib,0.644859813084,39,False
1.0,0.0,Decitabine,0.635514018692,40,False
1.0,0.0,Acalabrutinib,0.626168224299,41,False
1.0,0.0,Tamoxifen,0.616822429907,42,False
1.0,0.0,Ibrutinib,0.607476635514,43,False
1.0,0.0,Panobinostat,0.598130841121,44,False
1.0,0.0,Vinorelbine,0.588785046729,45,False
1.0,0.0,Temsirolimus,0.579439252336,46,False
1.0,0.0,Mitotane,0.570093457944,47,False
1.0,0.0,Homoharringtonine,0.560747663551,48,False
1.0,0.0,Romidepsin,0.551401869159,49,False
1.0,0.0,Celecoxib,0.542056074766,50,False
1.0,0.0,Bosutinib,0.528037383178,51,False
1.0,0.0,Lapatinib,0.528037383178,52,False
1.0,0.0,Sunitinib,0.514018691589,53,False
1.0,0.0,Gilteritinib,0.504672897196,54,False
1.0,0.0,Axitinib,0.490654205607,55,False
1.0,0.0,Cabozantinib,0.490654205607,56,False
1.0,0.0,Fulvestrant,0.476635514019,57,False
1.0,0.0,Tivozanib,0.467289719626,58,False
1.0,0.0,Clofarabine,0.457943925234,59,False
1.0,0.0,Lomustine,0.448598130841,60,False
1.0,0.0,Sirolimus,0.439252336449,61,False
1.0,0.0,Tucatinib,0.429906542056,62,False
1.0,0.0,Asciminib,0.420560747664,63,False
1.0,0.0,Cladribine,0.411214953271,64,False
1.0,0.0,Lorlatinib,0.401869158879,65,False
1.0,0.0,Osimertinib,0.392523364486,66,False
1.0,0.0,Selumetinib,0.383177570093,67,False
1.0,0.0,Carmustine,0.373831775701,68,False
1.0,0.0,Cobimetinib,0.364485981308,69,False
1.0,0.0,Topotecan,0.355140186916,70,False
1.0,0.0,Dasatinib,0.345794392523,71,False
1.0,0.0,Thiotepa,0.336448598131,72,False
1.0,0.0,Fruquintinib,0.327102803738,73,False
1.0,0.0,Venetoclax,0.317757009346,74,False
1.0,0.0,Imatinib,0.308411214953,75,False
1.0,0.0,Sonidegib,0.299065420561,76,False
1.0,0.0,Selinexor,0.289719626168,77,False
1.0,0.0,Vemurafenib,0.280373831776,78,False
1.0,0.0,Ribociclib,0.271028037383,79,False
1.0,0.0,Fludarabine,0.261682242991,80,False
1.0,0.0,umbralisib,0.252336448598,81,False
1.0,0.0,Chlorambucil,0.242990654206,82,False
1.0,0.0,Neratinib,0.233644859813,83,False
1.0,0.0,Mitoxantrone,0.224299065421,84,False
1.0,0.0,Carboplatin,0.214953271028,85,False
1.0,0.0,Melphalan,0.205607476636,86,False
1.0,0.0,Afatinib,0.196261682243,87,False
1.0,0.0,Estramustine,0.18691588785,88,False
1.0,0.0,Teniposide,0.177570093458,89,False
1.0,0.0,Duvelisib,0.168224299065,90,False
1.0,0.0,Cisplatin,0.158878504673,91,False
1.0,0.0,Darolutamide,0.14953271028,92,False
1.0,0.0,Everolimus,0.140186915888,93,False
1.0,0.0,Carfilzomib,0.130841121495,94,False
1.0,0.0,Vandetanib,0.121495327103,95,False
1.0,0.0,Bleomycin,0.11214953271,96,False
1.0,0.0,Vinblastine,0.102803738318,97,False
1.0,0.0,Vorinostat,0.0934579439252,98,False
1.0,0.0,Dacarbazine,0.0841121495327,99,False
1.0,0.0,Dexrazoxane,0.0747663551402,100,False
1.0,0.0,Idelalisib,0.0654205607477,101,False
1.0,0.0,Dacomitinib,0.0560747663551,102,False
1.0,0.0,Valrubicin,0.0467289719626,103,False
1.0,0.0,Zoledronate,0.0373831775701,104,False
1.0,0.0,Lenvatinib,0.0280373831776,105,False
1.0,0.0,Trametinib,0.018691588785,106,False
1.0,0.0,Binimetinib,0.00934579439252,107,False
1.0,0.0,Abiraterone,0.0,108,False
