Rank,Sample ID,Sample Name,Average_ZAUC,CUACC1_ZAUC,CUACC2_ZAUC,H295R_ZAUC,CUACC1_AUC,CUACC2_AUC,H295R_AUC,CUACC1_IC50,CUACC2_IC50,H295R_IC50,IC50_n,Primary MOA,Gene Symbol
1,NCGC00346666-01,Ginkgolide A,-4.791993028395783,-4.557592016316057,-4.498010648008068,-5.320376420863226,88.971,66.652,21.905,5.970076,12.66838,,2,GABA(A) Receptor Antagonist,GABRA1
2,NCGC00263107-03,GB-83,-4.647932610796284,-4.597457561193331,-3.983082539287145,-5.363257731908374,85.769,118.324,18.193,12.719657,,42.963188,2,PAR2 Antagonist,PAR2
3,NCGC00510073-01,AQX-MN-100,-4.267697489297076,-4.997880938564633,-3.2699142837403716,-4.535297245586222,53.607,189.889,89.865,,,,0,SHIP-1 Activator,INPP5D
4,NCGC00507887-01,ML-390,-4.212597914923829,-3.8062348121315956,-4.1936099279084145,-4.637949004731476,149.32,97.198,80.979,,12.305072,,1,DHODH Inhibitor,DHODH
5,NCGC00250406-03,Tipifarnib,-4.194320136680617,-3.818162105071142,-4.216978607559881,-4.547819697410829,148.362,94.853,88.781,5.352743,,,1,Farnesyltransferase Inhibitor,COX10
6,NCGC00163128-17,Pioglitazone hydrochloride,-4.026486888248875,-4.266991865478935,-3.5053250809286824,-4.307143718339006,112.312,166.266,109.615,,0.064681,,1,PPARgamma Agonist,PPARG
7,NCGC00162413-14,Geldanamycin,-3.8808165994224266,-4.126628294914789,-3.0267903274688055,-4.489031175883685,123.586,214.286,93.87,12.544321,,43.275541,2,Heat Shock Protein 90 (hsp90) Inhibitor,HSP90AB1
8,NCGC00263231-01,PDHK RIKEN,-3.867680308916131,-3.921760230906184,-2.933425227402884,-4.747855468439325,140.041,223.655,71.465,,,,0,Pyruvate Dehydrogenase Kinase 2 Inhibitor,PDK2
9,NCGC00346709-02,20-hydroxyecdysone,-3.7524528733770977,-3.2706271479778315,-2.842940105340916,-5.143791366812545,192.34,232.735,37.191,,,,0,reduces expression of cPEPCK,
10,NCGC00164385-06,Clomifene citrate,-3.5989626447366576,-3.5963866675636806,-3.1376146713510904,-4.062886595295201,166.175,203.165,130.759,11.74141,,,1,Selective Estrogen Receptor Modulators (SERM),ESR1
11,NCGC00346952-01,Cdk4/6 Inhibitor IV,-3.570750561610758,-3.8114638967188705,-3.132213466928448,-3.7685743211849565,148.9,203.707,156.236,,0.048879,,1,CDK4/6 Inhibitor,CDK4
12,NCGC00346656-03,Dinaciclib (SCH727965),-3.567578929813153,-3.4602935160791435,-3.494223712429009,-3.748219560931306,177.106,167.38,157.998,,,,0,CDK1/2/5/9 Inhibitor,CDK1
13,NCGC00174007-13,PYRANTEL PAMOATE,-3.5351585383152995,-3.461389133802192,-3.059805438635248,-4.084281042508459,177.018,210.973,128.907,,,,0,,
14,NCGC00510477-01,Lurbinectedin,-3.4855777239950667,-3.4540559651786076,-3.294508697974836,-3.708168508831757,177.607,187.421,161.465,,,,0,RNA Polymerase Inhibitor,POLR2A
15,NCGC00378999-05,SB-1317,-3.4251064575267316,-3.071660479432008,-3.522834151354109,-3.6808247417940776,208.321,164.509,163.832,,,,0,CDK Inhibitor,CDK1
16,NCGC00507851-01,OTS-514,-3.3889692225026087,-3.1350569049520214,-2.9411583171297653,-4.090692445426039,203.229,222.879,128.352,,,,0,PBK Inhibitor,PBK
17,NCGC00247878-08,NVP-AUY922,-3.38661624390095,-2.8465234875470125,-4.023780913571405,-3.2895443305844334,226.404,114.24,197.703,,,,0,Heat Shock Protein 90 (hsp90) Inhibitor,HSP90AB1
18,NCGC00345804-10,ARRY-162,-3.3689138545426798,-2.6502958633088096,-3.7170981347765757,-3.7393475655426545,242.165,145.015,158.766,,,,0,Mek 1/2 Inhibitor,MAP2K1
19,NCGC00253587-02,Sitaxentan,-3.3625782577150556,-3.23181987021941,-2.754906452444945,-4.101008450480812,195.457,241.569,127.459,0.056242,,,1,Endothelin ETA Receptor Antagonist,EDNRA
20,NCGC00090752-04,Fenretinide,-3.2487767421229696,-2.774723176083164,-3.4676561644755726,-3.5039508858101724,232.171,170.046,179.143,,,,0,RARbeta/gamma Agonist,RARB
21,NCGC00263236-02,SM-164,-3.188564735310154,-2.425918333709108,-2.1472011976450656,-4.9925746745762885,260.187,302.551,50.281,,,,0,IAP Inhibitor,XIAP
22,NCGC00510347-01,CC-885,-3.0395403795238236,-3.9590859346982104,-2.284363887079088,-2.8751713167941726,137.043,288.787,233.573,,,,0,,
23,NCGC00016978-13,Repaglinide,-3.0282803564688168,-2.916506069606713,-2.7724653494794365,-3.3958696503203014,220.783,239.807,188.499,,,,0,Insulin Secretagogues,
24,NCGC00379032-06,Tasquinimod,-3.0274453428732535,-2.185915801354573,-3.3008267120042727,-3.5955935152609153,279.464,186.787,171.21,,,,0,S100A9 Inhibitor,S100A9
25,NCGC00017369-07,Biochanin A,-3.014084884718673,-2.343398398841346,-3.528275217064003,-3.1705810382506696,266.815,163.963,208.001,,,,0,flavanoid,
26,NCGC00346686-10,Tivantinib,-3.002778994233534,-2.7537943875326647,-3.3415151209667195,-2.9130274742012174,233.852,182.704,230.296,0.192644,,0.014991,2,HGFR Inhibitor,MET
27,NCGC00507966-01,AMG-511,-2.9835531886868663,-2.8567202024921987,-2.5865921670235092,-3.5073471965448904,225.585,258.459,178.849,,,,0,PI3K alpha Inhibitor,PIK3CA
28,NCGC00263109-15,GDC-0980,-2.9831908373404383,-2.983513053532225,-2.8187443039789715,-3.1473151545101183,215.401,235.163,210.015,,0.002557,,1,mTOR Inhibitor,MTOR
29,NCGC00244253-18,Ruxolitinib,-2.9740595561408454,-3.385754160307674,-2.838415849237818,-2.6980086588770433,183.093,233.189,248.909,46.1,0.290615,0.006739,3,Jak1/2 Inhibitor,JAK1
30,NCGC00510266-01,M2698,-2.9714974428736762,-2.354354576071827,-3.563034259547719,-2.997103493001483,265.935,160.475,223.018,,,,0,AKT Inhibitor,AKT1
31,NCGC00274171-10,RUC-4,-2.9582989498572596,-2.3216229965957633,-2.6278685299729223,-3.925405323003093,268.564,254.317,142.66,,,,0,Integrin alphaIIbbeta3 (Fibrinogen gpIIb/IIIa) Antagonist,
32,NCGC00485261-01,Methylstat,-2.922160173211637,-3.0701789054656135,-2.723445931481329,-2.972855682687968,208.44,244.726,225.117,,,,0,Lysine-specific demethylase 4E Inhibitor,KDM4E
33,NCGC00167982-03,Pirarubicin,-2.8495082275047636,-2.797868100482556,-3.4876067387451823,-2.2630498432865527,230.312,168.044,286.561,,,0.131316,1,DNA Topoisomerase II Inhibitor,TOP2A
34,NCGC00346835-01,2-Iminobiotin,-2.84822369236593,-2.968062353596967,-2.6064331227531765,-2.9701756007476465,216.642,256.468,225.349,,,0.077518,1,NOS-2 Inhibitor,NOS2
35,NCGC00025059-08,Actinomycin D,-2.8228589215779265,-2.799885033109076,-3.644261597645417,-2.0244301339792865,230.15,152.324,307.217,,,,0,DNA-Directed RNA Polymerase Inhibitor,PRKDC
36,NCGC00185000-18,Afatinib,-2.8220242783698777,-2.788804353864612,-2.7873336096244206,-2.8899348716206004,231.04,238.315,232.295,,,,0,EGFR Inhibitor,EGFR
37,NCGC00163548-03,Echinomycin,-2.8219475822860782,-3.772731320168839,-2.818246037888322,-1.8748653888010733,152.011,235.213,320.164,,,,0,Antineoplastic Antibiotics,
38,NCGC00142423-05,Phlorizin,-2.762971350630422,-3.1396510292679842,-2.371729863413589,-2.777533159209693,202.86,280.02,242.025,0.016135,,,1,SGLT-1/2 Inhibitor,SCL5A2
39,NCGC00345809-03,RGB-286147,-2.746979618329606,-2.6689836156076194,-3.334031164285162,-2.237924075096036,240.664,183.455,288.736,,,,0,CDK1/2/3/7/9 Inhibitor,CDK1
40,NCGC00025155-01,Omacetaxine mepesuccinate,-2.7064531838704817,-3.810891187454551,-1.648616216697449,-2.6598521474594454,148.946,352.583,252.212,,,,0,Alkaloid,RPL3
41,NCGC00242051-10,GW-2580,-2.7047621864991176,-2.2296284584639148,-1.6480282627104827,-4.236629838322955,275.953,352.642,115.719,0.007965,0.001478,1.511648,3,CSF1R (c-FMS) Inhibitor,CSF1R
42,NCGC00345799-06,Oprozomib,-2.644824138729196,-2.932081271555954,-2.6165080631061115,-2.385883081525522,219.532,255.457,275.928,,,,0,Proteasome Inhibitor,PSMD1
43,NCGC00346685-03,KW-2478,-2.6178726267012804,-2.9795289890847774,-2.3393226368777387,-2.5347662541413256,215.721,283.272,263.04,,0.002585,0.001534,2,Heat Shock Protein 90 (hsp90) Inhibitor,HSP90AB1
44,NCGC00263220-07,Romidepsin,-2.6178036364052426,-2.737297870679951,-2.9325183831179014,-2.183594655417876,235.177,223.746,293.439,,,,0,HDAC Inhibitor,HDAC1
45,NCGC00343773-03,YW3-56,-2.599885348156077,-2.6690832172188057,-2.4068376921607593,-2.723735135088666,240.656,276.497,246.682,0.051995,,,1,Peptidylarginine Deiminase (PAD) Inhibitor,PADI1
46,NCGC00163411-06,Triptolide,-2.568696230681565,-2.5423775175885672,-2.750611398743545,-2.4130997757125825,250.833,242.0,273.572,,,,0,Inhibition of RNA polymerase II mediated transcription,POLR2A
47,NCGC00346692-03,CUDC-907,-2.5588190396684216,-3.041543442249582,-2.3593529337218526,-2.27556074303383,210.74,281.262,285.478,,,,0,PI3K Inhibitor,PIK3CA
48,NCGC00346477-02,Emricasan,-2.542349656865088,-1.5812966708501737,-2.820298894181798,-3.2254534055632913,328.027,235.007,203.251,,,,0,Caspase Inhibitor,CASP3
49,NCGC00346827-02,7-Hydroxystaurosporine,-2.4878610947661848,-1.914775315302953,-3.0813903256821886,-2.4674176433134134,301.242,208.807,268.87,,,,0,CDK1/2/4/6,CDK1
50,NCGC00386421-05,Verdinexor,-2.4787540430787725,-2.268634939444708,-2.72108415021165,-2.446543039579959,272.82,244.963,270.677,,,,0,Exportin-1 Antagonist,XPO1
51,NCGC00016447-01,Proscillaridin,-2.471781741431658,-2.9413193209934736,-2.1056557710067016,-2.3683701322947988,218.79,306.72,277.444,,,,0,Cardiac glycoside,
52,NCGC00015769-14,Strophantine octahydrate,-2.4451269502645827,-2.985318332734975,-1.826178320761341,-2.523884197297433,215.256,334.765,263.982,,,,0,Sodium/potassium-transporting ATPase subunit alpha-3 Inhibitor,ATP1A3
53,NCGC00091455-13,Celecoxib,-2.4449213353232353,-2.32244470988805,-2.5652564130218933,-2.447062883059763,268.498,260.6,270.632,,,,0,Cyclooxygenase-2 Inhibitor,PTGS2
54,NCGC00263208-09,TW-37,-2.4341501623654014,-2.013505412391269,-2.081998097022659,-3.2069469776822768,293.312,309.094,204.853,,,,0,Bcl-xL Inhibitor/Mcl-1 Inhibitor,BCL2L1
55,NCGC00346886-09,YK-4-279,-2.4123263517513496,-1.8803131578325298,-1.2678910968320891,-4.08877480058943,304.01,390.788,128.518,0.010903,0.001592,1.253569,3,EWS-FLI1 Inhibitor,EWSR1
56,NCGC00379254-06,KRCA-0008,-2.389320440232158,-2.326939232592827,-2.4045755641092104,-2.436446523994437,268.137,276.724,271.551,,,,0,ALK Inhibitor,ALK
57,NCGC00168108-05,AG-14361,-2.3758092018930843,-2.0043545143635373,-3.005105787203735,-2.1179673041119806,294.047,216.462,299.12,,,0.125757,1,PARP Inhibitor,PARP1
58,NCGC00015937-04,Spermidine,-2.361153126403794,-1.7802882397987934,-0.9611285954627559,-4.342042543949833,312.044,421.571,106.594,,,,0,NOS Inhibitor,GRIN2A
59,NCGC00381562-02,Tazemetostat,-2.351841342336365,-2.398303787007736,-1.9625039231630719,-2.694716316838286,262.405,321.085,249.194,,,,0,EZH2 Inhibitor,EZH2
60,NCGC00178377-07,Amygdalin,-2.3268081732428314,-2.127586607803657,-1.9068177048720722,-2.946020207052764,284.149,326.673,227.44,0.022448,0.015764,0.116508,3,"Nitric oxide synthase, inducible Inhibitor",
61,NCGC00346617-03,AZD-5438,-2.3149236266923148,-2.110666784103403,-2.81041329494331,-2.023690801030232,285.508,235.999,307.281,,,,0,CDK1/2 Inhibitor,CDK1
62,NCGC00347280-04,IKK-2 Inhibitor VIII,-2.3068126810963627,-2.0440706568240326,-2.4792556857757724,-2.3971117006892837,290.857,269.23,274.956,,,,0,IKK beta Inhibitor,IKBKB
63,NCGC00094087-07,Mizoribine,-2.3002167249700904,-1.8613639513043563,-2.954173027417533,-2.0851131961883818,305.532,221.573,301.964,0.324661,1.344108,,2,Inosine 5'-Monophosphate Dehydrogenase (IMPDH) Inhibitor,IMPDH1
64,NCGC00378595-03,RO-4987655,-2.2890351265651288,-2.3434980004525316,-2.034991674030776,-2.4886157052120788,266.807,313.811,267.035,,,,0,MEK Inhibitor,MAP2K1
65,NCGC00378635-03,Triptonide,-2.286271070713968,-2.6134557173713158,-2.46852303418318,-1.7768344605874087,245.124,270.307,328.65,,,,0,Immunosuppressants,
66,NCGC00161290-05,"16,16-dimethyl PGE2",-2.285491413494267,-1.6213987695540155,-2.103124579266202,-3.1319508916625844,324.806,306.974,211.345,0.005016,,,1,prostaglandin,
67,NCGC00378324-03,Bruceantin,-2.278600834699905,-2.5370986321956988,-2.3705140941524037,-1.9281897777516126,251.257,280.142,315.548,,,,0,MYC Expression Inhibitor;Apoptosis Inducers,MYC
68,NCGC00345791-06,ASP-3026,-2.2580933089843063,-2.458288857344622,-2.160664347414418,-2.155326722193879,257.587,301.2,295.886,,0.011108,0.001521,2,ALK Inhibitor,ALK
69,NCGC00015199-24,Chlorambucil,-2.230428020903821,-1.9347080877415903,-1.0917739644310813,-3.664802010538792,299.641,408.461,165.219,,0.001243,1.329823,2,DNA Alkylating Agent,
70,NCGC00090797-28,Digoxin,-2.2162681459424354,-2.49206625373814,-1.6868830524593386,-2.469855131629827,254.874,348.743,268.659,,,,0,Steroid,
71,NCGC00242514-13,Sepantronium bromide,-2.2110788461076436,-2.601852129668124,-2.396224624429923,-1.635159784224884,246.056,277.562,340.914,,,,0,Survivin Inhibitor,BIRC5
72,NCGC00319019-01,Nemorubicin,-2.2016990875410727,-2.1350442784412236,-2.1490348168586557,-2.3210181673233388,283.55,302.367,281.543,,,,0,DNA Topoisomerase II Inhibitor,TOP2A
73,NCGC00263124-09,Nutlin-3,-2.1870688422184745,-2.0591727511201396,-2.261314097725637,-2.2407196778096474,289.644,291.1,288.494,,,,0,HDM2/HDMX Inhibitor,MDM2
74,NCGC00241114-02,CPI-1189,-2.17937029667855,-1.5481168841237722,-2.7024191024559157,-2.2875749034559623,330.692,246.836,284.438,,,,0,p38 MAPK Inhibitor,MAPK14
75,NCGC00344550-03,Stanozolol,-2.1656255177547448,-1.4933359979713652,-3.0302283634942877,-1.973312191798581,335.092,213.941,311.642,46.1,,,1,Synthetic Steroid,
76,NCGC00165873-03,PS-1145,-2.1618355981577295,-1.0332014546939396,-1.1544956999220535,-4.297809639857196,372.05,402.167,110.423,,0.298576,1.924177,2,IKK beta Inhibitor,IKBKB
77,NCGC00263553-13,StemRegenin 1,-2.155499049102761,-1.489663188558874,-1.9230213181399969,-3.053812640609411,335.387,325.047,218.109,,,0.013675,1,Aryl Hydrocarbon Receptor (AhR) Antagonist,AHR
78,NCGC00408915-01,Acalisib,-2.134446980592097,-1.3865755209811623,-2.3758355760005414,-2.6409298447945875,343.667,279.608,253.85,0.253628,,0.036573,2,PI3Kdelta Inhibitor,PIK3CD
79,NCGC00018294-13,Miconazole nitrate,-2.1330617136094765,-2.3678630445889546,-2.093209084062275,-1.9381130121772001,264.85,307.969,314.689,,,0.001907,1,Aromatase Inhibitor,CYP19A1
80,NCGC00386449-03,MLN-7243,-2.1241673121568097,-1.94632412564618,-2.046740788448293,-2.379437022375955,298.708,312.632,276.486,,,,0,Ubiquitin-Activating Enzyme E1 Inhibitor,UBA1
81,NCGC00510909-01,Acolbifene,-2.118437641826036,-1.9859780170996841,-1.840448661597545,-2.528886246780879,295.523,333.333,263.549,,,0.139713,1,Selective Estrogen Receptor Modulators (SERM),ESR1
82,NCGC00351601-07,Otenabant,-2.1002606741615746,-1.8633808839308763,-1.8766427104223322,-2.560758428131515,305.37,329.701,260.79,0.43721,,0.126471,2,Cannabinoid CB1 Antagonist,CNR1
83,NCGC00480876-01,T-00127-HEV1,-2.096120074002642,-1.73514380952865,-2.467386987496499,-2.085829424982778,315.67,270.421,301.902,0.028677,2.153743,0.024245,3,PI4Kbeta Inhibitor,PI4KB
84,NCGC00346500-08,PIK-75,-2.0936246540977463,-2.8532216958992835,-1.8567220321181614,-1.5709302342757943,225.866,331.7,346.474,,,,0,PI3K Inhibitor,PIK3CA
85,NCGC00162440-05,Leptomycin B,-2.084152400134472,-2.7961250722867974,-1.7347165971617002,-1.7216155309549175,230.452,343.943,333.43,,,,0,Nuclear export Inhibitor,
86,NCGC00186024-12,SB-525334,-2.0790701170432246,-2.01869714637435,-1.8677137820778917,-2.3507994226774316,292.895,330.597,278.965,,,0.137955,1,TGF-bR1 (ALK5) Inhibitor,TGBR1
87,NCGC00346531-02,Oligomycin A,-2.0745649252567,-3.258139595975362,-1.1577842561203406,-1.8077709236743984,193.343,401.837,325.972,,,,0,ATP synthase Inhibitor,
88,NCGC00179599-13,Cefoperazone (sodium salt),-2.0717375589951574,-1.8997728226180324,-1.8526661461402734,-2.4627737082271666,302.447,332.107,269.272,0.05282,0.310186,,2,Bacterial penicillin-binding protein Inhibitor,
89,NCGC00181306-04,Docetaxel,-2.064685829028685,-1.9038689388780647,-1.835824752276317,-2.4543637959316738,302.118,333.797,270.0,,,,0,Tubulin depolymerization Inhibitor,TUBB
90,NCGC00507840-01,LTX-315,-2.0239125066934487,-1.9232912530593729,-2.1590997918897776,-1.9893464751311953,300.558,301.357,310.254,,,,0,Microenvironment modifier,
91,NCGC00015254-30,Clozapine,-2.000941076188092,-1.4753952577564513,-1.196180641065799,-3.331247329742026,336.533,397.984,194.093,0.015852,,0.742855,2,Dopamine D4 Antagonist,DRD4
92,NCGC00346940-03,CGP-60474,-1.9996987842533234,-2.2451787600103588,-2.0984608086577214,-1.6554567840918897,274.704,307.442,339.157,,,,0,CDK1/2 Inhibitor,CDK1
93,NCGC00346545-08,Telaprevir (VX-950),-1.9969111275381202,-1.5212867001104913,-2.1849099753854273,-2.2845367071184417,332.847,298.767,284.701,0.001323,,,1,HCV NS3 NS4A Protease Inhibitor,
94,NCGC00014891-14,RG-108,-1.9958742517298906,-1.6401861234640112,-1.7968902399529572,-2.5505463917727034,323.297,337.704,261.674,0.016078,,0.121263,2,DNA Methyltransferase (DNMT) Inhibitor,DNMT1
95,NCGC00510502-02,SF-2523,-1.9849197056931627,-2.017265373213548,-2.412737162674051,-1.524756581191889,293.01,275.905,350.471,,,,0,PI3K beta Inhibitor,PIK3CB
96,NCGC00249613-10,Carfilzomib,-1.97830477162291,-1.9017648548417567,-2.608595597586596,-1.4245538624403775,302.287,256.251,359.145,,,,0,Proteasome Inhibitor,PSMD1
97,NCGC00346458-02,MLN 2480,-1.9693042875254512,-1.9967972421147848,-2.009530276798581,-1.9015853436629877,294.654,316.366,317.851,,,,0,,BRAF
98,NCGC00346460-05,BMS-536924,-1.9587993577805052,-1.4107413618952125,-2.3977792146327497,-2.0678774968135536,341.726,277.406,303.456,0.004372,,,1,IGF-1R Inhibitor,IGFR1
99,NCGC00379003-05,WEHI-539,-1.9581607552561138,-2.3529975041194153,-1.8916504850726985,-1.6298342765762273,266.044,328.195,341.375,,,,0,Bcl-xl Inhibitor,BCL2L1
100,NCGC00384198-02,PX-478,-1.9557375897704903,-1.6317697873187778,-2.6575352930101994,-1.5779076889824937,323.973,251.34,345.87,,,,0,HIF-1alpha Inhibitor,HIF1A
101,NCGC00387472-01,R-268712,-1.9509099341582923,-2.1337868080999978,-1.7022296480513464,-2.0167133463235327,283.651,347.203,307.885,,0.005757,,1,TGF-bR1 (ALK5) Inhibitor,TGBR1
102,NCGC00346469-03,Delanzomib,-1.9386326090193384,-1.9319192426283769,-2.2039736360136812,-1.6800049484159572,299.865,296.854,337.032,,,,0,Proteasome Inhibitor,PSMD1
103,NCGC00263147-03,A-674563,-1.9335559178183654,-1.8697802874495895,-1.7532421304120522,-2.177645335593455,304.856,342.084,293.954,,,,0,AKT Inhibitor,AKT1
104,NCGC00181159-03,Trabectedin,-1.9311111260109879,-2.122270371806594,-1.7312287345271529,-1.939834271699217,284.576,344.293,314.54,,,,0,DNA-Damaging Drug,H2AFX
105,NCGC00498432-01,Olmutinib,-1.9268381961774106,-2.220539811443174,-1.8756262475974073,-1.6843485294916507,276.683,329.803,336.656,,,,0,Jak3 Inhibitor,JAK3
106,NCGC00091032-09,Cyproterone acetate,-1.874307686948411,-1.622344984860284,-1.9347106406266366,-2.0658674353583124,324.73,323.874,303.63,,,,0,Androgen Receptor Antagonist,AR
107,NCGC00371131-09,NMS-873,-1.873939198110917,-2.293273888011893,-1.9325581311150308,-1.3959855752058272,270.841,324.09,361.618,,,,0,p97 ATPase Inhibitor,VCP
108,NCGC00090757-12,Melphalan,-1.865877368126359,-2.336637939482083,-2.1399364780433947,-1.1210576868535995,267.358,303.28,385.417,,,,0,DNA Alkylating Agent,
109,NCGC00484799-01,OTS964,-1.8538161223304226,-1.79438186778164,-1.7153041502699915,-2.0517623489396364,310.912,345.891,304.851,,,,0,PDZ-binding kinase Inhibitor,
110,NCGC00242506-13,Bortezomib,-1.85108988155656,-2.0542175709636266,-1.908182953960452,-1.5908691197456015,290.042,326.536,344.748,,,,0,Proteasome Inhibitor,PSMD1
111,NCGC00092357-04,Sibutramine hydrochloride,-1.835972344172958,-2.0387917714311645,-1.9246954922045796,-1.5444297688831303,291.281,324.879,348.768,,0.476722,0.500515,2,5-HT Reuptake Inhibitor,HTR1A
112,NCGC00387475-01,GSK-2194069,-1.83188903901186,-1.766344014232726,-2.1647003027486793,-1.564622800054175,313.164,300.795,347.02,0.091486,1.411235,0.121993,3,Fatty Acid Synthase (FAS) Inhibitor,FAS
113,NCGC00165722-19,Plerixafor hydrochloride,-1.822638400009491,-1.4851188650485037,-1.807403654465664,-2.1753926805143053,335.752,336.649,294.149,,,,0,Chemokine CXCR4 (SDF-1 Receptor) Antagonist,CXCR4
114,NCGC00025297-06,Gabexate mesilate,-1.8182577226186065,-1.2699918350877204,-2.247950601174415,-1.9368307315936841,353.031,292.441,314.8,0.533144,1.583602,0.019817,3,NF-kappaB Activation Inhibitor,NFKB1
115,NCGC00263223-02,CAY-10626,-1.8086827511404104,-1.8370611581749245,-2.1034036082769654,-1.4855834869693414,307.484,306.946,353.862,,,,0,PI3Kalpha Inhibitor,PIK3CA
116,NCGC00390582-04,RGB-286638,-1.807888573407435,-1.9159456342343906,-2.2258574827150115,-1.281862603272903,301.148,294.658,371.497,,,,0,CDK/Cyclin Complex Inhibitor,CDK1
117,NCGC00510464-01,P21d hydrochloride,-1.7976917690077654,-1.112372285385567,-1.7429678836228575,-2.5377351380148716,365.691,343.115,262.783,,,0.010193,1,BRK/PTK6 Inhibitor,PTK6
118,NCGC00481572-02,GNE-317,-1.795614344865494,-2.0974446702184353,-1.4345411735107547,-1.854857190867292,286.57,374.065,321.896,,,,0,mTOR Inhibitor,MTOR
119,NCGC00181350-14,Vatalanib,-1.792405268642648,-1.518834010435031,-1.696320212216242,-2.1620615832766705,333.044,347.796,295.303,0.007107,3.121439,,2,VEGFR-2 Inhibitor,FLT1
120,NCGC00025228-15,Rottlerin,-1.7778468694904803,-1.6497229777350895,-0.7755842686266577,-2.9082333621096934,322.531,440.19,230.711,,0.001215,0.104181,2,,
121,NCGC00188866-01,NCGC00188866,-1.772807301178326,-1.996784791913387,-1.49151291831563,-1.830124193305961,294.655,368.348,324.037,,0.002464,,1,Rac1 Inhibitor,RAC1
122,NCGC00346934-02,Sivelestat,-1.7714981945733663,-1.7078903186678278,-2.047538014193332,-1.559066250858939,317.859,312.552,347.501,,,,0,Leukocyte Elastase Inhibitor,ELA2
123,NCGC00484080-02,LX-7101,-1.7671708670116828,-1.8166552780831529,-1.3187640646874135,-2.166093258264482,309.123,385.683,294.954,,0.001278,,1,LIMK1/LIMK2 Inhibitor,LIMK1
124,NCGC00346455-02,Cobimetinib,-1.7656191235385497,-1.8299022923709163,-2.177814666254577,-1.289140411990156,308.059,299.479,370.867,,,,0,Mek Inhibitor,MAP2K1
125,NCGC00263216-02,Torin-2,-1.747323947278979,-1.7583260845322373,-1.3011254450784178,-2.182520312226282,313.808,387.453,293.532,,,,0,mTOR Inhibitor,MTOR
126,NCGC00346574-04,Lexibulin hydrochloride,-1.7442743078867593,-1.7123350405670115,-1.7938009901909298,-1.726686892902337,317.502,338.014,332.991,,,,0,Tubulin depolymerization Inhibitor,TUBB
127,NCGC00263215-04,Torin-1,-1.7423840373053183,-1.8656966213909552,-1.5590678348859028,-1.802387655639097,305.184,361.569,326.438,,0.087836,,1,mTOR Inhibitor,MTOR
128,NCGC00229511-21,Tofacitinib,-1.7419562068482983,-1.8658335736063365,-1.8487597399895805,-1.511275306948978,305.173,332.499,351.638,,0.001382,0.001345,2,Jak1/2/3 Inhibitor,JAK1
129,NCGC00390475-03,Napabucasin,-1.7401649681353661,-2.2976314585012894,-1.4054424338168179,-1.5174210120879912,270.491,376.985,351.106,,,,0,STAT-3 Inhibitor,STAT3
130,NCGC00165880-14,Reversine,-1.7360120211476295,-2.140634418869049,-0.6649990924678856,-2.4024025521059538,283.101,451.287,274.498,0.001841,0.002641,,2,Adenosine A3 Antagonist,ADORA3
131,NCGC00483929-01,KI-696,-1.7330174969868855,-1.4186347895817186,-2.2223795854022774,-1.5580381159766605,341.092,295.007,347.59,,,,0,NRF2:KEAP1 Inhibitor,KEAP1
132,NCGC00345083-01,Stauprimide,-1.7294622013046217,-1.1568942055857958,-2.3161034370534677,-1.7153889612746014,362.115,285.602,333.969,0.001411,,0.001198,2,lineage-specific differentiation enhancer,
133,NCGC00510496-01,VLX-1570,-1.7278144754865814,-1.7041428080469467,-1.749933643570139,-1.7293669748426583,318.16,342.416,332.759,,,,0,Ubiquitin C-terminal Hydrolase L5 (UCH-L5) Inhibitor,UCHL5
134,NCGC00345823-02,"Akt-I-1,2",-1.7234410752401168,-1.483326036047152,-2.2031465143032025,-1.4838506753699958,335.896,296.937,354.012,0.00452,,,1,AKT Inhibitor,AKT1
135,NCGC00499427-02,GSK-481,-1.7233291912824482,-1.1649494858904792,-1.9193241837473771,-2.0857139042094883,361.468,325.418,301.912,0.001248,,,1,RIP1 kinase Inhibitor,RIPK1
136,NCGC00371001-05,PFI-3,-1.7232462801314583,-1.8510551845465846,-1.6217895703768748,-1.6968940854709156,306.36,355.275,335.57,,0.001333,0.035867,2,SMARCA2 Inhibitor,SMARCA2
137,NCGC00242498-14,D-4476,-1.720917767158838,-1.1991501891315393,-1.5177416453274248,-2.44586146701755,358.721,365.716,270.736,0.028522,,0.137972,2,Casein Kinase 1 Inhibitor,CSNK1A1
138,NCGC00017323-11,Tetracycline hydrochloride,-1.7088926089822807,-1.19019849432618,-2.340608163391615,-1.5958711692290468,359.44,283.143,344.315,,1.481059,0.134691,2,30S Ribosomal Protein Inhibitor,
139,NCGC00346461-02,NVP-AEW541,-1.6781782847220206,-1.3930496257082647,-1.7843638304340261,-1.8571213980237709,343.147,338.961,321.7,0.002196,0.006405,0.128497,3,,IGFR1
140,NCGC00386370-01,VS-5584,-1.6772207673221216,-1.277511756732278,-2.2568994601624817,-1.4972510850716048,352.427,291.543,352.852,,,,0,PI3K/mTOR Inhibitor,PIK3CA
141,NCGC00345851-06,GNE-477,-1.6764313888479632,-2.150569679584872,-1.1468622634133012,-1.7318622235457166,282.303,402.933,332.543,,1.51905,,1,PI3K Inhibitor,PIK3CA
142,NCGC00487085-02,CFI-400945,-1.6745771753648988,-0.8810848940098236,-1.735334447114106,-2.4073121849707673,384.268,343.881,274.073,0.001331,,0.001569,2,Polo-like Kinase-4 (Plk-4) Inhibitor,PLK4
143,NCGC00370832-01,JNJ-28871063 hydrochloride,-1.6734976907670998,-1.6288813405943785,-2.066671432074277,-1.3249402996326436,324.205,310.632,367.768,,1.41138,,1,EGFR Inhibitor,EGFR
144,NCGC00379044-02,Paricalcitol-D6 (ABT-358),-1.672752955755983,-1.3396009111054727,-2.0783507892391038,-1.6003071669233726,347.44,309.46,343.931,0.00131,,0.001346,2,Vitamin D Receptor (VDR) Agonist,VDR
145,NCGC00161327-10,Calcitriol,-1.6703350404028774,-1.7551637333770753,-1.883618435691427,-1.3722229521401297,314.062,329.001,363.675,,,,0,Vitamin D Analog,VDR
146,NCGC00346555-08,Apixaban,-1.6683262678746538,-1.23529312379073,-1.432956687342489,-2.336728992490742,355.818,374.224,280.183,0.023076,,0.133755,2,Coagulation Factor Xa Inhibitor,F10
147,NCGC00024631-03,EBPC,-1.6642486203047373,-1.1275988816956561,-2.203186375590455,-1.6619606036281012,364.468,296.933,338.594,0.034376,1.965802,0.117832,3,Aldose Reductase Inhibitor,AKR1B1
148,NCGC00387215-01,PKI-166,-1.6463205345720395,-1.9291303975151635,-1.2261463637574659,-1.7836848424434892,300.089,394.977,328.057,0.003259,0.001256,,2,EGFR Inhibitor,EGFR
149,NCGC00345539-10,Dacinostat,-1.6439214431130276,-2.018846548791129,-1.725967044609893,-1.1869507359380609,292.883,344.821,379.713,,,,0,HDAC Inhibitor,HDAC1
150,NCGC00347908-01,A-740003,-1.6391495155461961,-1.5729923865175242,-1.1416504001051062,-2.2028057600159583,328.694,403.456,291.776,,,0.136107,1,P2X7 Receptor Antagonist,P2RX7
151,NCGC00262398-01,NCGC00262398,-1.6375688287799048,-1.1567199027662198,-2.111585137485432,-1.6444014460880625,362.129,306.125,340.114,,,,0,USP2 Inhibitor,USP2
152,NCGC00090753-20,Azithromycin,-1.632520425939343,-1.8053255948107227,-1.0620872707501783,-2.0301484122571285,310.033,411.44,306.722,,0.001234,,1,50S Ribosomal Protein Inhibitor,
153,NCGC00167565-02,Carbazochrome sodium sulfonate,-1.6308333713452463,-0.9055370895560345,-2.216031675407401,-1.7709313490723033,382.304,295.644,329.161,0.033972,1.980479,0.029155,3,Hemostatics,
154,NCGC00346499-02,Ostarine,-1.62372800995727,-1.6575417042132057,-0.5096496907251531,-2.703992634933451,321.903,466.876,248.391,0.001517,0.002893,,2,Selective Androgen Receptor Modulators (SARM),AR
155,NCGC00024246-16,Daunorubicin,-1.6185218251683793,-1.8694565822132343,-1.671426838327388,-1.3146820549645153,304.882,350.294,368.656,,,,0,DNA Topoisomerase II Inhibitor,TOP2A
156,NCGC00378878-02,Lucitanib,-1.6137309431779552,-1.2330645377404386,-2.1276392709261622,-1.4804890208672645,355.997,304.514,354.303,0.001292,,0.00117,2,CSF1R (c-FMS) Inhibitor,CSF1R
157,NCGC00247954-03,SSR-504734,-1.6008331370564195,-1.041343886408411,-0.6420389910107517,-3.1191165337500957,371.396,453.591,212.456,,,,0,Glycine Transporter 1 (GlyT-1) Inhibitor,SLC6A9
158,NCGC00347278-03,A-443654,-1.599889262161871,-1.700843504676404,-1.5777528132852627,-1.5210714685239464,318.425,359.694,350.79,,,,0,AKT Inhibitor,AKT1
159,NCGC00387273-01,TA02,-1.596666314344166,-1.4801138840863974,-1.1899423496108656,-2.119942709335235,336.154,398.61,298.949,,,0.024844,1,p38 MAPK Inhibitor,MAPK14
160,NCGC00263160-06,Brivanib,-1.578893007313943,-1.7212120341639814,-1.2380549233239913,-1.777412064453857,316.789,393.782,328.6,0.003486,0.001264,,2,"VEGFR-2,3/FGFR1,2,3 Inhibitor",KDR
161,NCGC00025001-03,Namodenoson,-1.5762202471717903,-1.191070008424059,-2.191995319194465,-1.345595413896847,359.37,298.056,365.98,0.105362,0.278339,,2,Adenosine A3 Agonist,ADORA3
162,NCGC00508824-01,Ralaniten (EPI-001),-1.567188944372054,-0.8894763297522603,-2.165228464804768,-1.6468620385591333,383.594,300.742,339.901,0.001504,,0.003455,2,Androgen Receptor Antagonist,AR
163,NCGC00015833-18,Pyrazinamide,-1.5602550296902113,-1.3546532045959865,-2.166643540502213,-1.1594683439724345,346.231,300.6,382.092,,,,0,Fatty Acid Synthase (FAS) Inhibitor,FAS
164,NCGC00387879-02,Afuresertib (GSK2110183),-1.5597084774240708,-1.869767837248191,-1.105197252913182,-1.7041603421108398,304.857,407.114,334.941,0.004166,0.001236,,2,AKT Inhibitor,AKT1
165,NCGC00346944-02,Y-39983,-1.558335960827182,-1.3252707292960588,-2.203854052151925,-1.1458831010335624,348.591,296.866,383.268,0.001312,,0.001273,2,ROCK Inhibitor,ROCK1
166,NCGC00379062-01,Episilvestrol,-1.5573532755241322,-1.0009429828710106,-2.3535929777139435,-1.3175238659874424,374.641,281.84,368.41,0.012105,1.154683,3.831744,3,,
167,NCGC00389510-02,"Tipifarnib,Freebase",-1.5508656903033737,-1.4780098000500894,-2.192374001423359,-0.9822132694366732,336.323,298.018,397.436,,,,0,Farnesyltransferase Inhibitor,
168,NCGC00371443-05,KDM5-C70,-1.5499376299484415,-1.454852425449299,-1.788658884135426,-1.4063015802605998,338.183,338.53,360.725,0.00136,4.13951,0.001301,3,KDM5A/KDM5B Inhibitor,KDM5A
169,NCGC00508876-01,CCT-244747,-1.5457739030711484,-1.7778106497205366,-1.1876503255938777,-1.6718607338990308,312.243,398.84,337.737,,46.1,0.001181,2,Chk1 Inhibitor,CHEK1
170,NCGC00263119-07,Ruboxistaurin mesylate,-1.5441656194636575,-2.027287785339159,-1.2873733009764883,-1.3178357720753253,292.205,388.833,368.383,,,,0,PKC Inhibitor,PRKCB
171,NCGC00242499-02,Pim 1 Inhibitor 2,-1.5299359890229178,-1.3839236280833296,-1.7222300489300209,-1.4836542900554033,343.88,345.196,354.029,,,0.477277,1,Pim-1 Kinase Inhibitor,PIM1
172,NCGC00346550-03,Lumacaftor,-1.529113402132719,-1.1556118348417734,-1.9677357171148924,-1.4639926544414912,362.218,320.56,355.731,0.035118,1.522754,0.14759,3,CFTR Channel Modulator,CFTR
173,NCGC00510528-01,MT-DADMe-ImmA,-1.5251992973974788,-1.1320311533934417,-1.0084140474654029,-2.4351526913335917,364.112,416.826,271.663,,,0.013619,1,Inhibitor of MTAP,
174,NCGC00346830-03,NSC-48006,-1.5223065655772166,-1.506184605814384,-2.2873833795884244,-0.7733517113288412,334.06,288.484,415.516,,2.138618,,1,DNA Methyltransferase (DNMT) Inhibitor,DNMT1
175,NCGC00386425-01,Defactinib,-1.5172603087850633,-1.2526487045399246,-1.8088585914503608,-1.4902736303649045,354.424,336.503,353.456,,,,0,Focal Adhesion Kinase (FAK) Inhibitor,PTK2
176,NCGC00161398-06,GW-441756,-1.5169811413585472,-1.3149246119340925,-1.970964481382302,-1.2650543307592474,349.422,320.236,372.952,,,,0,Trk A Inhibitor,NTRK1
177,NCGC00507938-02,EED-226,-1.5165149979871757,-1.2147627416849756,-1.0404724877377987,-2.294309764538753,357.467,413.609,283.855,,0.006264,0.011867,2,Polycomb protein EED (PRC2/EED-EZH2 non-catalytic subunit) Inhibitor,
178,NCGC00094082-08,2-Methoxyestradiol (2-MeOE2),-1.50553769912423,-1.1143394172064938,-2.2542187885947866,-1.1480548915714093,365.533,291.812,383.08,0.007844,0.271149,,2,Hypoxia Inducible Factor 1-alpha Inhibitor,
179,NCGC00346678-15,Ganetespib (STA-9090),-1.4981034129720312,-1.6518146115699996,-2.0791480149841433,-0.7633476123619507,322.363,309.38,416.382,,,0.377046,1,Heat Shock Protein 90 (hsp90) Inhibitor,HSP90AB1
180,NCGC00025172-03,Roquinimex,-1.495088643818991,-1.386625321786755,-1.1821992945621709,-1.916441315108047,343.663,399.387,316.565,,,,0,Immunostimulant,
181,NCGC00180796-04,Withaferin A,-1.4947859914733628,-2.301453670330559,-1.243306647919438,-0.9395976561700916,270.184,393.255,401.125,,,,0,NF-kappaB (NFKB) Activation Inhibitor,NFKB1
182,NCGC00345782-02,GMX-1778,-1.4943293486680724,-2.319108055913312,-1.5011394191869802,-0.662740570903925,268.766,367.382,425.091,,,0.389948,1,IKK beta Inhibitor,IKBKB
183,NCGC00182868-16,Daporinad,-1.4943052181447056,-1.9362394625135786,-1.6258853176420145,-0.9207908742785237,299.518,354.864,402.753,,,0.042819,1,NAMPT Inhibitor,NAMPT
184,NCGC00025225-03,SCH-79797,-1.4913637465394411,-1.590497369683498,-1.1827374219400721,-1.7008564479947534,327.288,399.333,335.227,,,,0,PAR1 Antagonist,PAR1
185,NCGC00356145-10,CB-839,-1.490056130229842,-1.7554251876064393,-1.4538938284715852,-1.2608493746115015,314.041,372.123,373.316,0.004405,0.001285,0.003627,3,Glutaminase Inhibitor,GLS
186,NCGC00389590-05,THZ1,-1.4852359874897894,-1.1510301607272087,-2.4218355014893125,-0.8828423002528472,362.586,274.992,406.038,,,,0,CDK 7 Inhibitor,CDK7
187,NCGC00345811-02,LLL-12,-1.4707514839398488,-1.7403977945187221,-1.375426884516086,-1.2964297727847383,315.248,379.997,370.236,,,,0,STAT-3 Inhibitor,STAT3
188,NCGC00351609-09,STF-118804,-1.4704275528171509,-2.058512890446031,-1.15614994334301,-1.1966198246624118,289.697,402.001,378.876,,,46.1,1,"Solute Carrier Family 2, Facilitated Glucose Transporter Member 1 (GLUT-1; SLC2A1) Inhibitor",SLC2A1
189,NCGC00483923-01,AMG-337,-1.467665220162184,-0.7550390550536934,-1.7924756023898019,-1.8554810030430569,394.392,338.147,321.842,0.032199,,,1,HGFR Inhibitor,MET
190,NCGC00346642-04,PHA-665752,-1.4659489307898836,-1.5059605021892155,-1.663833263105888,-1.2280530270745473,334.078,351.056,376.155,,,0.428115,1,HGFR Inhibitor,MET
191,NCGC00159483-06,Hydroxychloroquine sulfate,-1.4638864700305125,-0.6835624488262002,-2.3833992552566023,-1.324697706008735,400.133,278.849,367.789,0.001052,0.123212,,2,Autophagy Inhibitor,MAP1LC3A
192,NCGC00481611-02,ACTB-1003,-1.460767439763737,-1.4062468391904357,-1.597952520600198,-1.3781029595005772,342.087,357.667,363.166,,,,0,FGFR Inhibitor,FGFR1
193,NCGC00351596-02,AZD-3463,-1.4570912634773143,-0.8657711462899459,-1.6032241758392707,-1.902278468302726,385.498,357.138,317.791,,,,0,ALK Inhibitor,ALK
194,NCGC00181771-06,Ibutilide fumarate,-1.450688778456988,-0.7155345660169687,-1.2057573153280838,-2.4307744540259115,397.565,397.023,272.042,,0.007248,0.010844,2,K(ATP) Channel Blocker,
195,NCGC00250381-02,AZ-23,-1.4497082962104788,-1.618037215176481,-1.2400978142956545,-1.490989859159301,325.076,393.577,353.394,,4.358299,,1,Trk Inhibitor,NTRK1
196,NCGC00378780-02,MRT-67307,-1.4487887965178134,-0.6567945158199099,-0.6608734492373065,-3.0286984244962243,402.283,451.701,220.283,,,,0,ULK1 Inhibitor,ULK1
197,NCGC00509999-02,Seletalisib,-1.4472611243510995,-1.529329530213776,-1.4903669063071356,-1.3220869365323873,332.201,368.463,368.015,,,,0,PI3K delta Inhibitor,PIK3CG
198,NCGC00532294-01,Martinostat,-1.4442892066219504,-1.8872105694071735,-1.093049525623144,-1.3526075248355338,303.456,408.333,365.373,,,,0,HDAC Inhibitor,HDAC1
199,NCGC00271596-15,Exemestane,-1.4438062991268075,-1.6865133228669902,-1.2053686677773772,-1.4395369067360553,319.576,397.062,357.848,,0.00126,0.001673,2,Aromatase Inhibitor,CYP19A1
200,NCGC00183039-03,Nystatin,-1.443117217854575,-0.9945684797550941,-0.9156070054210085,-2.4191761683876223,375.153,426.139,273.046,0.00235,,0.014124,2,Antifungal Agent,
201,NCGC00510701-01,CCT251236,-1.4385521531549152,-1.8933485186965227,-1.4431213155917408,-0.9791866251764823,302.963,373.204,397.698,,,,0,Heat Shock Factor Protein 1 (HSF1) Inhibitor,HSF1
202,NCGC00025000-22,Ketoconazole,-1.4219731648294092,-1.3545162523806051,-1.2891471282592015,-1.622256113848421,346.242,388.655,342.031,0.007801,0.003735,,2,Aromatase Inhibitor,CYP19A1
203,NCGC00015462-22,Glipizide,-1.418226097492364,-1.2508807759413696,-1.1407036945328723,-1.86309382200285,354.566,403.551,321.183,,,0.134337,1,K(ATP) Channel Blocker,
204,NCGC00346670-03,AMG-458,-1.414380137963652,-1.2569191236195323,-1.6787015232508717,-1.307519767020552,354.081,349.564,369.276,,,,0,HGFR Inhibitor,MET
205,NCGC00247877-09,CNF-2024,-1.4117447088155717,-1.17605506553774,-1.390344971270135,-1.6688340896388398,360.576,378.5,337.999,,,0.001326,1,Heat Shock Protein 90 (hsp90) Inhibitor,HSP90AB1
206,NCGC00263205-02,Motesanib,-1.4064798898971076,-0.9462118975241969,-2.004049349801435,-1.2691784223656906,379.037,316.916,372.595,,,,0,"VEGFR-1,2,3 Inhibitor",FLT1
207,NCGC00475744-02,AZD-3147,-1.4013257511978854,-1.6184356216212261,-1.2367693968101152,-1.3487722351623148,325.044,393.911,365.705,,7.064289,,1,mTORC1/2 Inhibitor,MTOR
208,NCGC00483926-01,Sitravatinib,-1.399425224490777,-1.9029600741759911,-1.0393065450856784,-1.2560090542106614,302.191,413.726,373.735,,,,0,VEGFR-1/2/3 Inhibitor,FLT1
209,NCGC00263182-04,Mocetinostat,-1.398358848665383,-1.8176139435908198,-0.7230570573503767,-1.6544055450549529,309.046,445.461,339.248,,,,0,HDAC Inhibitor,HDAC1
210,NCGC00346527-03,Roxadustat,-1.398103569730274,-0.5771505774751488,-2.1397670675725733,-1.4773930641430995,408.68,303.297,354.571,0.006598,1.298727,0.012522,3,HIF Prolyl Hydroxylase Inhibitor,HIF2A
211,NCGC00263153-07,AR-42,-1.397406481179422,-1.8250467138255895,-1.572461227402564,-0.7947115023101128,308.449,360.225,413.667,,,,0,HDAC Inhibitor,HDAC1
212,NCGC00263180-08,Trametinib,-1.3911771578407488,-1.8636049875560456,-1.4538041405752682,-0.8561223453909328,305.352,372.132,408.351,,46.1,,1,Mek 1/2 Inhibitor,MAP2K1
213,NCGC00485875-01,Fluorocyclopentenylcytosine,-1.3823689192702615,-1.4818942628863505,-1.0599148305949457,-1.6052976643294885,336.011,411.658,343.499,,0.001236,0.001359,2,CDK Inhibitor,CDK1
214,NCGC00263184-06,MK-0752,-1.381484314082302,-1.190210944527578,-0.32173361729756245,-2.632508380421766,359.439,485.733,254.579,0.001231,0.002535,,2,,NOTCH1
215,NCGC00015147-04,Benzamil,-1.380403245006137,-1.6600939954998524,-1.4774618145593115,-1.0036539249592469,321.698,369.758,395.58,,,,0,Epithelial Sodium Channels (ENaC) Blocker,SCNN1D
216,NCGC00386293-01,Rociletinib,-1.3768394761777563,-1.4996980508858828,-1.2364405411902863,-1.3943798364570998,334.581,393.944,361.757,,,,0,EGFR (Thr790Met Mutant) Inhibitor,EGFR
217,NCGC00017363-15,Cycloheximide,-1.373128651316232,-1.373863865353524,-1.8466570570870395,-0.8988650315081327,344.688,332.71,404.651,,,,0,GSK-3 beta Inhibitor,GSK3B
218,NCGC00390634-03,LY-2857785,-1.3716897481067558,-1.5196432735259189,-1.4146902524592744,-1.180735718335074,332.979,376.057,380.251,,,,0,CDK 7/8/9 Inhibitor,CDK9
219,NCGC00250401-11,Flavopiridol,-1.3715002754154488,-1.3572303962854293,-1.2547169413953136,-1.5025534885656033,346.024,392.11,352.393,,,,0,CDK1/2/4/6/7/9 Inhibitor,CDK1
220,NCGC00249612-02,Ixazomib citrate,-1.3612006456349452,-1.903333580217939,-1.3760148385030526,-0.804253518183844,302.161,379.938,412.841,,,,0,Proteasome Inhibitor,PSMD1
221,NCGC00179817-06,Andrographolide,-1.3601569820309007,-1.50909795294158,-1.299271895221201,-1.2721010979299212,333.826,387.639,372.342,,,,0,TNF-alpha Production Inhibitor,
222,NCGC00346681-07,NVP-BGT226,-1.3521735617921449,-0.978482819548524,-1.3218931757366927,-1.756144690091218,376.445,385.369,330.441,,,,0,PI3K Inhibitor,PIK3CA
223,NCGC00346438-02,Retaspimycin Hydrochloride,-1.3511018013123595,-1.4909082086987018,-1.8236670596644668,-0.7387301355739097,335.287,335.017,418.513,,,,0,Heat shock protein HSP90 Inhibitor,
224,NCGC00182052-15,SRT-1720,-1.3487088670876988,-1.0995859285495386,-1.512918429569937,-1.433622243143621,366.718,366.2,358.36,,,,0,Histone Deacetylase/SIRT1 Activator,SIRT1
225,NCGC00162400-09,Staurosporine,-1.347976813355562,-0.8767024231176307,-1.588973765646692,-1.5782542513023632,384.62,358.568,345.84,,,,0,CDK1/2 Inhibitor,CDK1
226,NCGC00346510-06,MGCD-265,-1.343367067853875,-1.633326062493562,-1.5850474288523733,-0.8117277122156894,323.848,358.962,412.194,,,,0,HGFR Inhibitor,MET
227,NCGC00014911-03,Cucurbitacin I,-1.3418736372039246,-1.729068111246292,-1.4077842844428712,-0.8887685159226107,316.158,376.75,405.525,,,,0,STAT-3 Inhibitor,JAK2
228,NCGC00347955-03,SR-1664,-1.3215686930130541,-1.2276860507363845,-1.8117585000979415,-0.9252615282048363,356.429,336.212,402.366,,,,0,PPARgamma Modulator,PPARG
229,NCGC00162142-06,SD-169,-1.3204317046384701,-1.373515259714372,-1.5758892981062338,-1.0118905560948044,344.716,359.881,394.867,,,,0,p38 MAPK Inhibitor,MAPK14
230,NCGC00345852-03,BS-194,-1.314417532770695,-1.027623764467513,-1.910704180379139,-1.0049246534654335,372.498,326.283,395.47,,,,0,CDK1/2/5/9 Inhibitor,CDK1
231,NCGC00025072-08,PD-128907,-1.3142252398081549,-0.5704150185186823,-1.839741123748823,-1.532519577156959,409.221,333.404,349.799,1.434329,1.874938,0.133616,3,Dopamine D2/D3 Agonist,DRD2
232,NCGC00346497-03,WZ-8040,-1.3139071416135675,-1.4039684523345515,-1.2922563086648546,-1.2454966638412963,342.27,388.343,374.645,,,,0,EGFR Inhibitor,EGFR
233,NCGC00025012-06,AM-630,-1.313277137076688,-1.7242249829023633,-1.1741772105027122,-1.0414292178249884,316.547,400.192,392.31,,,,0,cannabinoid CB2 Antagonist,CNR2
234,NCGC00371151-06,Balicatib,-1.3073254400771346,-0.9968468666109783,-0.8068155871885749,-2.1183138664318504,374.97,437.056,299.09,0.002254,0.210468,,2,Cruzipain (Trypanosoma cruzi) Inhibitor,
235,NCGC00507863-01,RSL3,-1.30139720040212,-0.872544055850607,-1.5762380843696882,-1.4554094609860644,384.954,359.846,356.474,,,,0,GPX4 Inhibitor,GPX4
236,NCGC00179532-03,Lactobionic acid,-1.291693179901226,-1.4127707447231315,-0.434909777127713,-2.027399017852833,341.563,474.376,306.96,0.001442,0.002041,,2,Matrix Metalloproteinase (MMP) Inhibitor,MMP1
237,NCGC00250400-05,Crizotinib,-1.2895073916809303,-1.2715730106653014,-1.104619264248028,-1.4923299001294617,352.904,407.172,353.278,,,,0,HGFR Inhibitor,MET
238,NCGC00249611-05,Ixazomib,-1.2884868103793377,-1.5661821263526685,-1.441307627021776,-0.8579706777635688,329.241,373.386,408.191,,,0.233519,1,Proteasome Inhibitor,PSMD1
239,NCGC00346548-07,KRN-633,-1.2793608806646584,-1.5347329176206272,-1.350224585651029,-0.9531251387223189,331.767,382.526,399.954,,,,0,VEGFR-2 Inhibitor,FLT1
240,NCGC00510708-01,NCGC00510708,-1.2774089433527054,-1.423975925981578,-1.2394600336996229,-1.1687908703769152,340.663,393.641,381.285,0.001957,0.001982,0.002645,3,Sphingosine Kinase 1 (SphK1) Inhibitor,SPHK1
241,NCGC00484062-02,Solcitinib,-1.2681263929125441,-1.3644141624922335,-1.264104274543152,-1.175860741702247,345.447,391.168,380.673,,0.001137,,1,Jak1 Inhibitor,JAK1
242,NCGC00015049-24,Apigenin,-1.265702837419765,-0.9604051271182296,-1.7616229660567786,-1.0750804190842869,377.897,341.243,389.397,,,,0,NMDA Receptor Antagonist,CYP2C9
243,NCGC00159330-04,Doxofylline,-1.2634851462103718,-2.0056991361145506,-1.4274757603453434,-0.3572805421712213,293.939,374.774,451.533,0.004789,,,1,Adenosine A1 Antagonist,ADORA2
244,NCGC00346487-03,Quisinostat,-1.2586153846379509,-1.6188838288715641,-1.7046312906082774,-0.4523310344340111,325.008,346.962,443.305,,,46.1,1,HDAC Inhibitor,HDAC1
245,NCGC00356746-04,GNE-618,-1.2562097557509606,-1.3435476249487257,-1.5538260756122688,-0.8712555666918874,347.123,362.095,407.041,,0.124128,,1,NAMPT Inhibitor,NAMPT
246,NCGC00262376-01,NCGC00262376,-1.2558028815815718,-1.545402740218948,-1.3788449898979425,-0.8431609146278249,330.91,379.654,409.473,0.04174,,,1,Flt3/IRAK Inhibitor,FLT3
247,NCGC00016092-09,WAY-100635,-1.2514648907163122,-1.29481753667588,-1.2537503051794536,-1.2058268302936028,351.037,392.207,378.079,,0.001826,,1,5-HT1A Receptor Antagonist,HTR1A
248,NCGC00093644-09,Amsacrine,-1.251083944555896,-1.9458261175902496,-1.0826158336849419,-0.7248098823924968,298.748,409.38,419.718,,,,0,DNA Topoisomerase II Inhibitor,TOP2A
249,NCGC00163468-12,Mitomycin C,-1.2491215349360139,-0.9628702669950876,-1.6867833992412087,-1.097710938571745,377.699,348.753,387.438,0.001202,,0.001271,2,DNA Alkylating Agent,
250,NCGC00242056-04,IKK-3 Inhibitor IX,-1.2345195430608293,-1.2956392499681657,-1.183066277559901,-1.2248531016544213,350.971,399.3,376.432,,,,0,IKK-epsilon Inhibitor,IKBKE
251,NCGC00015466-09,Gabapentin,-1.2344095634844479,-1.7451413212514644,-1.1428362734008526,-0.8152510958010263,314.867,403.337,411.889,0.003414,,,1,Calcium Channels (Voltage-Gated) alpha2/delta-1 Subunit Ligands,
252,NCGC00387792-03,PX-866,-1.2307503186175464,-1.430138775673724,-1.3235773151230887,-0.9385348650558263,340.168,385.2,401.217,,,,0,,
253,NCGC00347904-03,AZ-11645373,-1.2297350103099522,-1.8150118514985805,-0.8804393847429597,-0.9937537946883168,309.255,429.668,396.437,,0.001093,,1,P2X7 Receptor Antagonist,P2RX7
254,NCGC00347952-11,NSC-319726,-1.2268348987335467,-2.0312095987796153,-0.6461148076322654,-1.0031802897887592,291.89,453.182,395.621,,,,0,Mutant p53 Activator,
255,NCGC00017254-05,Cyanein,-1.2260130079136262,-0.8142771133066827,-1.2900938338314354,-1.5736680766027604,389.634,388.56,346.237,,,,0,Golgi-Specific Brefeldin A-Resistance Guanine Nucleotide Exchange Factor 1 (GBF1) Inhibitor,GBF1
256,NCGC00183808-01,ML324,-1.225754021058599,-0.9803378995568669,-1.2837259931929335,-1.413198170425997,376.296,389.199,360.128,,,,0,JMJ Inhibitor,JARID2
257,NCGC00189220-12,UNC-0638,-1.2180484432817287,-1.0766526575739175,-1.6694437392866024,-0.9080489329846665,368.56,350.493,403.856,,,,0,EHMT2 Inhibitor,EHMT2
258,NCGC00250375-10,Linsitinib,-1.2120928014858505,-1.3078902481440675,-1.0634724504821842,-1.2649157058312999,349.987,411.301,372.964,,,,0,IGF-1R Inhibitor,IGFR1
259,NCGC00346675-02,AT-406,-1.2091277368358608,-1.4515655722801544,-1.4508344746749966,-0.7249831635524319,338.447,372.43,419.703,,,,0,IAP Inhibitor,XIAP
260,NCGC00263167-10,SNS-032,-1.2081269528917835,-0.863841365073213,-1.6553428089212185,-1.1051966846809191,385.653,351.908,386.79,,,,0,CDK 2/7/9 Inhibitor,CDK2
261,NCGC00346584-02,Asiatic acid,-1.2037025455428216,-1.0436222732642952,-1.0806426999659695,-1.4868426633982,371.213,409.578,353.753,,46.1,46.1,2,Nitric Oxide Production Inhibitor,
262,NCGC00510078-03,SR-3029,-1.1957266784710112,-1.099025669486617,-1.4658322840035496,-1.022322081922867,366.763,370.925,393.964,,,,0,CDK6 Inhibitor,CDK6
263,NCGC00346951-01,Fascaplysin,-1.1902922754984453,-0.9525988508415114,-1.3632392959387964,-1.2550386797150277,378.524,381.22,373.819,,,,0,CDK4/6 Inhibitor,CDK4
264,NCGC00346935-09,CX-6258,-1.189954651833939,-0.7799145574474455,-1.3817648291891491,-1.4081845688652226,392.394,379.361,360.562,,,,0,Pim 1/2/3 Kinase Inhibitor,PIM1
265,NCGC00188399-16,Fingolimod hydrochloride,-1.1889759203359023,-1.2198673242582676,-1.3317389136879294,-1.0153215230615096,357.057,384.381,394.57,,,,0,Sphingosine Kinase 1 (SphK1) Inhibitor,SPHK1
266,NCGC00346743-03,Givinostat hydrochloride,-1.1848908445415065,-1.1251835426243912,-1.2726545206586994,-1.1568344703414286,364.662,390.31,382.32,,,,0,HDAC Inhibitor,HDAC1
267,NCGC00408801-01,XL-888,-1.1807637924702605,-1.5575914873878594,-1.1280577011521853,-0.8566421888707368,329.931,404.82,408.306,,,,0,Heat Shock Protein 90 (Hsp90) Inhibitor,HSP90AB1
268,NCGC00510505-01,WT-161,-1.1804292236824132,-0.9171033266550311,-1.4680545507678469,-1.1561297936243615,381.375,370.702,382.381,,,,0,HDAC Inhibitor,HDAC1
269,NCGC00263171-03,Serdemetan,-1.1783920484271888,-1.1431118326379064,-1.437899486961733,-0.9541648256819268,363.222,373.728,399.864,,,,0,MDM2 (hdm2) Inhibitor,MDM2
270,NCGC00347067-04,KUC111774N,-1.1768340383137357,-2.057255420104805,-0.5516933834541664,-0.9215533113822356,289.798,462.657,402.687,,,,0,microphthalmia-associated transcription factor (MITF) Inhibitor,MITF
271,NCGC00346672-02,ARRY-380,-1.1761624838143532,-0.8644140743375336,-1.6201951188867958,-1.0438782582187305,385.607,355.435,392.098,,,46.1,1,HER2 Inhibitor,ERBB2
272,NCGC00244256-04,Lestaurtinib,-1.1735868734095953,-0.9377582107747683,-1.7110190618904049,-0.8719833475636126,379.716,346.321,406.978,,,,0,Jak/Tyk/Flt Inhibitor,JAK1
273,NCGC00510442-01,Abametapir,-1.1707848841282813,-0.6231914222459671,-1.7554444665327236,-1.1337187636061532,404.982,341.863,384.321,0.00792,,,1,MMP-9 (Gelatinase B) Inhibitor,MMP
274,NCGC00263021-04,MLN-120B,-1.170283806807765,-1.0518394061871565,-1.4358466306682565,-1.023165383567882,370.553,373.934,393.891,,,,0,IKK beta Inhibitor,IKBKB
275,NCGC00163470-28,FK-506,-1.167765678864161,-0.902075933567314,-1.2740397003907054,-1.327181402634464,382.582,390.171,367.574,0.001352,,0.004507,2,mTOR Inhibitor,MTOR
276,NCGC00386747-06,TIC-10,-1.1627975633512269,-1.7697553694158532,-0.6261941293280947,-1.092443191309733,312.89,455.181,387.894,,0.005243,0.005374,2,ERK Inhibitor,TNFSF10
277,NCGC00387826-01,Deltarasin,-1.162410895668666,-0.8436969392108051,-1.2677316516830817,-1.3758040961121114,387.271,390.804,363.365,,,,0,Prenyl-Binding Protein (PrBP)/delta Inhibitor,
278,NCGC00016916-15,Norfloxacin,-1.1577546563590464,-1.23521842258234,-1.2067937087966354,-1.0312518376981636,355.824,396.919,393.191,,,,0,DNA Topoisomerase IV Inhibitor,TOP2B
279,NCGC00386260-02,PD-168393,-1.1525027668741146,-1.182989827716579,-1.4249346032830303,-0.8495838696227345,360.019,375.029,408.917,,,,0,EGFR Inhibitor,EGFR
280,NCGC00346650-02,CH-5132799,-1.1524798373388807,-0.6518642360661937,-1.721472684472234,-1.0841025914782147,402.679,345.272,388.616,,,,0,"PI3Kalpha, beta, gamma Inhibitor",PIK3CA
281,NCGC00161602-13,Doxycycline,-1.150064287772763,-0.6098572565484156,-1.925701989707692,-0.9146336170621809,406.053,324.778,403.286,,,,0,Matrix Metalloproteinase (MMP) Inhibitor,MMP1
282,NCGC00161327-11,Calcitriol,-1.1424395640683156,-0.5866874317462272,-1.0175422822461035,-1.823088978212616,407.914,415.91,324.646,0.001301,,,1,Vitamin D Analog,VDR
283,NCGC00345792-02,AN-2728,-1.141500852642993,-0.893547545609496,-1.6061440151304769,-0.9248109971890065,383.267,356.845,402.405,,2.076893,,1,Phosphodiesterase IIII (PDE4) Inhibitor,PDE4A
284,NCGC00345783-02,17-hydroxy Wortmannin,-1.1406486543674803,-1.7934107520725742,-1.2420510173710013,-0.3864841936588652,310.99,393.381,449.005,,,,0,PI3K Inhibitor,PIK3CA
285,NCGC00351600-04,BMN-673,-1.1329118438176484,-0.6257935143382065,-1.9939644441266875,-0.7789775729880513,404.773,317.928,415.029,,2.556236,,1,PARP Inhibitor,PARP1
286,NCGC00182058-03,Doxercalciferol,-1.1272797827467211,-0.9208259368731149,-1.1811031091627417,-1.2799103022043068,381.076,399.497,371.666,,,,0,Vitamin D Analog,VDR
287,NCGC00018153-13,Dienestrol,-1.1218288005468664,-0.3182735398008291,-1.7017214166388834,-1.3454914452008866,429.473,347.254,365.989,0.010646,1.942089,,2,Estrogen Receptor (ER) Agonist,ESR1
288,NCGC00016360-07,Monobenzone,-1.1208468019953055,-0.9620236533000052,-1.64178997125555,-0.7587267814303618,377.767,353.268,416.782,,,,0,topical medical depigmentation treatment,
289,NCGC00507888-01,NCB-1026,-1.118522365485684,-0.6447427208663807,-1.8603394439362775,-0.850484931654394,403.251,331.337,408.839,,,,0,TRAF2 and NCK-Interacting Protein Kinase (TNIK) Inhibitor;Wnt Signaling Inhibitor,TNIK
290,NCGC00346806-06,Endoxifen,-1.1152794216665087,-0.7707885598225103,-1.1478388649509748,-1.427210840226041,393.127,402.835,358.915,,,,0,PKC Inhibitor,PRKCA
291,NCGC00164296-05,3-indolebutyric acid,-1.1150109299884698,-0.5157835347830545,-1.8737328364529389,-0.9555164187294162,413.609,329.993,399.747,0.894071,1.95941,,2,plant hormone,
292,NCGC00386261-01,XL-888,-1.1139285063950481,-1.3617996201985962,-0.8158043074638935,-1.164181591522655,345.657,436.154,381.684,,,,0,Heat Shock Protein 90 (Hsp90) Inhibitor,HSP90AB1
293,NCGC00386313-08,Berzosertib,-1.1130055381968407,-1.5059107013836222,-1.0352406937859775,-0.797865219420922,334.082,414.134,413.394,1.912104,0.001406,,2,ATR Kinase Inhibitor,ATR
294,NCGC00346619-03,PP-121,-1.1115852837285343,-0.7459877586371475,-1.7929937991240772,-0.7957742934243781,395.119,338.095,413.575,,,,0,PDGFR Inhibitor,PDGFRA
295,NCGC00263117-22,Panobinostat,-1.1113703427001576,-0.9564210626707819,-1.149532969659183,-1.2281569957705076,378.217,402.665,376.146,,,,0,HDAC Inhibitor,HDAC1
296,NCGC00263222-02,CAY-10581,-1.110415658022978,-0.9214608971444275,-1.4918716699008976,-0.9179144070236092,381.025,368.312,403.002,,,,0,IDO Inhibitor,IDO1
297,NCGC00390643-01,Prexasertib,-1.1087315088336986,-1.340522226008945,-0.9342620878549297,-1.051410212637221,347.366,424.267,391.446,,0.001222,0.003549,2,Chk1 Inhibitor,CHEK1
298,NCGC00185994-09,10058-F4,-1.1055810270918092,-0.7295161421872307,-1.566302658522135,-1.0209242805660617,396.442,360.843,394.085,3.931236,,,1,MYC Expression Inhibitor,MYC
299,NCGC00250408-02,GSK-2126458,-1.1045552718636804,-1.1562343449116874,-0.7716579318323389,-1.385773538847015,362.168,440.584,362.502,,,,0,PI3Kalpha/beta/delta/gamma Inhibitor,PIK3CA
300,NCGC00386401-01,Ravoxertinib,-1.1035565668353164,-0.8939086014500459,-1.5259132092140784,-0.8908478898418253,383.238,364.896,405.345,,,,0,ERK1 Inhibitor,ERK
301,NCGC00263564-04,Levosimendan,-1.102325529566175,-1.0015530427395265,-0.9290302939031091,-1.3763932520558888,374.592,424.792,363.314,,,,0,K(ATP) Channel Activator,
302,NCGC00094087-08,Mizoribine,-1.0987468132529,-0.5750215930360438,-1.7789526606895716,-0.9422661860330843,408.851,339.504,400.894,0.001114,2.386016,,2,Inosine 5'-Monophosphate Dehydrogenase (IMPDH) Inhibitor,IMPDH1
303,NCGC00378593-02,AZD9668,-1.0974587611079787,-0.9349942660643515,0.012732478711888973,-2.3701144959714737,379.938,519.296,277.293,,0.00616,,1,Leukocyte elastase Inhibitor,
304,NCGC00378623-01,Dolastatin 10,-1.096511891114605,-0.13927699429783805,-1.5468902116304266,-1.6033684674155502,443.85,362.791,343.666,38.692665,,,1,Tubulin polymerization Inhibitor,TUBB
305,NCGC00021569-20,Enalapril maleate,-1.09608148566788,-1.9347703387485815,-0.5974043146103606,-0.7560698036446978,299.636,458.07,417.012,,,,0,Angiotensin-I Converting Enzyme Inhibitor,ACE
306,NCGC00378564-01,Ro-28-1675,-1.0937801309214932,-0.9501586113674493,-1.3028295151084395,-1.0283522662885909,378.72,387.282,393.442,,,,0,Glucokinase Activator,GCK
307,NCGC00346723-07,PHA-767491A,-1.0864262705540855,-1.4589111911051358,-1.1152622279443036,-0.6851053926128171,337.857,406.104,423.155,,,,0,CDC 7 Inhibitor,CDC7
308,NCGC00522455-01,SJG-136,-1.0858613478800783,-1.6790307518266272,-1.1378436471725433,-0.4407096446410646,320.177,403.838,444.311,,,,0,DNA-Intercalating Drugs,
309,NCGC00346493-03,AT-9283,-1.08248904041662,-0.39595034632466347,-1.3183156252058288,-1.5332011497193683,423.234,385.728,349.74,,,,0,Aurora-A/B Inhibitor,AURKA
310,NCGC00164594-08,Loteprednol etabonate,-1.0822004232192715,-1.13420993863814,-1.1070508027703982,-1.0053405282492764,363.937,406.928,395.434,,0.001114,,1,Corticosteroid,
311,NCGC00505019-01,LMP-744,-1.0765305713094235,-1.138928564968086,-1.2190610199484284,-0.8716021290117564,363.558,395.688,407.011,,,,0,DNA Topoisomerase I Inhibitor,TOP1
312,NCGC00344630-02,Marizomib,-1.075411116897601,-1.8682115620734066,-0.8046331817115298,-0.5533886069078666,304.982,437.275,434.557,,,,0,Proteasome Inhibitor,PSMD1
313,NCGC00372530-03,NCGC00372530,-1.069708927519953,-1.0205769504760893,-1.2973784840767326,-0.8911713480070368,373.064,387.829,405.317,,,,0,LDHA Inhibitor,LDHA
314,NCGC00480771-01,ONO-4059 analog,-1.0661427960691874,-1.2857164394537415,-1.077533519560316,-0.8351784291935049,351.768,409.89,410.164,,46.1,,1,BTK Inhibitor,BTK
315,NCGC00181000-08,Suplatast tosylate,-1.0537795207471827,-1.0961870235678102,-1.2390414901834774,-0.8261100484902608,366.991,393.683,410.949,,,0.004098,1,Mediator Release Inhibitor,
316,NCGC00346878-04,SU-5402,-1.0484474171718023,-0.3329149766451997,-1.6425274050697107,-1.1698998698004968,428.297,353.194,381.189,0.014795,,,1,FGFR 1/3 Inhibitor,FGFR1
317,NCGC00015067-22,Aspirin,-1.0475754842784202,-1.2248972056231704,-0.9915626882796337,-0.9262665589324568,356.653,418.517,402.279,,0.001102,,1,HMG-CoA Reductase Inhibitor,HMGCR
318,NCGC00510498-01,Adomeglivant,-1.047096187841969,-0.9124594015334749,-1.0885950267727371,-1.1402341352196943,381.748,408.78,383.757,,,,0,Glucagon Receptor (GCGR) Antagonist,
319,NCGC00346962-03,HMSL10077,-1.0430989619744038,-1.3222204299534814,-0.8464078107515918,-0.9606686452181384,348.836,433.083,399.301,,,,0,BTK Inhibitor,BTK
320,NCGC00390645-03,CPI-360,-1.0377446531804295,-1.2203155315086056,-1.2737407407363153,-0.6191776872963677,357.021,390.201,428.862,,,,0,EZH2 Inhibitor,EZH2
321,NCGC00015389-07,Propofol,-1.0375379179879511,-1.1570311578011772,-1.1793890738109074,-0.776193522351769,362.104,399.669,415.27,,,,0,TRPV1 (Vanilloid VR1 Receptor) Agonist,TRPV1
322,NCGC00346626-05,CHIR-124,-1.02303142744417,-0.636562938547714,-1.5272087010497672,-0.9053226427350289,403.908,364.766,404.092,,,1.246906,1,Chk1 Inhibitor,CHEK1
323,NCGC00378978-02,XL-228,-1.021056500925745,-0.32265601069302213,-1.9193939410000682,-0.821119551084145,429.121,325.411,411.381,,,,0,IGF-1R Inhibitor,IGFR1
324,NCGC00091112-15,Methylrosaniline chloride,-1.0050379510541467,-1.8530347665689102,-0.4457022206511831,-0.7163768659423468,306.201,473.293,420.448,,,,0,TNFR1 (p55/CD120a) Modulator,TNFR1
325,NCGC00384199-05,4SC-202,-1.0049770875396915,-0.9715854079738796,-0.5357787645188178,-1.5075670901263771,376.999,464.254,351.959,,,,0,HDAC Inhibitor,HDAC1
326,NCGC00242477-02,AC-261066,-1.0037954555430284,-1.0974071433048411,-0.9532759218741186,-0.9607033014501252,366.893,422.359,399.298,,0.001235,,1,RARbeta2 Agonist,RARB
327,NCGC00482810-01,BMS-202,-1.0010680700183296,-0.8086496222746627,-1.384236228998771,-0.8103183587815552,390.086,379.113,412.316,,,,0,Inhibitor of PD-l/PD-Ll,
328,NCGC00386177-01,Esomeprazole Sodium,-0.9985838824710488,-0.8532088930790869,-1.1987516940935508,-0.9437910602405087,386.507,397.726,400.762,0.00119,,0.00125,2,,
329,NCGC00346807-05,LRRK2-IN-1,-0.9985389865570765,-0.9685226584299043,-0.9429917097631104,-1.0841025914782147,377.245,423.391,388.616,,,,0,LRRK2 Inhibitor,LRRK2
330,NCGC00346654-11,INK-128,-0.9958410112696103,-1.458637286674374,-0.6250879786068526,-0.9037977685276044,337.879,455.292,404.224,,,10.956531,1,mTORC1/2 Inhibitor,MTOR
331,NCGC00346641-07,ADL-5859,-0.9957640896465998,-1.1058981806584638,-0.9773421740524939,-0.9040519142288418,366.211,419.944,404.202,0.002081,0.001218,,2,delta-Opioid Agonist,OPRD1
332,NCGC00346462-07,Sofosbuvir,-0.9948253129090446,-0.8311844868055394,-1.040920927219383,-1.1123705247022118,388.276,413.564,386.169,0.003552,,,1,RNA-Directed RNA Polymerase Inhibitor,
333,NCGC00481577-01,TP-0903,-0.9935965196465713,-0.22159772594322863,-1.395586730543769,-1.363605102452716,437.238,377.974,364.421,,,,0,AXL Kinase Inhibitor,AXL
334,NCGC00347285-06,MI-2,-0.9932600026640824,-0.8980918691198663,-1.024836897813214,-1.056851241059167,382.902,415.178,390.975,,,,0,mucosa associated lymphoid tissue lymphoma translocation 1 (MALT1) Inhibitor,
335,NCGC00161679-02,MG-132,-0.9887109765093404,-1.0079897968624343,-1.0829945159138357,-0.8751486167517513,374.075,409.342,406.704,,,,0,Proteasome Inhibitor,PSMD1
336,NCGC00386436-01,EPZ-015666,-0.9857604854613221,-0.8320933515076139,-1.5041389810526908,-0.6210491238236617,388.203,367.081,428.7,0.001281,,,1,PRMT5 Inhibitor,PRMT5
337,NCGC00015848-05,Tranylcypromine,-0.9853088287711015,-1.4178877774978222,-0.04669073525898319,-1.4913479735564992,341.152,513.333,353.363,0.002612,0.002785,,2,MAO-A/B Inhibitor,MAOA
338,NCGC00263155-04,Belinostat,-0.982391208376847,-1.157940022503251,-0.8875845204828748,-0.9016490821444151,362.031,428.951,404.41,,,,0,HDAC Inhibitor,HDAC1
339,NCGC00263178-03,ENMD-981693,-0.9809256565742523,-0.669170016009795,-1.4828231576947006,-0.7907837960182615,401.289,369.22,414.007,,,,0,Aurora-A Inhibitor,AURKA
340,NCGC00483924-02,Brigatinib,-0.9791790716583181,-0.897780614084909,-1.1955328951479545,-0.8442237057420909,382.927,398.049,409.381,,,,0,IGF-1R Inhibitor,IGFR1
341,NCGC00507881-01,Miransertib,-0.9770146049464341,-1.2630197223046868,-0.8081011137024505,-0.8599229788321651,353.591,436.927,408.022,,,,0,AKT Inhibitor,AKT1
342,NCGC00016855-19,Fenbendazole,-0.9754319405047075,-1.0835998699541545,-1.244392867997054,-0.598303083562914,368.002,393.146,430.669,,,,0,antiparasitic agent,
343,NCGC00389197-01,HSP-990,-0.970375979611832,-0.9490878940471983,-1.0445184083938734,-0.9175216363944242,378.806,413.203,403.036,,,1.881998,1,Heat Shock Protein 90 (Hsp90) Inhibitor,HSP90AB1
344,NCGC00345781-01,NSC-678515,-0.9686047799259667,-1.0554499645926565,-1.0131874366138265,-0.8371769385714173,370.263,416.347,409.991,,0.001975,0.001117,2,DNA-Intercalating Drugs,
345,NCGC00481317-01,CB-5083,-0.9666489285430088,-1.8495113595731991,-0.5097194479778435,-0.5407159780779836,306.484,466.869,435.654,,,,0,p97 ATPase Inhibitor,VCP
346,NCGC00183844-04,Sitafloxacin hydrate,-0.9637408592424134,-0.8101436464424557,-0.9145407159870186,-1.1665382152977657,389.966,426.246,381.48,,,,0,DNA Topoisomerase IV Inhibitor,TOP2B
347,NCGC00186460-03,Bardoxolone methyl,-0.9637366106731302,-0.656595312597538,-1.4203106939618022,-0.8143038254600505,402.299,375.493,411.971,,,,0,NF-kappaB signaling Inhibitor,NFKB1
348,NCGC00185774-06,Erdosteine,-0.9566755046945082,-0.9468095071913141,-1.026431349303293,-0.8967856575889175,378.989,415.018,404.831,0.072157,,,1,Mucolytic Agent,
349,NCGC00159516-02,Meloxicam,-0.9531862460250139,-0.7702656513637831,-1.0896015242758494,-0.999691562435409,393.169,408.679,395.923,,,,0,Cyclooxygenase-1/2 Inhibitor,
350,NCGC00387872-01,VS-4718,-0.952465013532007,-1.1363264728758466,-0.8824822757146229,-0.8385862920055515,363.767,429.463,409.869,,,,0,ERK2 Inhibitor,ERK2
351,NCGC00263017-01,CPG-52364,-0.9522844243757795,-0.7953777075841025,-1.2019107011082693,-0.8595648644349668,391.152,397.409,408.053,,,,0,"TLR 7, 8 and 9 Antagonist",TLR7
352,NCGC00522492-01,PFK-158,-0.9485023539856235,-1.122606350934948,-0.7893563433722128,-0.9335443676497097,364.869,438.808,401.649,,,,0,PFKFB3 Inhibitor,PFKFB3
353,NCGC00475726-01,Atuveciclib,-0.9470108829191143,-0.83738468710188,-1.377978006900212,-0.6256699547552507,387.778,379.741,428.3,,,,0,CDK 9 Inhibitor,CDK9
354,NCGC00387224-01,Ampanel,-0.9448328641746729,-0.7581765058060587,-1.1936992759343636,-0.8826228107835966,394.14,398.233,406.057,,,,0,Kainate Receptor Antagonist,
355,NCGC00015436-14,Fluphenazine hydrochloride,-0.9419111657208136,-0.2864881756310346,-0.1861354833881804,-2.353109838143226,432.026,499.34,278.765,,40.644182,,1,Nicotinic alpha7 Receptor Ligands,DRD2
356,NCGC00162409-08,Bafilomycin A1,-0.9401555231661637,-0.8376461413312438,-1.5222758667523362,-0.460544561414911,387.757,365.261,442.594,0.057532,0.11633,,2,Vacuolar H+ ATPase (V-ATPase) Inhibitor,
357,NCGC00510268-01,BAY-1895344,-0.9351213917797726,-0.8371356830739146,-1.1871022328941632,-0.78112625937124,387.798,398.895,414.843,,,,0,ATR Kinase Inhibitor,ATR
358,NCGC00347958-03,WS-3,-0.9348717718844276,-0.3633557190639812,-1.8085197705087193,-0.6327398260805824,425.852,336.537,427.688,,,,0,beta Cell Proliferation Inducer,
359,NCGC00015026-16,Atropine (sulfate monohydrate),-0.9346935958628491,-0.5849070529462735,-1.2204063383931822,-0.9987673962490914,408.057,395.553,396.003,0.001277,,,1,,CHRM1
360,NCGC00346687-10,BX-912,-0.9320465259239382,-0.8147875715640119,-0.9979604248835745,-0.9833915813242281,389.593,417.875,397.334,,,,0,Phosphoinositide Dependent Kinase Inhibitor,PDPK1
361,NCGC00095055-12,Salinomycin,-0.9303958955158951,-2.036189679338925,-0.45076460413218283,-0.30423340307657754,291.49,472.785,456.125,,,,0,Anticoccidial/Antibacterial,WNT1
362,NCGC00508859-01,NAMPT-IN-1,-0.9284659160156583,-1.510405224088399,-1.2801584079838821,0.005165884025306032,333.721,389.557,482.908,,,2.608294,1,NAMPT Inhibitor,NAMPT
363,NCGC00183095-07,Tigecycline,-0.9282786300210084,-0.9323548233679175,-0.660574489582917,-1.1919065771121906,380.15,451.731,379.284,,,,0,glycylcycline antibiotics,
364,NCGC00346718-02,CP-673451,-0.9260709576100984,-0.5789434064765003,-1.474043709177455,-0.7252257571763397,408.536,370.101,419.682,,,,0,PDGFR beta Inhibitor,PDGFRB
365,NCGC00371125-09,AR-A014418,-0.9254868681770894,-0.7655594752352348,-1.1722339727491788,-0.8386671565468544,393.547,400.387,409.862,,,,0,GSK-3 alpha Inhibitor,GSK3A
366,NCGC00390623-02,Pacritinib,-0.9243707988721904,-0.8523622793840044,-0.8207172111176986,-1.1000329061148681,386.575,435.661,387.237,,,,0,Jak2 / FLT3 Inhibitor,JAK2
367,NCGC00508985-02,Eltanexor,-0.921710437003914,-1.6622727807445499,-0.588365767725977,-0.514492762541215,321.523,458.977,437.924,,,,0,Exportin-1 Antagonist,XPO1
368,NCGC00386332-03,Losmapimod,-0.9161001997545418,-0.8229673538826787,-0.904097058727003,-1.0212361866539437,388.936,427.294,394.058,,,,0,MAP kinase p38 beta Inhibitor,
369,NCGC00347066-11,KUC105555N,-0.9107415970131864,-1.1038314472263504,-0.5095998641160882,-1.1187934796971204,366.377,466.881,385.613,,,,0,p97 ATPase Inhibitor,VCP
370,NCGC00345841-02,S-99,-0.9102234367961717,-1.0251088237850616,-0.8911421403701132,-0.8144193462333402,372.7,428.594,411.961,,0.001223,,1,ASK1 Inhibitor,MAP3K5
371,NCGC00387488-03,TAK-960,-0.9101234107402887,-0.5389160089810484,-1.2411939996950838,-0.9502602235447337,411.751,393.467,400.202,,,,0,Polo-like Kinase-1 (Plk-1) Inhibitor,PLK1
372,NCGC00346841-07,LY-411575,-0.9024691085582592,-0.9242995430632334,-1.1125117991239177,-0.6705959834876267,380.797,406.38,424.411,,,,0,g-Secretase Inhibitor,NOTCH1
373,NCGC00095986-04,10-hydroxycamptothecin,-0.8990517705870875,-2.29293773257414,-0.8193320313856925,0.4151144521985699,270.868,435.8,518.395,,,,0,DNA Topoisomerase I Inhibitor,TOP1
374,NCGC00165761-07,BMS-345541,-0.8988848266167012,-0.523851265289136,-1.4835506261870495,-0.6892525883739181,412.961,369.147,422.796,,,,0,IKK beta Inhibitor,IKBKB
375,NCGC00164578-06,Etoricoxib,-0.8980846203480486,-1.1100067471198949,-0.7923658705597366,-0.7918812433645144,365.881,438.506,413.912,,0.00121,0.001233,2,Cyclooxygenase Inhibitor,PTGS2
376,NCGC00092386-26,Sertraline hydrochloride,-0.894443020967156,-0.8603428584802978,-0.7999594457812359,-1.0230267586399342,385.934,437.744,393.903,,,,0,Selective Seratonin Reuptake Inhibitor (SSRI),
377,NCGC00091281-10,Daminozide,-0.8938895880683093,-0.6283333554234546,-1.0715842224379593,-0.981751186343514,404.569,410.487,397.476,,,,0,KDM2/7 Histone Demethylases Inhibitor,KDM2A
378,NCGC00346632-02,R-547,-0.8873680752991322,-0.5763537645856589,-1.5327892812650428,-0.5529611800466949,408.744,364.206,434.594,,,,0,CDK1/2/4 Inhibitor,CDK1
379,NCGC00346640-05,PF-04929113,-0.8865761654283013,-1.1568942055857958,-0.912398171797225,-0.590436118901883,362.115,426.461,431.35,,1.683881,1.56166,2,,HSP90AB1
380,NCGC00479176-02,Selonsertib,-0.8854229842204585,-0.34419485911203634,-1.5742450200070899,-0.7378290735422494,427.391,360.046,418.591,,,,0,ASK1 Inhibitor,MAP3K5
381,NCGC00387870-04,GSK2141795,-0.8840298656438466,-0.7711994164686535,-0.9593946294672954,-0.9214955509955909,393.094,421.745,402.692,,,,0,Serine/threonine-protein kinase AKT3 Inhibitor,
382,NCGC00346569-03,KW-2449,-0.8822120316366004,-0.4012790325231249,-1.2628087827074632,-0.9825482796792133,422.806,391.298,397.407,,,1.722121,1,Bcr-Abl Inhibitor,ABL1
383,NCGC00347064-04,KUC107871N,-0.8769247981155287,-1.0214360143725705,-0.6759210851749249,-0.9334172947990907,372.995,450.191,401.66,,,,0,p97 ATPase Inhibitor,VCP
384,NCGC00160396-04,Pravadoline,-0.8710111451761994,-0.8178378709065892,-0.8706733693662273,-0.9245221952557817,389.348,430.648,402.43,,,,0,COX Inhibitor and cannabinoid (CB) agonist,MT-CO1
385,NCGC00386277-03,GDC-0152,-0.8650534297264548,-0.5274120228890424,-1.1258055384224492,-0.9419427278678728,412.675,405.046,400.922,0.003092,,,1,IAP Inhibitor,XIAP
386,NCGC00522488-01,JNJ-42165279,-0.8600320789025553,-1.5591975633682362,-0.2325639177149101,-0.7883347556245194,329.802,494.681,414.219,0.004872,0.002524,,2,Fatty Acid Amide Hydrolase (FAAH) Inhibitor,FAAH
387,NCGC00167513-13,Vandetanib,-0.8589196798632049,-0.6697302750727169,-0.9932268970224031,-0.9138018674944949,401.244,418.35,403.358,,,,0,EGFR Inhibitor,EGFR
388,NCGC00345813-03,Icaritin,-0.8541607837153568,-0.49649817281712705,-1.294827361692607,-0.7711568166363363,415.158,388.085,415.706,,,,0,flavone,
389,NCGC00521067-01,BMS-587101,-0.8533920420430436,-0.6761794793970233,-0.9739838606015158,-0.910012786130592,400.726,420.281,403.686,0.009304,,,1,ICAM-1 Inhibitor,ICAM1
390,NCGC00346646-02,CP-91149,-0.8519437607062952,-1.1354923093821623,-0.9729175711675259,-0.44742140156919746,363.834,420.388,443.73,0.015778,,0.015463,2,Glycogen Phosphorylase a Inhibitor,PYGL
391,NCGC00386668-01,M-024,-0.8462578044187236,-1.2204400335225882,-1.0579516621977862,-0.2603817175357962,357.011,411.855,459.921,0.002857,5.454326,,2,Angiotensin AT2 Receptor Agonist,AGT
392,NCGC00016994-20,Camptothecin,-0.8432621308267452,-1.1460376299665005,-0.9328270815138587,-0.45092168099987623,362.987,424.411,443.427,,,10.982496,1,DNA Topoisomerase I Inhibitor,TOP1
393,NCGC00346633-02,SNX-2112,-0.8426721228075876,-1.1966476986504857,-1.0175123862806648,-0.3138562834916123,358.922,415.913,455.292,,2.735074,2.823509,2,Heat Shock Protein 90 (hsp90) Inhibitor,HSP90AB1
394,NCGC00263204-09,CYC-116,-0.8403062077657577,-0.6796281851843452,-1.054503660850491,-0.7867867772624368,400.449,412.201,414.353,,,,0,Aurora-A/B/C Kinase Inhibitor,AURKA
395,NCGC00507865-01,ONO-4059 (GS-4059),-0.8376161681795289,-0.3741624938776833,-0.8930853781236466,-1.2456006325372566,424.984,428.399,374.636,0.063427,18.919438,0.004665,3,BTK Inhibitor,BTK
396,NCGC00263598-06,Chidamide,-0.833491414694799,-1.4191078972348532,-0.5067796780430113,-0.5745866688065325,341.054,467.164,432.722,,,,0,Histone deacetylase 8 Inhibitor,
397,NCGC00378622-10,Osimertinib mesylate,-0.8322785399077917,-0.7708881614336963,-0.8608375967368045,-0.8651098615528741,393.119,431.635,407.573,,,,0,EGFR (Thr790Met Mutant) Inhibitor,EGFR
398,NCGC00346543-05,NCGC00346543,-0.8321363051785606,-1.6439460842862903,-0.3782868185862922,-0.4741760126630992,322.995,480.058,441.414,,0.002578,,1,MEK Inhibitor,MAP2K1
399,NCGC00187482-21,Pictilisib,-0.8293342530043055,-0.4395136010172252,-1.1602058293208977,-0.8882833286747935,419.735,401.594,405.567,,,,0,PI3K Inhibitor,PIK3CA
400,NCGC00187906-15,PI-103,-0.8287876550850977,-0.6743119491872824,-0.9104250380782528,-0.9016259779897576,400.876,426.659,404.412,,,,0,"PI3Kalpha, beta, gamma Inhibitor",PIK3CA
401,NCGC00511352-01,BVT-14225,-0.8252171731236608,-0.4952033518717067,-0.7317169220058671,-1.2487312454934085,415.262,444.592,374.365,0.001292,,,1,11-beta-Hydroxysteroid Dehydrogenase Type 1 (11beta-HSD1) Inhibitor,
402,NCGC00024379-18,Emetine,-0.8237618964628778,-1.1136795565323854,-0.549471116689869,-0.8081350161663791,365.586,462.88,412.505,,,,0,antiprotozoal agent,
403,NCGC00484061-01,APTO-253,-0.8229268207922467,-1.6009181882538537,-0.19538330203063695,-0.6724789720922494,326.451,498.412,424.248,,,,0,"Phase I enhancer of KLF4 expression, apoptosis inducer, angiogensis Inhibitor, cell cycle Inhibitor.",
404,NCGC00025251-09,GW-1929,-0.8215929923448162,-0.32946627085787783,-1.0455149405751725,-1.0897977656013984,428.574,413.103,388.123,0.001118,,,1,PAPRgamma Agonist,PPARG
405,NCGC00346624-10,A-66,-0.8201317827389915,-0.5094588324727307,-0.7274119029826543,-1.2235246127615893,414.117,445.024,376.547,0.002098,,,1,PI3Kalpha Inhibitor,PIK3CA
406,NCGC00263617-13,M-344,-0.8201235579171002,-1.3372602732425973,-0.6809336420468597,-0.4421767584618436,347.628,449.688,444.184,,,,0,HDAC Inhibitor,HDAC1
407,NCGC00386271-02,CNX-2006,-0.8163665608716963,-0.7054499028843664,-1.3194018452834446,-0.424247934447278,398.375,385.619,445.736,,,,0,EGFR Inhibitor,EGFR
408,NCGC00142598-07,beta-Sitosterol,-0.8145250019021264,-0.523291006226214,-1.2137495034221035,-0.7065344960580615,413.006,396.221,421.3,,,7.71743,1,Cholesterol lowering drug,
409,NCGC00510199-01,Bimiralisib,-0.8134084377588826,-0.9166426692032953,-1.0416782916771705,-0.48190435239618196,381.412,413.488,440.745,,,,0,PI3K Inhibitor,PIK3CA
410,NCGC00346524-02,Nanchangmycin,-0.8134083831986896,-0.6893642426777963,-1.2587329660859496,-0.492127940832323,399.667,391.707,439.86,,,,0,Polyether Antibiotic,
411,NCGC00242478-04,Alvespimycin hydrochloride,-0.8133551907517348,-1.4987518355796146,-0.5737865019135695,-0.3675272347620203,334.657,460.44,450.646,,,,0,Heat Shock Protein 90 (hsp90) Inhibitor,HSP90AB1
412,NCGC00484085-01,KPT-9274,-0.811774582351515,-1.4354550116707874,-0.7118660009543868,-0.2880027344293708,339.741,446.584,457.53,,,4.348477,1,PAK4/NAMPT,PAK4
413,NCGC00092289-01,DA-3003-1,-0.8094848348515506,-0.8444315010933036,-1.090578125813522,-0.49344487764782624,387.212,408.581,439.746,,,,0,CDC25 Phosphatase Inhibitor,CDC25
414,NCGC00229512-05,BMS-509744,-0.8071811217860142,-0.1865877596112809,-0.7509200971395024,-1.4840355086072594,440.05,442.665,353.996,,,,0,ITK Inhibitor,ITK
415,NCGC00242481-05,AZD-7762,-0.8068890732108834,-0.7202033915413216,-0.8606183596569188,-0.83984546843441,397.19,431.657,409.76,,,,0,Chk1/2 Inhibitor,CHEK1
416,NCGC00387037-01,PF-04979064,-0.8060305739812949,-1.1401113341009217,-0.2615729695125299,-1.016407418330433,363.463,491.77,394.476,,0.576449,,1,mTOR Inhibitor,MTOR
417,NCGC00346893-01,SL-0101-1,-0.8057549716002221,-0.10543734689732874,-0.07428471135915757,-2.23754285654418,446.568,510.564,288.769,,,,0,RSK Inhibitor,RPS6KA1
418,NCGC00346667-07,Lornoxicam,-0.8036527276325399,-0.2609030117575807,-0.9689613384077675,-1.1810938327322715,434.081,420.785,380.22,0.001419,,24.091227,2,non-steroidal antiinflammatory,
419,NCGC00379214-02,WIKI4,-0.8032086394182796,-0.4131316242542821,-1.1168865753998216,-0.8796077186007351,421.854,405.941,406.318,,,6.701863,1,Tachykinin NK1 Antagonist,TACR1
420,NCGC00509886-03,BMS-214662,-0.800720878374378,-1.3106043920488915,-1.1245299772303863,0.032971734156143795,349.769,405.174,485.315,,,,0,Farnesyltransferase (geranylgeranyl pyrophosphate synthase) Inhibitor,COX10
421,NCGC00346649-04,PKI-402,-0.800501460708573,-1.2237766874973262,-0.8327154585805411,-0.34501223604785186,356.743,434.457,452.595,,2.423337,46.1,2,PI3K Inhibitor,PIK3CA
422,NCGC00263103-02,Pelitinib,-0.7994575715400856,-0.7866625666053106,-0.9870683281419741,-0.6246418198729721,391.852,418.968,428.389,,,,0,EGFR Inhibitor,EGFR
423,NCGC00378970-01,Necrostatin 2,-0.799259067584286,-0.36865950485964594,-1.601450348556558,-0.4276673493366539,425.426,357.316,445.44,,2.922861,,1,,
424,NCGC00346560-03,Telbivudine,-0.7986881606328534,-0.5615006743175177,-0.9310432889093334,-0.9035205186717091,409.937,424.59,404.248,0.112536,,,1,DNA Polymerase Inhibitor,
425,NCGC00178638-13,Valaciclovir,-0.7902955263483992,-0.07344032930376364,-1.2324045858560249,-1.065041663885409,449.138,394.349,390.266,0.009418,,,1,DNA Polymerase Inhibitor,
426,NCGC00346549-08,AT-7867,-0.7877313488671931,-0.4519389020127029,-0.9518110195676088,-0.9594441250212674,418.737,422.506,399.407,,,,0,AKT Inhibitor,AKT1
427,NCGC00346688-04,Alectinib (CH5424802),-0.7874316735145034,-0.4869862189488453,-0.7168685925045089,-1.158440209090156,415.922,446.082,382.181,,0.001488,0.004485,2,ALK Inhibitor,ALK
428,NCGC00025325-03,Vapiprost hydrochloride,-0.78631759053278,-0.8262915576560179,-0.8613258975056409,-0.6713353164366812,388.669,431.586,424.347,,0.001367,,1,Prostanoid TP Antagonist,TBXA2R
429,NCGC00509937-01,CBL-0137,-0.7855913296011726,-0.6232287728501625,-1.0248966897440916,-0.7086485262092636,404.979,415.172,421.117,,,,0,NF-kappaB Activation Inhibitor,NFKB1
430,NCGC00025035-05,SB-203580,-0.7847165048747646,-0.7746481222559755,-0.9811289963414308,-0.5983723960268875,392.817,419.564,430.663,46.1,,,1,p38 MAPK Inhibitor,MAPK14
431,NCGC00016285-09,Sulfanilamide,-0.781533178213954,-0.4701535466583786,-1.0280158354715587,-0.8464301525119245,417.274,414.859,409.19,46.1,,,1,Carbonic Anhydrase Type I/II/IX Inhibitor,CA1
432,NCGC00402368-01,AMG-511,-0.7809241529507334,-0.8449544095520308,-0.45309648943642333,-1.044721559863746,387.17,472.551,392.025,1.838616,0.914561,29.118728,3,PI3Kalpha Inhibitor,PIK3CA
433,NCGC00381751-04,Filanesib,-0.7783616961818266,-0.7650365667765077,-0.012888363669313757,-1.5571601580996584,393.589,516.725,347.666,,,,0,Kinesin-Like Spindle Protein Inhibitor,KIF11
434,NCGC00345838-04,GNE-493,-0.777688331695529,-0.26665500480358334,-1.3833493153574148,-0.6830606749255886,433.619,379.202,423.332,,,,0,PI3K Inhibitor,PIK3CA
435,NCGC00386129-03,ADW-742,-0.7758964523008224,-0.1428626523005412,-0.7424595389202722,-1.4423671656816537,443.562,443.514,357.603,,,,0,IGF-1R Inhibitor,IGFR1
436,NCGC00390670-01,BAY-356,-0.7697359231359919,-0.2763163610886444,-0.7107698155549576,-1.322121592764374,432.843,446.694,368.012,,43.580849,,1,Brd4 Inhibitor,BRD4
437,NCGC00095264-04,Chloroxine,-0.7663728753085929,-0.4795658989154744,-0.915258219157554,-0.9042945078527503,416.518,426.174,404.181,,,,0,Antibacterial,
438,NCGC00241097-06,Tandutinib,-0.7657589632298579,-0.6672526849944608,-0.6095620072222105,-1.0204621974729025,401.443,456.85,394.125,,,,0,KIT Inhibitor,KIT
439,NCGC00522107-03,Relugolix,-0.765494569847649,-1.251988843865816,-0.7598191295185045,-0.28467573615862646,354.477,441.772,457.818,0.002246,0.001356,,2,GnRH (LHRH) Receptor Antagonist,GNRHR
440,NCGC00346683-02,YM-201636,-0.7632980702581164,-0.26401556210714927,-1.0328988431599242,-0.9929798055072755,433.831,414.369,396.504,0.0018,5.976561,3.295515,3,PIKfyve Inhibitor,PIKFYVE
441,NCGC00166111-06,Estriol,-0.7626455182836938,-0.8296780124363484,-1.1956126177224582,-0.26264592469227455,388.397,398.041,459.725,,,0.009688,1,Estrogen Receptor (ER) Agonist,ESR1
442,NCGC00016361-21,Acetaminophen,-0.7596858879445612,-1.3329276031559976,-0.5084239561421546,-0.4377061045355311,347.976,466.999,444.571,,,,0,Cyclooxygenase-3 Inhibitor,PTGS1
443,NCGC00178697-07,Irinotecan,-0.7573340222470237,-0.9054872887504412,-0.9144609934125143,-0.45205378457811574,382.308,426.254,443.329,,,,0,DNA Topoisomerase I Inhibitor,TOP1
444,NCGC00346486-03,Abexinostat,-0.7568982522740753,-0.5337865260049589,-0.9270172988968841,-0.8098909319203829,412.163,424.994,412.353,,,4.42343,1,HDAC Inhibitor,HDAC1
445,NCGC00016456-20,Chrysine,-0.7519849951953408,-0.721498212486742,-1.0148117840693438,-0.5196449890299366,397.086,416.184,437.478,0.008013,46.1,2.077475,3,Antiinflammatory Drug,
446,NCGC00263202-06,NVP-BSK805,-0.7508012876378845,-0.8156839860646877,-0.8054702687438211,-0.6312496081051446,389.521,437.191,427.817,,,,0,Jak2 Inhibitor,JAK2
447,NCGC00509941-01,PF-06747775,-0.7505877963936146,-0.6757063717438888,-0.9603911616485948,-0.6156658557883602,400.764,421.645,429.166,0.001313,,0.001082,2,EGFR (Thr790Met Mutant) Inhibitor,EGFR
448,NCGC00378983-02,PF-04457845,-0.7482352018512413,-1.1711621363882185,-0.6418097886090532,-0.4317336805564521,360.969,453.614,445.088,,46.1,,1,Fatty Acid Amide Hydrolase (FAAH) Inhibitor,FAAH
449,NCGC00379163-01,Atiprimod,-0.7460763560628134,-1.8242997017416929,-0.02006339537466828,-0.3938659710720791,308.509,516.005,448.366,,,,0,IL-6 Production Inhibitor,
450,NCGC00370777-04,Gedatolisib,-0.7444737197936271,-0.5422028621501923,-1.7223994594008423,0.0311811621701533,411.487,345.179,485.16,9.225888,,12.923835,2,PI3K alpha Inhibitor,PIK3CA
451,NCGC00510490-01,MK-1064,-0.7430434912689001,-0.3080768248556429,-1.0528593827513477,-0.8681942661997097,430.292,412.366,407.306,0.001257,,,1,Orexin OX-2 Receptor Antagonist,HCRTR1
452,NCGC00242495-18,PF-562271,-0.736167291621411,-0.6416924215238035,-0.9605007801885375,-0.6063086731518921,403.496,421.634,429.976,,,,0,,PTK2
453,NCGC00510167-01,THZ531,-0.7355449209467979,-0.6965106582804051,-1.58980088735717,0.07967678279718164,399.093,358.485,489.358,,,,0,CDK12/CDK13,CDK12
454,NCGC00346674-02,Onalespib,-0.73526283908802,-1.0478304413369122,-0.7285579149911485,-0.4294001609359996,370.875,444.909,445.29,,,,0,Heat Shock Protein 90 (hsp90) Inhibitor,HSP90AB1
455,NCGC00179454-04,Monensin sodium salt,-0.7348583442213885,-0.3491002384629565,-1.0718532861269106,-0.7836215080742983,426.997,410.46,414.627,,0.064328,,1,Polyether Antibiotic,
456,NCGC00017358-15,Rotenone,-0.7333843204581965,-1.3830770143882472,-0.3853422664298903,-0.4317336805564521,343.948,479.35,445.088,,46.1,1.982211,2,NADH-Ubiquinone Oxidoreductase (Complex I) Inhibitor,NDUFAF1
457,NCGC00346514-04,Bafetinib,-0.7316662740145157,-1.1426013743805772,-0.43696263342118896,-0.6154348142417809,363.263,474.17,429.186,,,,0,Bcr-Abl Inhibitor,ABL1
458,NCGC00346435-07,Niraparib,-0.7248869215542554,-0.13981235295796393,-0.933833579016971,-1.1010148326878313,443.807,424.31,387.152,0.001253,,,1,PARP Inhibitor,PARP1
459,NCGC00160397-13,Irsogladine maleate,-0.7244708329712448,-0.5677008746138582,-0.762978136533223,-0.8427334877666532,409.439,441.455,409.51,,0.00282,,1,M1 Muscarinic acetylcholine receptor Antagonist,CHRM1
460,NCGC00346930-01,Picoplatin,-0.7194093868241379,-0.8089982279138146,-0.6802858961290152,-0.6689440364295839,390.058,449.753,424.554,,,,0,DNA Alkylating Agent,
461,NCGC00017223-05,Ursolic acid,-0.7190678687321559,-0.6547526827905931,-0.7655691202046009,-0.7368818032012737,402.447,441.195,418.673,12.732028,,,1,STAT-3 Inhibitor,STAT3
462,NCGC00178802-11,Deferoxamine mesylate,-0.7170101321729059,-0.9440206620781001,-0.6195771556442675,-0.58743257879635,379.213,455.845,431.61,,46.1,,1,Iron Chelating Agent,
463,NCGC00386310-03,Selinexor,-0.7151313890871718,-1.6987269704386971,-0.28937621737077723,-0.15729097945204087,318.595,488.98,468.845,,,,0,Exportin-1 Antagonist,XPO1
464,NCGC00345173-01,GSK-525768,-0.7134729655482619,-1.1614385290961662,-0.6576845462571491,-0.32129582129147033,361.75,452.021,454.648,,,,0,Brd4 Inhibitor,BRD4
465,NCGC00346693-02,BMS-265246,-0.7098779987132532,-0.4457387017163624,-1.101649598347756,-0.582245696075641,419.235,407.47,432.059,,,7.484461,1,CDK1/2 Inhibitor,CDK1
466,NCGC00480898-01,Cevipabulin,-0.7084497264543654,0.005867453603244313,-1.1420490129776262,-0.9891676199887146,455.508,403.416,396.834,,,0.197032,1,Microtubule-Stabilizing Agents,
467,NCGC00351607-02,GZD-824,-0.7081960010886534,-0.1744363630465651,-0.9079137769813788,-1.0422378632380165,441.026,426.911,392.24,,,,0,Bcr-Abl Inhibitor,ABL1
468,NCGC00485487-01,LY-3023414,-0.7081501422193534,-0.7070061780591507,-0.9855834951918383,-0.4318607534070711,398.25,419.117,445.077,,2.427378,,1,PI3K Inhibitor,PIK3CA
469,NCGC00189075-02,PD-0325901,-0.6954346360344799,-1.5632189784198793,-0.5920529367967836,0.06896800711322344,329.479,458.607,488.431,,4.311008,0.004775,2,MEK Inhibitor,MAP2K1
470,NCGC00346496-05,WZ-3146,-0.6952188990887405,-0.33708579411362205,-1.1529710056846654,-0.5955998974679338,427.962,402.32,430.903,,,,0,EGFR Inhibitor,EGFR
471,NCGC00018261-09,Perhexiline,-0.6935325891461185,-0.7120236092226555,-0.5810711521588666,-0.7875030060568333,397.847,459.709,414.291,,,,0,mitochondrial carnitine palmitoyltransferase-1 inhbitior,
472,NCGC00092284-04,AHPN,-0.6926371848015775,-1.3235899521072918,-0.6583721534622458,-0.09594944883519498,348.726,451.952,474.155,0.002894,,,1,RARgamma Agonist,RARG
473,NCGC00345833-01,SR-3677,-0.6907663927357799,-0.8072427495166578,-0.9132053628640775,-0.35185106582660436,390.199,426.38,452.003,,,,0,ROCK II Inhibitor,ROCK2
474,NCGC00402250-03,AS-1940477,-0.6902662588823608,-0.5627207940545488,-0.9588365714457681,-0.5492414111467656,409.839,421.801,434.916,0.001254,,,1,p38 MAPK Inhibitor,MAPK14
475,NCGC00165902-08,SU-MI-2,-0.689463147139475,-0.7165679327330251,-1.4454532008959806,0.09363169221058065,397.482,372.97,490.566,,,,0,HGFR Inhibitor,MET
476,NCGC00483925-02,Glesatinib,-0.6874347308098974,-0.2418417534168225,-0.73259387032541,-1.0878685686874596,435.612,444.504,388.29,,,,0,VEGFR-1/2/3 Inhibitor,FLT1
477,NCGC00479249-03,Enasidenib,-0.6867256642485206,-0.6598946159680805,-0.6441317085914804,-0.7561506681860006,402.034,453.381,417.005,,,,0,IDH1 Inhibitor,IDH1
478,NCGC00164572-14,Rimonabant,-0.685226580646333,-0.736774609602425,-0.750591241519674,-0.5683138908169001,395.859,442.698,433.265,,,,0,Cannabinoid CB1 Antagonist,CNR1
479,NCGC00241342-03,KUC107550N,-0.6843271248972056,-0.5386421045502858,-0.912258657291843,-0.6020806128494881,411.773,426.475,430.342,,43.894999,,1,Clk Inhibitor,CLK1
480,NCGC00263639-13,Tacedinaline,-0.6835835928220932,-0.5262666043604014,-1.0914451088112525,-0.43303906529462605,412.767,408.494,444.975,,,,0,HDAC Inhibitor,HDAC1
481,NCGC00095023-08,Ethisterone,-0.6812235370097584,-0.13948864772160868,-1.4135442404507803,-0.4906377228568859,443.833,376.172,439.989,0.001686,1.294421,,2,Progestogen hormone,PGR
482,NCGC00185736-03,Posaconazole,-0.6803683457246964,-0.6447925216719734,-0.7076606351493044,-0.6886518803528113,403.247,447.006,422.848,,15.449494,10.899259,2,Lanosterol 14alpha-demethylase Inhibitor,CYP51A1
483,NCGC00024995-15,Paclitaxel,-0.6775411519823994,-0.39175462845344444,-0.44503454408971255,-1.1958342834040412,423.571,473.36,378.944,,,,0,Tubulin depolymerization Inhibitor,TUBB
484,NCGC00351602-09,AP-26113,-0.6767554928439051,-0.392476740134545,-0.9891311497572634,-0.648658588639907,423.513,418.761,426.31,,,,0,ALK Inhibitor,ALK
485,NCGC00159508-05,Rose Bengal disodium,-0.6735764518719577,-0.42843292177276115,-0.8383060041176293,-0.7539904297254826,420.625,433.896,417.192,46.1,,,1,Free Radical Stimulator,
486,NCGC00390402-02,NSC-23925,-0.6715120247894745,-0.2926883759273752,-1.4011872414026707,-0.3206604570383774,431.528,377.412,454.703,,,,0,P-Glycoprotein (MDR-1) Inhibitor,ABCBA
487,NCGC00253438-12,BI-2536,-0.6708094163693451,-0.5359155104440637,-0.567239285482434,-0.9092734531815375,411.992,461.097,403.75,,,,0,Polo-like Kinase-1 (Plk-1) Inhibitor,PLK1
488,NCGC00389085-04,SR-9243,-0.6700966006276866,-0.5318940953924214,-1.008782764372484,-0.46961294211815446,412.315,416.789,441.809,1.686235,,12.66972,2,Liver-X-receptor (LXR) inverse Agonist that induces LXR-corepressor interaction,
489,NCGC00022001-19,Podofilox,-0.6680025254721637,-0.03594032269216115,-0.5362471346440286,-1.4318201190803013,452.15,464.207,358.516,,,0.033002,1,Antimitotic Agent,TUBB
490,NCGC00389231-01,Riviciclib (P276-00),-0.6674568223638486,-0.30004644495375543,-1.007676613651242,-0.6946474084865484,430.937,416.9,422.329,,,,0,CDK1/4/9 Inhibitor,CDK4
491,NCGC00163135-04,Niguldipine,-0.6666340584064482,-0.3602307185130139,-1.4335845026167073,-0.2060869540896233,426.103,374.161,464.621,,,,0,L-type Ca2+ channel Blocker,
492,NCGC00183881-01,Moxifloxacin hydrochloride,-0.6623846142588076,-0.6895260952959735,-0.3364623629371647,-0.9611653845432844,399.654,484.255,399.258,3.717182,0.143137,0.137238,3,DNA Topoisomerase IV Inhibitor,TOP2B
493,NCGC00016083-23,Verapamil,-0.6618198486308905,-0.724212356391566,-0.2780057851821537,-0.9832414043189518,396.868,490.121,397.347,,,,0,Dopamine D2 Receptor (DRD2) Antagonist,DRD2
494,NCGC00346673-02,Milciclib,-0.6617166316862242,-1.5189336120462171,-0.3524766350906426,-0.11373964792181296,333.036,482.648,472.615,,,,0,CDK1/2/4/5 Inhibitor,CDK1
495,NCGC00347954-03,SAG,-0.6564408686475719,-0.6050888294128768,-0.6959713126626649,-0.6682624638671741,406.436,448.179,424.613,,,,0,Hedgehog Agonist,SHH
496,NCGC00263136-07,Pracinostat,-0.6503925084929705,-0.4823298436258911,-1.123015248314811,-0.34583243353820925,416.296,405.326,452.524,,,46.1,1,HDAC Inhibitor,HDAC1
497,NCGC00387875-03,Voxtalisib,-0.6498936333241362,-0.7231914398769076,-0.6293531363428132,-0.5971363237526878,396.95,454.864,430.77,,12.265195,,1,mTORC1/2 Inhibitor,MTOR
498,NCGC00346509-08,GSK-615,-0.6490418339232159,-0.5385300527377018,-0.37840640244804813,-1.0301890465838976,411.782,480.046,393.283,,,,0,PI3Kalpha Inhibitor,PIK3CA
499,NCGC00242482-11,SNS-314,-0.6486522177852366,0.03739136354367557,-0.364753911564249,-1.6185941053351365,458.04,481.416,342.348,,,,0,Aurora-A/B/C Kinase Inhibitor,AURKA
500,NCGC00346945-06,BAY61-3606,-0.6388879553114771,-0.24236466187555042,-1.0282051765860056,-0.6460940274728753,435.57,414.84,426.532,0.033007,,,1,Syk Kinase Inhibitor,SYK
501,NCGC00346525-03,Aurora A Inhibitor I,-0.6355633177789163,-0.5417422046984564,-0.283317301708478,-1.0816304469298146,411.524,489.588,388.83,,,,0,Aurora A Inhibitor,AURKA
502,NCGC00510200-01,MRT-83,-0.6351419505611605,-0.6494986978005209,-0.2892167722217697,-0.9667103816611909,402.869,488.996,398.778,,46.1,,1,Hedgehog Antagonist,SHH
503,NCGC00345837-03,GNE-490,-0.6350906555350797,-1.524548652876839,-0.29978001334354126,-0.08094330038485867,332.585,487.936,475.454,,3.398414,,1,PI3K Inhibitor,PIK3CA
504,NCGC00107508-04,GSK-5959,-0.633202382084321,-0.3633557190639812,-0.8324663255352159,-0.703785101653766,425.852,434.482,421.538,2.050154,,46.1,2,BRPF1 bromodomain Inhibitor,BRPF1
505,NCGC00263195-04,AV-412,-0.6327137685424324,-1.8476687297662542,0.017266700136799616,-0.06773927599784287,306.632,519.751,476.597,,,,0,EGFR Inhibitor,EGFR
506,NCGC00346542-12,Hesperadin,-0.6320264682079141,-0.10511364166097348,-0.9314817630691049,-0.859483999893664,446.594,424.546,408.06,,,,0,Aurora Kinase Inhibitor,AURKA
507,NCGC00390607-01,Tesevatinib,-0.6299822699197586,-0.5980171150186564,-0.6851589384955681,-0.6067707562450513,407.004,449.264,429.936,,,,0,EGFR Inhibitor,EGFR
508,NCGC00093976-15,Idarubicin hydrochloride,-0.6295858334298522,-0.33841796566323706,-0.3276928797417318,-1.2226466548845878,427.855,485.135,376.623,,,,0,DNA Topoisomerase II Inhibitor,TOP2A
509,NCGC00160391-11,Auranofin,-0.6272031673555046,-0.2005195349759503,-0.7292355568744319,-0.9518544102161317,438.931,444.841,400.064,,,,0,Thioredoxin Reductase Inhibitor,TXNRD1
510,NCGC00346436-04,CCT-241533,-0.6251909785133918,-0.18894084767555502,-0.8745000529424164,-0.8121320349222038,439.861,430.264,412.159,,,,0,Chk2 Inhibitor,CHEK2
511,NCGC00263186-04,SGI-1776,-0.6245351348080859,-0.5251211858317604,-0.5827453262234493,-0.765738892369048,412.859,459.541,416.175,,,,0,Pim-1/Flt3 Inhibitor,PIM1
512,NCGC00188344-07,Navitoclax (ABT-263),-0.6221579263058994,-0.2034951331101376,-1.4405801585294278,-0.22239848727813288,438.692,373.459,463.209,,,,0,Bcl-xL Inhibitor,BCL2L1
513,NCGC00229735-09,KU-60019,-0.6205125673584835,-0.2037814877422982,-0.8935537482488575,-0.7642024660842949,438.669,428.352,416.308,0.001243,,0.001103,2,ATM Kinase Inhibitor,ATM
514,NCGC00164380-01,Formestane,-0.6199267354098871,-0.6304747900639581,-0.47802972461252946,-0.7512756915531738,404.397,470.049,417.427,,,,0,Aromatase Inhibitor,CYP19A1
515,NCGC00015819-17,Propafenone hydrochloride,-0.6179905512262717,-0.46747675335774996,-0.6706494299358516,-0.7158454703852135,417.489,450.72,420.494,,,,0,Potassium Channel Subfamily K Member 3 (TASK-1; KCNK3) Blocker,
516,NCGC00346821-04,PD-150606,-0.6175773522810621,-1.0781964825473038,-0.5001527390373715,-0.2743828352585113,368.436,467.829,458.709,0.002153,0.002942,,2,Calpain Inhibitor,CAPN1
517,NCGC00018258-12,Econazole nitrate,-0.6154818336528631,-0.2795534134521956,-0.598171644389961,-0.9687204431164327,432.583,457.993,398.604,0.002705,,,1,Antifungal Agent,
518,NCGC00346513-02,Amonafide,-0.6154665613260626,-0.038056856929867294,-1.4609393109933706,-0.34740351605494985,451.98,371.416,452.388,,,,0,DNA Topoisomerase II Inhibitor,TOP2A
519,NCGC00242476-03,GSK-4112,-0.6118497110812332,-0.5614384233105264,-0.3840368092723886,-0.8900739006607846,409.942,479.481,405.412,,,,0,Rev-erb alpha Agonist,NR1D1
520,NCGC00345849-02,NIBR-17,-0.6073295537439539,-0.5270011662428992,-0.24849846729388422,-1.0464890276950785,412.708,493.082,391.872,15.596924,9.717004,,2,PI3K Inhibitor,PIK3CA
521,NCGC00241107-12,Bosutinib,-0.6036244210095771,-0.5326162070735212,-0.6675701454956373,-0.610686910459573,412.257,451.029,429.597,,,,0,Bcr-Abl Inhibitor,ABL1
522,NCGC00386321-01,Triapine,-0.6009334084473377,-0.5512915091709328,-0.7583641925338075,-0.49314452363727285,410.757,441.918,439.772,0.140767,,,1,Ribonucleoside-Diphosphate Reductase Inhibitor,RRM1
523,NCGC00346824-01,3-Bromopyruvate,-0.6005675875655938,-0.7154474146071808,-0.5434022357057571,-0.5428531123838436,397.572,463.489,435.469,,,,0,Hexokinase 2 Inhibitor,HK2
524,NCGC00345850-02,AS-602801,-0.6004983804119081,-0.26308179700227885,-0.9199518857314734,-0.6184614585019719,433.906,425.703,428.924,7.525024,,,1,JNK Inhibitor,MAPK8
525,NCGC00346484-04,ZSTK-474,-0.597873390454021,-0.5200166032584675,-0.3109710697395312,-0.9626324983640641,413.269,486.813,399.131,6.152908,1.428382,,2,PI3K Inhibitor,PIK3CA
526,NCGC00179596-11,Butoconazole nitrate,-0.5977263564466516,0.0657280219261475,-1.9605905813749773,0.10168349010887485,460.316,321.277,491.263,,,,0,Antifungal Agent,
527,NCGC00095118-08,Rofecoxib,-0.5950070116886484,-0.6003453026801339,-0.5043182435552022,-0.6803574888306092,406.817,467.411,423.566,,,,0,Cyclooxygenase-2 Inhibitor,PTGS2
528,NCGC00351592-01,Manassantin A,-0.5938999847998372,-2.313156859644937,0.5724646743040245,-0.04100776905859914,269.244,575.464,478.911,,,,0,HIF-1alpha Inhibitor,HIF1A
529,NCGC00379217-03,APY29,-0.5929144618019657,-0.450170973414148,-1.0979026373460714,-0.23066977464567764,418.879,407.846,462.493,,,,0,IRE1 Inhibitor,ERN1
530,NCGC00015252-17,Cyproheptadine hydrochloride,-0.5920739317367264,-1.0205022492677,-0.38275128275851245,-0.37296826318396664,373.07,479.61,450.175,,,,0,Histamine H1 Receptor Antagonist,HRH1
531,NCGC00345815-02,MG-115,-0.5909271568778315,-0.47738711367077624,-0.7950066808401793,-0.500387676122539,416.693,438.241,439.145,,,,0,Proteasome Inhibitor,PSMD1
532,NCGC00016000-21,Disulfiram,-0.5869705541184195,-1.1142149151925111,-0.5301383923726646,-0.11655835479008268,365.543,464.82,472.371,,,,0,Aldehyde Dehydrogenase (ALDH2) Inhibitor,ALDH2
533,NCGC00507885-01,UNC-3866,-0.5864120205597346,-0.10623415978681786,-0.9401715236900341,-0.712830378202352,446.504,423.674,420.755,0.031929,,,1,Peptidic Inhibitor of CDYL/CBX4/CBX7,
534,NCGC00253737-09,Istradefylline,-0.5786345288224518,-0.3028850908725621,-0.8396712532060092,-0.5933472423887842,430.709,433.759,431.098,0.001248,,,1,Adenosine A2A Agonist,ADORA2A
535,NCGC00014650-04,Ansamitocin P3,-0.5772110852294168,0.6208576018724065,-0.7749066267433745,-1.5775842308172823,504.904,440.258,345.898,0.00986,0.003068,,2,Tubulin polymerization Inhibitor,TUBB
536,NCGC00025251-08,GW-1929,-0.576658839787968,-0.2196928451292924,-1.182079710700415,-0.32820396353419634,437.391,399.399,454.05,,0.120556,,1,PAPRgamma Agonist,PPARG
537,NCGC00389459-01,Cymeval,-0.5734103166175627,-0.36629396659397384,-0.8133827342633365,-0.5405542489953777,425.616,436.397,435.668,15.682395,46.1,21.001289,3,DNA Polymerase Inhibitor,
538,NCGC00250405-15,AZD-8055,-0.5725972224994547,-0.29339803740707704,-0.32533109847205244,-1.0990625316192344,431.471,485.372,387.321,1.358642,0.231593,1.413812,3,mTORC1/2 Inhibitor,MTOR
539,NCGC00249392-05,Telatinib,-0.5672134019069311,-0.4486893994477537,-0.5616188439799062,-0.6913319622931334,418.998,461.661,422.616,46.1,46.1,46.1,3,"VEGFR-2,3 Inhibitor",KDR
540,NCGC00165772-06,C75,-0.5669295461529866,-0.5687342413299153,-0.6101798571746162,-0.5218745399544282,409.356,456.788,437.285,,,,0,Fatty Acid Synthase (FAS) Inhibitor,FAS
541,NCGC00345461-06,Gandotinib,-0.5649449942031816,-0.19032282003076337,-0.7867952556662738,-0.7177169069125076,439.75,439.065,420.332,,,,0,Jak2 Inhibitor,JAK2
542,NCGC00016457-02,Naringenin,-0.5636203300857888,-1.3759056983828408,-0.3439762155841609,0.029020923709635216,344.524,483.501,484.973,,,46.1,1,Estrogen Receptor (ER) beta Agonist,ESR1
543,NCGC00390584-01,Exatecan,-0.5612543693230351,-0.838679508047301,-0.31449879366133027,-0.5305848062604741,387.674,486.459,436.531,,,,0,DNA Topoisomerase I Inhibitor,TOP1
544,NCGC00263177-04,CUDC-101,-0.5596969165616548,-0.5954772739334083,-0.6821693419516704,-0.4014441337998854,407.208,449.564,447.71,,,,0,EGFR Inhibitor,EGFR
545,NCGC00351604-03,EPZ-005687,-0.5540744640979045,-1.41335590418885,-0.16512858500639319,-0.08373890309847035,341.516,501.448,475.212,,,,0,EZH2 Inhibitor,EZH2
546,NCGC00386398-03,OTS-167,-0.5539978196512206,0.446293328067201,-0.8474143082547039,-1.260872478766159,490.883,432.982,373.314,,,,0,MELK Inhibitor,MELK
547,NCGC00263603-10,3-Deazaneplanocin A,-0.550261022327623,-0.08921473447537724,-0.6408929790022575,-0.9206753535052341,447.871,453.706,402.763,0.001227,0.656161,,2,EZH2 Inhibitor,EZH2
548,NCGC00346659-04,PF-04691502,-0.548067045707981,-0.379653032694322,-0.71390889192605,-0.5506392125035711,424.543,446.379,434.795,,,3.317294,1,,PIK3CA
549,NCGC00167967-05,Telithromycin,-0.5469175787572582,-0.2430369727510569,-0.6595978880452437,-0.7381178754754741,435.516,451.829,418.566,,,,0,Ketolide antibiotic,
550,NCGC00165869-22,Dorsomorphin,-0.5461609079630866,-0.6381939149308883,-0.620643445078258,-0.3796453638801134,403.777,455.738,449.597,,,,0,TGF-bR1 (ALK5) Inhibitor,TGBR1
551,NCGC00346822-02,Idronoxil,-0.5446234812432578,-0.23542989969671138,-1.2683893629227387,-0.1300511811103232,436.127,390.738,471.203,,0.522357,,1,Sphingosine Kinase 1 (SphK1) Inhibitor,SPHK1
552,NCGC00345857-05,CGI-1746,-0.5442816266983377,-0.5128950880586546,-0.8794029912744087,-0.24054680076194976,413.841,429.772,461.638,,46.1,,1,BTK Inhibitor,BTK
553,NCGC00263092-02,Apratastat,-0.5436548561399684,-0.11409023686912936,-0.8033277245540275,-0.7135466069967484,445.873,437.406,420.693,,46.1,46.1,2,TNF-alpha-Converting Enzyme Inhibitor,TNF
554,NCGC00346449-02,Parogrelil,-0.5426130319350251,-1.2074544734641885,-0.13021009737366898,-0.29017452496721763,358.054,504.952,457.342,,,,0,Phosphodiesterase III/Va (PDE) Inhibitor,PDE5A
555,NCGC00247879-05,VER-82576,-0.5337138763499171,-0.3022003297956569,-0.7316670953968022,-0.5672742038572921,430.764,444.597,433.355,,,,0,Heat Shock Protein 90 (hsp90) Inhibitor,HSP90AB1
556,NCGC00187912-13,Ibrutinib (PCI-32765),-0.5325846380078038,-0.16709074422158351,-1.1587409270143878,-0.2719222427874398,441.616,401.741,458.922,0.001701,0.97358,,2,BTK Inhibitor,BTK
557,NCGC00250398-02,PF-05212384,-0.5321142675815714,-0.7763662500489377,-0.6011014490029805,-0.21887510369279606,392.679,457.699,463.514,,2.961563,5.937389,2,mTOR Inhibitor,MTOR
558,NCGC00345794-11,MLN-4924,-0.5316639169479399,0.15393769883292205,-1.5772445818728003,-0.17168486780394165,467.401,359.745,467.599,18.444368,,11.606015,2,NEDD8-Activating Enzyme (NAE) Inhibitor,NAE1
559,NCGC00015225-08,Chelerythrine chloride,-0.5304113766050684,-0.12685169330236032,-0.5322012139879538,-0.932181222524891,444.848,464.613,401.767,,,,0,PKC Inhibitor,PRKCA
560,NCGC00025212-26,Cantharidin,-0.5303599047937149,-0.16544731763701123,-0.8666872406410308,-0.5589451561031026,441.748,431.048,434.076,,,,0,,
561,NCGC00390695-02,EMD-638683,-0.527365281770184,-0.8454275172051654,-0.26211109689043116,-0.4745572312149555,387.132,491.716,441.381,,,,0,SGK1 Inhibitor,SGK1
562,NCGC00241108-15,Axitinib,-0.5255614345126949,-1.0777233748941693,-0.24549890542817376,-0.2534620232157415,368.474,493.383,460.52,,46.1,4.756735,2,VEGFR-1/2/3 Inhibitor,FLT1
563,NCGC00387248-01,Azixa,-0.5221385376840982,0.4503769941258354,-1.0769754615387879,-0.9398171456393422,491.211,409.946,401.106,,0.015748,0.010897,2,Tubulin polymerization Inhibitor,TUBB
564,NCGC00346972-08,PF-543,-0.519739219427553,-0.34123171117924705,-0.549192087679105,-0.6687938594243068,427.629,462.908,424.567,,,,0,Sphingosine Kinase 1 (SphK1) Inhibitor,SPHK1
565,NCGC00486904-01,MRT-68601 hydrochloride,-0.5177807280283344,-0.9518642889590129,-0.3416044689926688,-0.2598734261333216,378.583,483.739,459.965,,,,0,IKK-epsilon Inhibitor,IKBKE
566,NCGC00386948-01,AMG-837,-0.5156709038264506,-0.6065828535806698,-0.117334901591283,-0.8230949563073993,406.316,506.244,411.21,46.1,5.367226,,2,Free Fatty Acid Receptor 1 (FFAR1; GPR40) Agonist,FFAR1
567,NCGC00263098-05,Combretastatin A-4,-0.5146538606713219,0.6172968442725,-0.4354379391838016,-1.7258204871026641,504.618,474.323,333.066,,,0.012483,1,Tubulin polymerization Inhibitor,TUBB
568,NCGC00263125-03,SG-00529,-0.5138527207030632,-1.2301636408146406,-0.12148047546548821,-0.18991404582906074,356.23,505.828,466.021,,,0.094873,1,mTORC1/2 Inhibitor,MTOR
569,NCGC00507864-01,GDC-0084,-0.5107361667109724,-0.7512666440300163,-0.17893055571738703,-0.602011300385514,394.695,500.063,430.348,,2.176399,4.136849,2,PI3K Inhibitor,PIK3CA
570,NCGC00402337-02,BGP-15,-0.5093887275528906,-0.4986271572562319,-0.7097334220864066,-0.31980560331603325,414.987,446.798,454.777,,,0.047113,1,Insulin Sensitizers,PARP1
571,NCGC00160428-03,Indibulin,-0.5083514757858054,0.20045165125687506,-0.9828828929805179,-0.7426231856337734,471.137,419.388,418.176,,,,0,Tubulin polymerization Inhibitor,TUBB
572,NCGC00163547-01,Ecdysone,-0.5077729479217841,-0.550581847691231,-0.2991721287129484,-0.6735648673611728,410.814,487.997,424.154,,,,0,Steroid prohormone,
573,NCGC00025100-17,LFM-A13,-0.5063742519509972,-0.11701603419772401,-1.0987397243783628,-0.3033669972769047,445.638,407.762,456.2,,0.07628,46.1,2,BTK Inhibitor,BTK
574,NCGC00351608-02,Erastin,-0.5049509392943881,-1.0172029458971574,-0.09397618726162978,-0.40367368472437704,373.335,508.588,447.517,,,,0,Ferroptosis Activator,VDAC2
575,NCGC00347951-03,LSD1-C76,-0.5043804843034111,-0.2816948480926991,-0.6528513651778484,-0.5785952396396858,432.411,452.506,432.375,0.001766,,0.146749,2,Lysine Specific Demethylase 1 (LSD1) Inhibitor,KDM1A
576,NCGC00346717-02,Alpelisib,-0.504054011221328,-0.19560170542363142,-0.604399970523081,-0.7121603577172716,439.326,457.368,420.813,,46.1,,1,PI3K alpha Inhibitor,PIK3CA
577,NCGC00522579-01,XMD17-109 (ERK5-IN-1),-0.504011195284377,-0.8236147643553885,-0.4145904859510219,-0.2738283355467206,388.884,476.415,458.757,0.004245,0.00203,,2,ERK5 Inhibitor,ERK5
578,NCGC00521941-01,BMS-986158,-0.5039758226506266,-0.4882685896928677,-0.3559047057943124,-0.6677541724646996,415.819,482.304,424.657,,,0.018781,1,Brd4 Inhibitor,BRD4
579,NCGC00167746-09,PNU-120596,-0.5036015854046471,-0.5869239855727945,-0.343298573700877,-0.5805821969402696,407.895,483.569,432.203,0.00293,,,1,Nicotinic alpha7 Positive Allosteric Modulators,CHRNA7
580,NCGC00485484-02,THZ-2,-0.5025634727888917,-0.2571057003311069,-0.8106721667302028,-0.4399125513053653,434.386,436.669,444.38,,,,0,CDK 7 Inhibitor,CDK7
581,NCGC00238624-07,NCGC00238624,-0.49768235478781264,-0.36776309035897015,-0.6447196625784466,-0.48056431142602124,425.498,453.322,440.861,,,37.188825,1,GALK Inhibitor,GALK1
582,NCGC00182059-11,Febuxostat,-0.49648350544003034,0.2915746752908456,0.2553382382491787,-2.036363429860115,478.456,543.641,306.184,,,,0,Xanthine Oxidase Inhibitor,XDH
583,NCGC00263181-10,GSK-690693,-0.4947121490671039,-1.0698050468048663,0.054576865004642,-0.4689082654010874,369.11,523.495,441.87,,21.350926,46.1,2,AKT Inhibitor,AKT1
584,NCGC00351599-03,Abemaciclib,-0.4943974722208421,0.09979177295182684,-1.551414467733525,-0.03156972188082813,463.052,362.337,479.728,,,,0,CDK4/6 Inhibitor,CDK4
585,NCGC00488771-02,BAY-1436032,-0.49269199152030396,-0.3818691685432148,-1.1237028555199078,0.027496049502210726,424.365,405.257,484.841,,,,0,IDH1 Inhibitor,IDH1
586,NCGC00167512-03,Everolimus,-0.49253504499605544,-0.4221704704694293,-0.7849217751654314,-0.2705128893533056,421.128,439.253,459.044,,,,0,mTOR inhibitor,MTOR
587,NCGC00095128-04,Orlistat,-0.4901450916036231,0.23365633838607253,-0.006839413328827895,-1.6972521998681138,473.804,517.332,335.539,,,,0,Fatty Acid Synthase (FAS) Inhibitor,FAS
588,NCGC00263191-02,PHA-690509,-0.4900802298951515,-0.08727250305724636,-1.4165637329601168,0.03359554633190869,448.027,375.869,485.369,,,,0,CDK2 Inhibitor,CDK2
589,NCGC00346712-05,Verteporfin,-0.48995751683722044,-0.2164433425643432,-1.0163364783067317,-0.23709272964058642,437.652,416.031,461.937,,,9.998776,1,photosensitizer,
590,NCGC00381558-06,AZD-2461,-0.4888419114592506,-0.17710070614579582,-0.6075888735032384,-0.6818361547287176,440.812,457.048,423.438,2.086158,,,1,PARP Inhibitor,PARP1
591,NCGC00161418-13,JTC-801,-0.4866653415857166,-1.40181456749265,-0.05163353487822704,-0.006547922386272688,342.443,512.837,481.894,,,,0,"ORL1 (OP4, NOP) Antagonist",OPRL1
592,NCGC00510002-01,GLPG0187,-0.4865785809423299,0.13427883082504669,-1.2907515450710927,-0.3032630285809438,465.822,388.494,456.209,,,,0,Integrin Receptor Antagonist,
593,NCGC00094571-10,Crotamiton,-0.48387736576196255,-0.4787566358245859,-0.4981796053183992,-0.47469585614290255,416.583,468.027,441.369,,,,0,antipruritic,
594,NCGC00488967-01,Senexin-B,-0.48086697664993194,-0.7216476149035213,-0.18820827032528242,-0.5327450447209922,397.074,499.132,436.344,,,16.172632,1,CDK 8/19 Inhibitor,CDK8
595,NCGC00016806-17,Mebendazole,-0.4790725467204529,-0.19123168473283714,-0.4279739131458703,-0.8180120422826512,439.677,475.072,411.65,,,0.552638,1,Tubulin depolymerization Inhibitor,TUBB
596,NCGC00346825-02,10074-G5,-0.47665450658360187,-0.3673273333100302,-0.5081847884186428,-0.5544513980221326,425.533,467.023,434.465,,,,0,MYC Expression Inhibitor,MYC
597,NCGC00016060-14,Thapsigargin,-0.47259298287529344,0.12827783375107807,-1.7294250112790015,0.18336822890204313,465.34,344.474,498.334,,,,0,SERCA inhibitor,
598,NCGC00387038-01,GDC-046,-0.4704460341046181,-0.814700420154224,-0.5517830713504829,-0.044854610809147454,389.6,462.648,478.578,,,,0,Tyk 2 Inhibitor,TYK2
599,NCGC00505021-01,Indotecan hydrochloride (LMP-400),-0.4687832023702664,-0.6843094609100967,-0.500750658346151,-0.22128948785455144,400.073,467.769,463.305,,0.001177,,1,DNA Topoisomerase I Inhibitor,TOP1
600,NCGC00351477-05,UNC-1999,-0.46591122074697966,-0.941368769180268,-0.33294460433717843,-0.12342028872349257,379.426,484.608,471.777,,,26.931134,1,EZH1 Inhibitor,EZH1
601,NCGC00347910-01,CK-59,-0.4655086328091269,-0.5152730765257253,-0.8680624550512234,-0.01319036685043202,413.65,430.91,481.319,,,,0,CaMK-II Inhibitor,CAMKK2
602,NCGC00015185-06,Carbidopa,-0.46491016842681204,-0.40251160246155393,-0.5994272749383978,-0.3927916278804844,422.707,457.867,448.459,,,,0,Aromatic-L-amino-acid decarboxylase Inhibitor,DDC
603,NCGC00346946-02,CDK9 Inhibitor,-0.4631859426946872,0.08769017719270367,-1.5669404391181667,0.08969243384140144,462.08,360.779,490.225,,,,0,CDK 9 Inhibitor,CDK9
604,NCGC00186528-19,TEPP-46,-0.46281793636724733,-1.147905160176242,-0.07096625919543152,-0.1695823897300684,362.837,510.897,467.781,,,0.008624,1,PKM2 Activator,PKM2
605,NCGC00015705-13,Memantine hydrochloride,-0.46114254556683126,-0.22739951979482462,-0.8674246744551922,-0.288603442450477,436.772,430.974,457.478,,,,0,NMDA Antagonist,GRIN2A
606,NCGC00386141-07,Rigosertib (ON-01910),-0.46025687666293885,0.11769516256254527,-0.3885212040882349,-1.109944588463127,464.49,479.031,386.379,0.060205,0.146944,0.102757,3,Tubulin depolymerization Inhibitor,TUBB
607,NCGC00510483-02,Amcasertib,-0.4598354600901008,-1.073191501585197,0.030969017629663635,-0.3372838963147691,368.838,521.126,453.264,,,,0,PDGFR alpha Inhibitor,PDGFRA
608,NCGC00510479-01,Ensartinib,-0.45981320753462096,-0.3634926712793618,-0.4816770323960844,-0.5342699189284167,425.841,469.683,436.212,,,,0,ALK Inhibitor,ALK
609,NCGC00509942-01,EOS-200271,-0.457526376393221,0.12926139966154185,-0.9359063659540735,-0.5659341628871315,465.419,424.102,433.471,0.012366,,0.001084,2,IDO Inhibitor,IDO1
610,NCGC00025202-12,Mevastatin,-0.45691479496546633,-0.35792743125433313,-1.0252953026166116,0.012478348974545715,426.288,415.132,483.541,,,46.1,1,HMG-CoA Reductase Inhibitor,HMGCR
611,NCGC00164566-07,Pitavastatin calcium,-0.45641724191832506,-0.7627830803234202,-0.39703158891652995,-0.20943705651502503,393.77,478.177,464.331,,3.076662,13.813613,2,HMG-CoA Reductase Inhibitor,HMGCR
612,NCGC00345831-03,SB-242235,-0.455988526667895,-0.318896049870743,-0.35839603624756033,-0.6906734938853818,429.423,482.054,422.673,,,,0,p38 MAPK Inhibitor,MAPK14
613,NCGC00344505-01,Calindol,-0.4508031313043597,-0.3342595983962134,-0.3913015288740596,-0.6268482666428062,428.189,478.752,428.198,,,,0,Calcium-Sensing Receptor (CaSR) Agonist,CASR
614,NCGC00015086-06,Acetylcysteine,-0.4446902342920291,-0.517949869826354,-0.5189573012984874,-0.2971635317512458,413.435,465.942,456.737,,,,0,NF-kappaB Activation Inhibitor,NFKB1
615,NCGC00250407-05,CHIR-265,-0.44310041735041594,-1.0736646092383315,-0.1029549422151357,-0.15268170059778066,368.8,507.687,469.244,0.27109,,,1,Raf kinase B/C Inhibitor,BRAF
616,NCGC00263085-12,Wnt-C59,-0.44121500148702214,-0.25239952420255934,-0.5749125832784376,-0.4963328969800695,434.764,460.327,439.496,,,46.1,1,Wnt Signaling Inhibitor,PORCN
617,NCGC00344515-02,Piperaquine,-0.4408953972969184,-0.2751833927614013,-0.6784622422372378,-0.3690405568921161,432.934,449.936,450.515,0.001786,,33.751982,2,antimalarial agents,
618,NCGC00408930-02,NCGC00408930,-0.43876355236997555,-0.8095958375809318,0.13927213509326136,-0.6459669546222563,390.01,531.994,426.543,,46.1,,1,NRF2 Inhibitor,
619,NCGC00021305-08,Sirolimus,-0.4372837356429666,-0.5383931005223205,-0.1831259562006566,-0.5903321502059227,411.793,499.642,431.359,,,,0,mTOR Inhibitor,MTOR
620,NCGC00390570-02,HG-6-64-1,-0.4361278752719786,0.0761114898923084,-1.2533118310196822,-0.13118328468856205,461.15,392.251,471.105,,,,0,Raf kinase B Inhibitor,BRAF
621,NCGC00263169-06,Plinabulin,-0.43560565485617025,0.440914841063147,-1.1921945123406017,-0.5555372932910561,490.451,398.384,434.371,,,0.044327,1,Tubulin polymerization Inhibitor,TUBB
622,NCGC00378801-04,BIX02188,-0.4348942848788953,-0.43256638863698815,-0.5074772505699207,-0.3646392154297771,420.293,467.094,450.896,,,,0,Mitogen-activated protein kinase 7 Inhibitor,
623,NCGC00386210-03,Golvatinib,-0.43197294378205564,-0.7877457341269604,-0.16529799547721402,-0.3428751017419925,391.765,501.431,452.78,,,,0,VEGFR-2 Inhibitor,KDR
624,NCGC00386757-02,OTX-008,-0.4301455941530603,0.11434605838640939,-1.4374311168365226,0.03264827599093232,464.221,373.775,485.287,0.000353,0.215531,0.046448,3,Allosteric Inhibitor of galectin-1,
625,NCGC00379060-01,NVP-LCQ195,-0.42944473400416683,-0.3345833036325686,-0.2984845215078524,-0.6552663768720796,428.163,488.066,425.738,,,,0,CDK1/2 Inhibitor,CDK1
626,NCGC00159559-10,Eplerenone,-0.42881099720289834,-1.2429873482548635,-0.5707769747260457,0.5273313313722141,355.2,460.742,528.109,,0.004932,,1,Mineralocorticoid Receptor (MR) Antagonist,NR3C2
627,NCGC00167982-11,Pirarubicin,-0.4284691632907791,-0.5610400168657819,-0.1713369804958871,-0.5530304925106684,409.974,500.825,434.588,,,,0,DNA Topoisomerase II Inhibitor,TOP2A
628,NCGC00346602-01,Lappaconitine,-0.4281604747877535,-0.4806739668399208,-0.184999436701499,-0.6188080208218407,416.429,499.454,428.894,,0.283634,,1,Antiinflammatory alkaloid,
629,NCGC00510111-01,VLX-600,-0.4267396536598795,-0.6480669246397199,0.1475533175198579,-0.7797053538597765,402.984,532.825,414.966,,46.1,,1,Autophagy Inducer,
630,NCGC00522629-01,ACC-789,-0.42669530149652146,-0.31447622837435535,-0.4558070569695571,-0.509802619145652,429.778,472.279,438.33,,,,0,VEGFR-2 Inhibitor,KDR
631,NCGC00160515-01,Acarbose,-0.4257447272945522,-0.5087367207916308,-0.3619935174220504,-0.40650394366997544,414.175,481.693,447.272,,,,0,alpha-Glucosidase Inhibitor,GAA
632,NCGC00163540-01,Hesperetin,-0.42517452640446696,-0.042464228224856945,-0.7028673153572548,-0.5301920356312891,451.626,447.487,436.565,0.001087,0.209234,,2,Lipid Lowering Agents,
633,NCGC00345784-11,PF-3758309,-0.42257295795604144,-0.2701535113964985,-0.7577463425814018,-0.23981901989022394,433.338,441.98,461.701,,,,0,p21-Activated Kinase 4 (PAK4) Inhibitor,PAK4
634,NCGC00379161-04,ML-228,-0.4188614306763068,-0.8772004311735618,-0.13552161389999387,-0.24386224695536474,384.58,504.419,461.351,,46.1,,1,HIF-1alpha Activator,HIF1A
635,NCGC00507847-01,Ozanimod,-0.40996110248469725,-1.0560973750653664,-0.1600064095945152,-0.013779522794210158,370.211,501.962,481.268,,,1.546144,1,Lysophospholipid edg8 (S1P5) Receptor Agonist,S1PR1
636,NCGC00093347-12,Mestranol,-0.40853974296383627,-0.5102929959664152,-0.42690762371188046,-0.2884186092132132,414.05,475.179,457.494,,,,0,Estrogen Receptor (ER) Agonist,ESR1
637,NCGC00522580-01,CC-115,-0.40391600416037304,-0.6384055683546589,-0.2881006561787144,-0.2852417879477459,403.76,489.108,457.769,,,,0,DNA-PK Inhibitor,
638,NCGC00025018-11,Yohimbine,-0.4033336018290078,-0.14602500345570316,-0.5943050995265203,-0.4696707025047999,443.308,458.381,441.804,,1.164736,46.1,2,alpha2-Adrenoceptor Antagonist,ADRA2A
639,NCGC00249390-02,Tivozanib (AV-951),-0.4032366729529271,-0.406645069325781,-0.018080296333883313,-0.784984653199117,422.375,516.204,414.509,,,,0,,FLT1
640,NCGC00161703-03,SPC-839,-0.4027099025883418,-0.3989881954658421,-0.2929736985452672,-0.516167813753916,422.99,488.619,437.779,,,,0,IKK beta Inhibitor,IKBKB
641,NCGC00238453-16,TAE-684,-0.4014431779384201,-0.23391097512612172,-0.38824217507747094,-0.5821763836116676,436.249,479.059,432.065,,,,0,ALK Inhibitor,ALK
642,NCGC00386720-01,CP-346086,-0.40019281227878734,-1.0029599154975315,-0.12568584127057053,-0.07193268006826006,374.479,505.406,476.234,,,,0,ApoB Secretion Inhibitor,
643,NCGC00015609-15,Lonidamine,-0.39956380246315515,-0.1666674373740423,-0.5398844771057708,-0.4921394929096523,441.65,463.842,439.859,46.1,,,1,Phosphotransferase (HK) (Trypanosoma brucei) Inhibitor,HK1
644,NCGC00247785-11,,-0.39771866092135566,-1.4227558062445471,0.13252561222586556,0.09707421125461463,340.761,531.317,490.864,,,,0,,
645,NCGC00346489-03,BTZ-10526043,-0.39708298237436157,-0.48785773304672514,-0.4626133717678305,-0.240777842308529,415.852,471.596,461.618,,,,0,tuberculosis pathway Inhibitor,
646,NCGC00247668-03,LDN-57444,-0.39634213386350303,-0.08905288185719926,-1.3515798694175962,0.2516063496842863,447.884,382.39,504.241,3.632777,,,1,"Reversible, competitive Inhibitor of UCH-L1 deubiquitinase",
647,NCGC00420887-01,CPI-203,-0.39340561574778354,-0.20196375833814995,-0.37901428707864043,-0.5992388018265603,438.815,479.985,430.588,0.0014,0.822844,,2,IL-6 Production Inhibitor,
648,NCGC00242249-05,SB-590885,-0.39269898320922525,-0.7135923345988379,0.026225524446679443,-0.4907301394755174,397.721,520.65,439.981,,,,0,Raf kinase B Inhibitor,BRAF
649,NCGC00480828-04,ORY-1001,-0.39162433946289427,-0.5786321514415437,-0.3135520880890963,-0.28268877885804283,408.561,486.554,457.99,20.86438,,,1,Lysine-Specific Histone Demethylase 1A (KDM1A; LSD1) Inhibitor,KDM1A
650,NCGC00346671-06,Anacetrapib,-0.39143721054959346,-0.41781289998003296,-0.13147569324391906,-0.6250230384248283,421.478,504.825,428.356,,,,0,Cholesteryl Ester Transfer Protein (CETP) Inhibitor,CETP
651,NCGC00387824-01,CUDC-305,-0.390268779513115,-0.7958010144316437,-0.19370912796605425,-0.1812961961416471,391.118,498.58,466.767,,,4.427587,1,Heat Shock Protein 90 (hsp90) Inhibitor,HSP90AB1
652,NCGC00344626-12,GSK-J4,-0.387747870070582,-0.8787193557441508,0.1575485352982882,-0.4420727897658834,384.458,533.828,444.193,,,,0,Lysine-Specific Demethylase 6A (UTX) Inhibitor,KDM6A
653,NCGC00346600-02,Dioscin,-0.38612010358331506,-0.10886115228185392,0.061323387872037796,-1.1108225463401291,446.293,524.172,386.303,,,,0,peroxiredoxins (PRDX) 1/6,PRDX1
654,NCGC00346879-04,PNU-74654,-0.3844238351547528,-0.18211813730930063,-0.26536975712327954,-0.7057836110316783,440.409,491.389,421.365,,,,0,Wnt Signaling Inhibitor,TCF4
655,NCGC00351603-15,Ceritinib,-0.38423908438670834,-0.19484224313833695,-0.22731219311946288,-0.7305628169023252,439.387,495.208,419.22,,,,0,ALK Inhibitor,ALK
656,NCGC00015144-05,O6-Benzylguanine,-0.383835152036387,-0.28211815494024034,-0.39366331014373895,-0.4757239910251818,432.377,478.515,441.28,,,46.1,1,MGMT Inhibitor,MGMT
657,NCGC00386317-04,Ribociclib (LEE011),-0.3823931138394798,-0.2651360802329944,-0.7862670936101852,-0.09577616767525989,433.741,439.118,474.17,,,,0,CDK4/6 Inhibitor,CDK4
658,NCGC00167507-13,Lapatinib,-0.3811003697584933,-0.4371978635571464,-0.40110740553804414,-0.30499584018028947,419.921,477.768,456.059,,,,0,EGFR Inhibitor,EGFR
659,NCGC00183677-03,Hypothemycin,-0.3809580983490286,-0.3296281234760558,-0.2637852709550139,-0.5494609006160162,428.561,491.548,434.897,,,,0,Mek 1/2 Inhibitor,MAP2K1
660,NCGC00015257-18,Clofibrate,-0.37714261910977953,-0.045987635220568084,-0.6443609109931789,-0.44107931111559157,451.343,453.358,444.279,0.001375,,,1,PPARalpha Agonist,PPARA
661,NCGC00181131-08,Epothilone B,-0.3767388913570837,0.14994118418407565,0.2989165905373932,-1.57907444879272,467.08,548.014,345.769,,0.05293,0.027317,2,Tubulin depolymerization Inhibitor,TUBB
662,NCGC00015226-17,Mitotane,-0.374501729834961,-0.36753898673380087,-0.16986211286756406,-0.586104089903518,425.516,500.973,431.725,,,,0,Antineoplastic Agent,
663,NCGC00345447-10,3-Methyladenine,-0.3730745989047236,-0.21456336215320362,-0.5059425910107199,-0.39871784355024725,437.803,467.248,447.946,,,,0,PI3K Inhibitor,PIK3CA
664,NCGC00263173-05,Rucaparib,-0.3726004837141428,-0.48206838939652713,-0.23341097006901423,-0.402322091676887,416.317,494.596,447.634,,46.1,30.476954,2,PARP Inhibitor,PARP1
665,NCGC00498399-01,Aderbasib,-0.37072987155819265,-0.5314085375378889,-0.4339331755900397,-0.14684790154664934,412.354,474.474,469.749,,0.010778,,1,ADAM10 Inhibitor,ADAM10
666,NCGC00095192-05,Tegaserod maleate,-0.37045971811187245,-0.4889284503669762,-0.7972588435699155,0.1748081396012743,415.766,438.015,497.593,,,,0,5-HT4 Partial Agonist,HTR4
667,NCGC00345848-02,AMG-1,-0.36986712665945487,-0.7078901423584285,-0.13611953320877343,-0.2655917044111626,398.179,504.359,459.47,,0.025602,,1,HGFR Inhibitor,MET
668,NCGC00499577-01,JAK3i,-0.3681746379301179,-0.2832511232674834,-0.2852007475311337,-0.5360720429917365,432.286,489.399,436.056,,,,0,Jak3,JAK3
669,NCGC00482799-01,GSK-2256098,-0.36802178465529184,-0.0011918105895773591,-0.5839909914500734,-0.5188825519262248,454.941,459.416,437.544,0.001224,31.185852,,2,Focal Adhesion Kinase (FAK) Inhibitor,PTK2
670,NCGC00384172-01,WDR5-C47,-0.36700976971478594,0.028165764307553715,-0.5647280243855598,-0.5644670490663518,457.299,461.349,433.598,46.1,46.1,,2,Inhibitor of WDR5-MLL interaction. Not the mest WDR5-MLL Inhibitor available but this one offers a different chemotype.,
671,NCGC00015482-15,Gallamine triethiodide,-0.36493653459280423,-0.5391650130090136,-0.4537342700324545,-0.1019103207369446,411.731,472.487,473.639,,,,0,Muscarinic M2 Antagonist,ACHE
672,NCGC00347286-15,GSK-126,-0.3637974486150663,-0.07617937361138363,-1.1425074177810237,0.12729444554720845,448.918,403.37,493.48,,,,0,EZH2 Inhibitor,EZH2
673,NCGC00093356-10,Cytarabine,-0.36346910516792774,-1.6671906102968688,0.3277761625078177,0.2490071322852678,321.128,550.91,504.016,0.038358,,0.012852,2,DNA Polymerase Inhibitor,
674,NCGC00179642-05,Isoconazole nitrate,-0.36279434785114695,-1.0494738679214846,0.06718299709807676,-0.10609217273003309,370.743,524.76,473.277,,23.374088,,1,Antifungal Agent,
675,NCGC00238451-09,Olaparib,-0.36037064440908795,0.016425224388981162,-0.5341444517414872,-0.5633927058747578,456.356,464.418,433.691,,,,0,PARP Inhibitor,PARP1
676,NCGC00183285-06,Nilotinib,-0.35992394103022185,-0.20757879916877198,-0.11986609333178316,-0.7523269305901105,438.364,505.99,417.336,,,,0,Bcr-Abl Inhibitor,ABL1
677,NCGC00263087-10,Volasertib,-0.35940697525885174,0.21112147385519656,-0.674346564328472,-0.6149958353032798,471.994,450.349,429.224,,,,0,Polo-like Kinase-1 (Plk-1) Inhibitor,PLK1
678,NCGC00181129-08,Dasatinib,-0.3591715430598905,-0.08899063085020793,-0.5691625925923413,-0.4193614057371224,447.889,460.904,446.159,,,,0,Bcr-Abl Inhibitor,ABL1
679,NCGC00263128-02,PD-0220245,-0.35694168988946273,-0.04769331281213168,-0.8128745028508741,-0.21025725400538242,451.206,436.448,464.26,,,,0,CXCR1/CXCR2 Receptor Antagonist,CXCR1
680,NCGC00189130-07,UNC-0631,-0.356679629671817,-0.35664506051031075,-0.32934712316268844,-0.3840467053424518,426.391,484.969,449.216,,,,0,EHMT2 Inhibitor,EHMT2
681,NCGC00263233-01,IPFK2,-0.3565930156733754,0.13472703807538458,-0.46814412537404115,-0.7363619597214697,465.858,471.041,418.718,,,,0,Inducible phosphofructokinase-2 Inhibitor,PFKFB2
682,NCGC00263166-10,Obatoclax,-0.35485622927758437,-0.5558731832854977,-0.23376972165428195,-0.27492578289297337,410.389,494.56,458.662,,,,0,Bcl-xL Inhibitor,BCL2L1
683,NCGC00179308-13,Fluticasone propionate,-0.3516152980109836,-1.0289932866213234,-0.34158453834904273,0.3157319309374152,372.388,483.741,509.792,,,,0,Corticosteroid,
684,NCGC00507855-03,SGI-7079,-0.35146861882240216,0.03035699975365056,-0.9618162026678524,-0.12294665355300471,457.475,421.502,471.818,,,,0,AXL Kinase Inhibitor,AXL
685,NCGC00346571-07,SB-743921,-0.34979742604848907,-0.09159272294244733,0.46521788095260386,-1.4230174361556238,447.68,564.702,359.278,,,,0,Kinesin-Like Spindle Protein Inhibitor,KIF11
686,NCGC00499183-01,XMU-MP-1,-0.34971780970086713,0.05752333920468478,-0.5083043722803987,-0.5983723960268875,459.657,467.011,430.663,,,46.1,1,MST1/2,MST
687,NCGC00250388-04,KRP-203,-0.34964607355318944,-0.39337315463522077,-0.27151836068189583,-0.3840467053424518,423.441,490.772,449.216,,,,0,S1P1/3/4 Agonist,S1PR1
688,NCGC00390552-02,CGM-097,-0.34950425384822886,-0.34871428221960993,-0.07722448129399037,-0.6225739980310863,427.028,510.269,428.568,,,,0,MDM2 (hdm2) Inhibitor,MDM2
689,NCGC00510494-01,RRx-001,-0.3494408647768394,-0.014525976287128857,-0.5362969612530936,-0.49749965679029573,453.87,464.202,439.395,,,,0,Radiosensitizers,
690,NCGC00168085-26,Vorinostat (SAHA),-0.3489468354777765,-0.49430693737103093,-0.44127761776621444,-0.11125595129608405,415.334,473.737,472.83,,,0.001456,1,HDAC Inhibitor,HDAC1
691,NCGC00346634-02,WAY-600,-0.34765116063346135,-0.16284522554477185,-0.45743140442507485,-0.4226768519305374,441.957,472.116,445.872,,,,0,mTOR Inhibitor,MTOR
692,NCGC00015735-18,Niclosamide,-0.3461708299367356,-0.5536321470338083,-0.46778537378877344,-0.017094968987625147,410.569,471.077,480.981,,,3.177668,1,STAT-3 Inhibitor,STAT3
693,NCGC00161599-13,Troglitazone,-0.34392386912267725,-1.0728677963488424,-0.07274008647814408,0.11383627545895468,368.864,510.719,492.315,,,46.1,1,CCL2 Expression Inhibitor,CCL2
694,NCGC00378965-05,XMD17-109,-0.3436481102586163,-0.3958133941092822,-0.2396592268457603,-0.3954717098208064,423.245,493.969,448.227,,,,0,ERK5 Inhibitor,ERK5
695,NCGC00346478-06,AST-1306,-0.343497094500696,-1.511438590804456,0.1585151715141482,0.32243213578822,333.638,533.925,510.372,,,,0,HER2/4 Inhibitor,ERBB2
696,NCGC00346582-03,Mubritinib,-0.343207769874145,-2.360069218513635,0.7740033426499743,0.5564425662412258,265.476,595.688,530.629,,,35.167558,1,HER2 Inhibitor,ERBB2
697,NCGC00263185-09,Dacomitinib,-0.342356475182902,-0.5160823396166131,-0.24556866268086475,-0.26541842325122816,413.585,493.376,459.485,,,,0,EGFR Inhibitor,EGFR
698,NCGC00241104-09,Doramapimod,-0.34187055352941487,-1.0125714709769993,-0.19025116129694564,0.17721097168570035,373.707,498.927,497.801,,,22.193144,1,p38 MAPK Inhibitor,MAPK14
699,NCGC00186465-06,MK-2206,-0.34154491690283206,-0.16372918984404894,0.047501486517417306,-0.9084070473818646,441.886,522.785,403.825,,,,0,AKT Inhibitor,AKT1
700,NCGC00386427-01,Poziotinib,-0.34130371881651667,-0.6826784845269225,0.14368677265641666,-0.4849194445790442,400.204,532.437,440.484,,,,0,EGFR Inhibitor,EGFR
701,NCGC00166035-05,Demecolcine,-0.34112750911862577,0.28068074906735546,-0.5504078569402903,-0.7536554194829425,477.581,462.786,417.221,0.001529,0.604106,0.13124,3,Tubulin polymerization Inhibitor,TUBB
702,NCGC00346676-04,CCT-137690,-0.33992075409921196,0.04817323795458101,-0.40003115078224094,-0.6679043494699759,458.906,477.876,424.644,,,,0,Aurora-A/B/C Kinase Inhibitor,AURKA
703,NCGC00024994-12,Selegiline hydrochloride,-0.33962106964888134,0.15477186232660653,-0.6083362726392126,-0.5652987986340379,467.468,456.973,433.526,0.001714,13.462544,,2,MAO-B Inhibitor,MAOB
704,NCGC00489906-01,VU0661013,-0.3379417234648912,-1.0988264662642442,0.5166887681167073,-0.43168747224713666,366.779,569.867,445.092,,,,0,Mcl-1 Inhibitor,MCL1
705,NCGC00345840-03,Merck-22-6,-0.337682111353796,-0.1342222125301393,-0.3906238869907763,-0.4882002345404724,444.256,478.82,440.2,,,,0,AKT Inhibitor,AKT1
706,NCGC00167524-02,Amorolfine hydrochloride,-0.3353775553442802,0.0832205548907234,-0.137614331480722,-0.951738889442842,461.721,504.209,400.074,,0.233715,,1,Antifungal Agent,
707,NCGC00015205-10,PK 11195,-0.3315623051612123,0.4622793866625852,0.22065891833996631,-1.6776252204861886,492.167,540.161,337.238,,46.1,,1,,NR1I3
708,NCGC00483922-01,AZD-3759,-0.32986438678763075,-2.4661573846283313,0.9165174098975736,0.5600468143678655,256.955,609.989,530.941,0.966331,,,1,EGFR Inhibitor,EGFR
709,NCGC00346453-03,BMS-754807,-0.32919321509533817,0.6263232402862492,-0.3759150719948001,-1.2379878135774636,505.343,480.296,375.295,,,0.531922,1,IGF-1R Inhibitor,IGFR1
710,NCGC00182713-18,Canertinib,-0.32899811681577673,-0.14652301151163438,-0.2035150046300382,-0.6369563343056577,443.268,497.596,427.323,,,,0,EGFR Inhibitor,EGFR
711,NCGC00346552-08,PD-318088,-0.3288798282139467,-0.48193143718114656,-1.1103393589686854,0.6056313115079919,416.328,406.598,534.887,2.825557,,0.00405,2,Mek 1/2 Inhibitor,MAP2K1
712,NCGC00249684-04,VX-702,-0.3266567077679669,-0.07578096716663907,-0.7757437137756659,-0.12844544236159583,448.95,440.174,471.342,0.002757,,0.01626,2,p38 MAPK Inhibitor,MAPK14
713,NCGC00420704-02,AT-IAP,-0.3246961226238359,-0.07488455266596328,-0.6668127810378498,-0.23239103416769463,449.022,451.105,462.344,,,,0,IAP Inhibitor,XIAP
714,NCGC00346505-02,Epothilone A,-0.3235347859694557,0.08445312482915243,0.5062152148912533,-1.5612726976287727,461.82,568.816,347.31,,,0.020379,1,Tubulin depolymerization Inhibitor,TUBB
715,NCGC00263162-08,RO-4929097,-0.3234812050212717,-0.5189583361396145,-0.18417231499102094,-0.2673129639331796,413.354,499.537,459.321,,,,0,g-Secretase Inhibitor,NOTCH1
716,NCGC00188690-09,Prasugrel,-0.32293518132395493,0.4553446244837469,-0.42095832658952387,-1.003191841866088,491.61,475.776,395.62,46.1,,0.003953,2,P2Y12 (P2T) Antagonist,P2RY12
717,NCGC00249389-22,LDN-193189,-0.32291920486313486,-0.2597077924233463,-0.2024586805178611,-0.5065911416481972,434.177,497.702,438.608,,,,0,ALK2 Inhibitor,ACVR1
718,NCGC00092309-06,SKI-II,-0.32287986079756126,-0.6462616454369697,-0.2222697402820892,-0.10010819667362475,403.129,495.714,473.795,,,21.503091,1,Sphingosine Kinase Inhibitor,SPHK1
719,NCGC00346710-03,Bindarit,-0.3222662407781087,-0.48946380902710207,-0.5761881444705005,0.09885323116327642,415.723,460.199,491.018,,,,0,non-steroidal antiinflammatory,
720,NCGC00165952-05,XCT-790,-0.3222064044387561,-0.06162508817680108,-0.30411492833219284,-0.6008791968072744,450.087,487.501,430.446,0.001734,,0.001091,2,"Estrogen-Related Receptor alpha (ERRalpha, ERR1) Inverse Agonist",ESR1
721,NCGC00095709-08,Tanshinone IIA,-0.32217191281831375,-0.2750464405460207,-0.3911520490468649,-0.30031724886205574,432.945,478.767,456.464,,,,0,TNF-alpha Production Inhibitor,TNF
722,NCGC00507889-01,Mivebresib (ABBV-075),-0.32087257471669417,-0.48702356955304066,-0.250122814749402,-0.22547133984763992,415.919,492.919,462.943,,,,0,Brd4 Inhibitor,BRD4
723,NCGC00162453-19,Trichostatin A,-0.3200874844042767,-0.4681988650388498,-0.5435417502111385,0.05147816203715823,417.431,463.475,486.917,,,,0,HDAC Inhibitor,HDAC1
724,NCGC00162288-12,Valproic acid sodium salt,-0.31805324028728943,-0.12911762995684647,-0.36259143673082994,-0.46245065417419184,444.666,481.633,442.429,,,,0,GSK-3 Inhibitor,GSK3B
725,NCGC00263183-02,MK-1775,-0.31719922969261194,-0.041194307682232555,0.12714433844685022,-1.0375477198424534,451.728,530.777,392.646,0.763562,16.519962,,2,Wee1 Kinase Inhibitor,WEE1
726,NCGC00346931-02,NVP-TAE226,-0.31712589856073753,-0.2531963370920492,-0.3521178835053749,-0.3460634750847885,434.7,482.684,452.504,,,2.661473,1,Focal Adhesion Kinase (FAK) Inhibitor,PTK2
727,NCGC00378431-08,BQU-57,-0.31591621273416204,0.056216068057866456,-0.9616168962315927,-0.04234781002875984,459.552,421.522,478.795,,,,0,Ral GTPase Inhibitor,RALA
728,NCGC00161419-06,Trimetrexate,-0.31564052809868526,-0.10563655011970066,-0.4217156910473115,-0.4195693431290436,446.552,475.7,446.141,3.460223,,46.1,2,Dihydrofolate Reductase (DHFR) Inhibitor,DHFR
729,NCGC00015598-16,beta-Lapachone,-0.3105379998954562,-1.5134181728267817,-0.02747759480353462,0.6092817679439477,333.479,515.261,535.203,,,,0,"Tryptophan 2,3-Dioxygenase (TDO) Inhibitor",TDO2
730,NCGC00183848-01,Troxacitabine,-0.30833691943922836,-0.3932113020170428,-0.6672612205194346,0.13546176421879227,423.454,451.06,494.187,,,,0,DNA Polymerase Inhibitor,POLB
731,NCGC00346635-10,WYE-125132,-0.30828415101650597,-0.6320061648359457,0.02328575451184721,-0.3161320427254194,404.274,520.355,455.095,1.567647,0.322993,,2,mTORC1/2 Inhibitor,MTOR
732,NCGC00488701-03,BAY-876,-0.3062000926493919,0.0613704514367519,-0.7493356109712367,-0.2306351184136909,459.966,442.824,462.496,46.1,,38.30595,2,"Solute Carrier Family 2, Facilitated Glucose Transporter Member 1 (GLUT-1; SLC2A1) Inhibitor",SLC2A1
733,NCGC00390536-02,Aldoxorubicin hydrochlorid,-0.3047943313262007,-1.2342971076788676,0.20993623206918782,0.10997788163107766,355.898,539.085,491.981,,,,0,DNA-Intercalating Drugs,
734,NCGC00250402-05,Dapagliflozin,-0.3027874595374229,0.10823300949985684,-1.148117893961738,0.1315225058496124,463.73,402.807,493.846,,0.196262,,1,SGLT-2 Inhibitor,SCL5A2
735,NCGC00167831-05,SN-38,-0.3003677882511739,-0.6706391397747913,-0.705418437741381,0.47495421276265065,401.171,447.231,523.575,,,1.340326,1,DNA Topoisomerase I Inhibitor,TOP1
736,NCGC00163424-11,Tanespimycin,-0.2994674216324559,-0.2704025154244645,-0.9989968183521256,0.3709970688792225,433.318,417.771,514.576,,,,0,Heat Shock Protein 90 (hsp90) Inhibitor,HSP90AB1
737,NCGC00509996-01,Vadadustat,-0.2990184554928315,0.05216975260342671,-0.6829864983403356,-0.26623862074158555,459.227,449.482,459.414,,,,0,HIF Prolyl Hydroxylase Inhibitor,HIF1A
738,NCGC00402372-02,AZ-82,-0.2977381213484446,-0.036537932359278345,-0.7042026684801959,-0.15247376320585945,452.102,447.353,469.262,,,,0,Kinesin-Like Spindle Protein Inhibitor,KIF11
739,NCGC00386295-01,KPT-276,-0.29766436527192064,-0.08271572934547812,-0.5068295046520762,-0.30344786181820754,448.393,467.159,456.193,46.1,,46.1,2,Exportin-1 Antagonist,XPO1
740,NCGC00346534-03,MC-1568,-0.29589405065675056,-0.33423469799341743,-0.05247062191051784,-0.5009768320663165,428.191,512.753,439.094,,,,0,HDAC Inhibitor,HDAC2
741,NCGC00242492-04,BIBR-1532,-0.2954858729925636,-0.04540247575484958,-0.45994266552194896,-0.3811124777008924,451.39,471.864,449.47,,,,0,Telomerase Inhibitor,TERT
742,NCGC00016418-23,Methoxsalen,-0.2948004417788137,-0.4400738600801477,-0.3554363356691015,-0.08889112958719195,419.69,482.351,474.766,,,,0,Cytochrome P450 CYP1A2 Inhibitor,CYP1A2
743,NCGC00263621-12,I-BET762,-0.29184139304526835,-0.40173968997486076,-0.17776461306526678,-0.2960198760956776,422.769,500.18,456.836,,46.1,46.1,2,Brd4 Inhibitor,BRD4
744,NCGC00346679-10,GW-788388,-0.29166457264158085,-0.32209575163009957,-0.20958388561415012,-0.3433140806804929,429.166,496.987,452.742,,,,0,TGF-bR1 (ALK5) Inhibitor,TGBR1
745,NCGC00345818-01,Ximelagatran,-0.2911741714217154,0.16740881674585487,-0.9675661933539488,-0.07336513765705233,468.483,420.925,476.11,,,10.914291,1,Thrombin Inhibitor,
746,NCGC00016991-07,Proparacaine,-0.2903216150038917,-0.9734031373780279,0.12198230174772008,-0.019544009381367293,376.853,530.259,480.769,,,,0,Sodium Channel Inhibitor,
747,NCGC00481403-01,AZD-3264,-0.2876816938890361,0.012279307323356164,-0.4704261840692162,-0.4048982049212481,456.023,470.812,447.411,0.001985,,,1,IKK beta Inhibitor,IKBKB
748,NCGC00346661-05,Cephalomannine,-0.28740030071914413,-0.09551453638290373,-0.025414773188245334,-0.7412715925862834,447.365,515.468,418.293,0.040251,,1.512378,2,Tubulin depolymerization Inhibitor,TUBB
749,NCGC00187983-01,Thiazovivin,-0.28575062351709724,-0.6746854552292303,-0.1715362869321468,-0.011030128389914594,400.846,500.805,481.506,,,,0,ROCK Inhibitor,ROCK1
750,NCGC00185850-16,BIX-01294,-0.2857444579068861,-1.1565705003494406,0.17171922291636307,0.12761790371241927,362.141,535.25,493.508,,,,0,EHMT2 Inhibitor,EHMT2
751,NCGC00345786-03,Compound 7,-0.28567519403396363,-0.35561169379425434,-0.3543002889824206,-0.147113599325216,426.474,482.465,469.726,,,46.1,1,HDAC Inhibitor,HDAC6
752,NCGC00262604-18,BKM-120,-0.2852176033356364,-0.6865629473631842,0.21388249950713223,-0.3829723621508571,399.892,539.481,449.309,,,,0,PI3Kalpha Inhibitor,PIK3CA
753,NCGC00165833-10,Entinostat,-0.284649835297477,-0.41628152520804534,0.04711283896671074,-0.4847808196510965,421.601,522.746,440.496,,46.1,,1,HDAC Inhibitor,HDAC1
754,NCGC00484067-03,Entrectinib,-0.2837573653616366,0.18193820177764075,-0.4777307649581394,-0.5554795329044112,469.65,470.079,434.376,,,,0,"TrkA/B/C,ROS1,ALK Inhibitor",NTRK1
755,NCGC00344549-05,Oxandrolone,-0.2821917100929437,-0.08241692451191952,-0.35413087851159925,-0.4100273272553123,448.417,482.482,446.967,0.001577,,,1,Synthetic Steroid,
756,NCGC00387832-02,17-AAG (KOS953),-0.2810393380001098,-0.564712826278273,-0.37669236709621323,0.098287179374157,409.679,480.218,490.969,,3.794576,,1,Heat Shock Protein 90 (hsp90) Inhibitor,
757,NCGC00482879-02,Tucatinib,-0.2802888506671143,-0.6583756913974909,-0.3165317193111807,0.1340408587073287,402.156,486.255,494.064,0.003346,,45.588795,2,HER2 Inhibitor,ERBB2
758,NCGC00521943-01,TAK-931,-0.2771593059952765,-0.9502955635828306,-0.419961794408225,0.5387794400052262,378.709,475.876,529.1,,,,0,CDK 7 Inhibitor,CDK7
759,NCGC00510232-02,LXS-196,-0.27601677468017105,-0.31663011321625684,-0.0859939644894233,-0.42542624633483295,429.605,509.389,445.634,,46.1,46.1,2,"PKC-alpha, PKC-theta Inhibitor",PRKCA
760,NCGC00492447-02,ARS-853,-0.27321036776916335,0.2661140134313742,-1.0568554767983576,-0.028889639940506737,476.411,411.965,479.96,0.001172,0.250853,46.1,3,KRAS (G12C) Inhibitor,KRAS
761,NCGC00345812-03,Ingenol mebutate,-0.2699153869916336,-0.6975066743922677,-0.1286455418490294,0.01640605526639624,399.013,505.109,483.881,,,,0,PKC Activator,PRKCA
762,NCGC00346628-05,LY-2608204,-0.2695673520506306,-0.1657834730747645,-0.11333880754427367,-0.5295797755328536,441.721,506.645,436.618,,,,0,Glucokinase Activator,GCK
763,NCGC00511354-01,TP-3654,-0.2693829487685803,-0.2658457417126955,-0.2807661793243524,-0.2615369252686931,433.684,489.844,459.821,0.001604,46.1,,2,Pim-1/3 kinase Inhibitor,PIM1
764,NCGC00165811-08,IMD-0354,-0.2653948684266443,-0.31843539241900715,-0.25371033060207876,-0.22403888225884702,429.46,492.559,463.067,,,,0,IKK beta Inhibitor,IKBKB
765,NCGC00511370-01,ACY-738,-0.2641455211081118,-0.39763112351343044,-0.1910982136510503,-0.20370722615985468,423.099,498.842,464.827,,,18.270777,1,HDAC Inhibitor,HDAC1
766,NCGC00507884-01,WNK-463,-0.2639337995816167,-0.9180121913571049,0.2110124868249904,-0.08480169421273569,381.302,539.193,475.12,,,20.532943,1,WNK kinase Inhibitor,WNK1
767,NCGC00345858-03,Takeda-6d,-0.26312721903839653,-0.8099195428172871,-0.04280425975191644,0.063342145454014,389.984,513.723,487.944,,0.001132,0.00129,2,VEGFR-2 Inhibitor,FLT1
768,NCGC00346699-02,TAK-285,-0.2628026623687114,0.1259620962909993,-0.4597632897293148,-0.4546067936678188,465.154,471.882,443.108,,,,0,EGFR Inhibitor,EGFR
769,NCGC00483927-02,ARV-825,-0.2619156958340061,-0.15190149851568843,-0.33856504583970615,-0.2952805431466237,442.836,484.044,456.9,16.930704,0.084225,29.111229,3,Brd4 Inhibitor,BRD4
770,NCGC00346955-02,A-770041,-0.26133532047676306,-0.4603925887621316,-0.06454859194786462,-0.2590647807202929,418.058,511.541,460.035,,,,0,Lck Kinase Inhibitor,LCK
771,NCGC00346498-01,Danoprevir,-0.26123824915389093,-0.5097451871048913,-0.15287123917641282,-0.12109832118036874,414.094,502.678,471.978,,,,0,HCV Protease Inhibitor,
772,NCGC00163415-09,Parthenolide,-0.26122485590187233,-0.9904350128908671,0.04438234078995092,0.16237810439529912,375.485,522.472,496.517,,,,0,NF-kappaB Activation Modulator,NFKB1
773,NCGC00167977-09,Bicalutamide,-0.2609072470753207,-0.008599680421550255,-0.36308970282147907,-0.4110323579829328,454.346,481.583,446.88,,,,0,Androgen Receptor Antagonist,AR
774,NCGC00387863-04,Torkinib,-0.2560905633727714,-0.6758682243620667,0.023196066615530135,-0.11559953237177761,400.751,520.346,472.454,,8.761032,,1,mTOR Inhibitor,MTOR
775,NCGC00015300-11,Vanoxeamine,-0.25390096032688775,0.19750095352548375,-0.2762817845085061,-0.682922049997641,470.9,490.294,423.344,,,,0,Dopamine Reuptake Inhibitor,
776,NCGC00346707-05,Lonafarnib,-0.25220990269442045,-0.19307431453978205,-0.07082674469004954,-0.49272864885342976,439.529,510.911,439.808,,,,0,Farnesyltransferase Inhibitor,COX10
777,NCGC00091544-23,Estradiol,-0.2519748472141245,-0.2256315911962697,-0.40226338286835106,-0.1280295675777528,436.914,477.652,471.378,0.001774,,,1,Estrogen Receptor (ER) Agonist,ESR1
778,NCGC00390693-06,ELR-510444,-0.24945686203067627,0.6332704526664862,-0.11180414798507293,-1.269836890773442,505.901,506.799,372.538,0.009951,0.07786,0.097417,3,Tubulin polymerization Inhibitor,TUBB
779,NCGC00346504-07,Avagacestat,-0.2492337446324016,-0.1722949284060623,-0.4233599691464548,-0.15204633634468773,441.198,475.535,469.299,0.001435,,46.1,2,g-Secretase Inhibitor,NOTCH1
780,NCGC00390770-02,Arglabin,-0.2479028443440284,-0.10493933884139751,-0.08970106420385647,-0.5490681299868312,446.608,509.017,434.931,,,,0,Farnesyltransferase Inhibitor,COX10
781,NCGC00347284-02,XL647,-0.2469040344014255,-0.7179374548868355,-0.03175271786130793,0.008978069543866932,397.372,514.832,483.238,,,,0,,EGFR
782,NCGC00346450-01,Triciribine phosphate,-0.2465473180600185,-0.32629146950131793,-0.5375027651924654,0.12415228051372788,428.829,464.081,493.208,38.571832,19.486965,10.184089,3,AKT Inhibitor,AKT1
783,NCGC00263084-02,Hh-Ag1.5,-0.2449135904540567,-0.1453900431843913,-0.18981268713717417,-0.39953804104060464,443.359,498.971,447.875,,,,0,Smoothened (Smo) receptor Agonist,SMO
784,NCGC00015823-23,Piroxicam,-0.24334077516790775,-0.28098518661299726,-0.23219520080782904,-0.21684193808289695,432.468,494.718,463.69,,,,0,Cyclooxygenase Inhibitor,PTGS1
785,NCGC00347943-09,GSK-J1,-0.23847898665545297,-0.4917421958829862,-0.3153857073026865,0.09169094321931377,415.54,486.37,490.398,,,,0,H3K27 Histone Demethylases UTX and JMJD3 Inhibitor,KDM6B
786,NCGC00390520-02,Vinflunine (Tartrate),-0.23828409452929517,0.1574611058286339,0.14569976766264103,-1.0180131570791604,467.684,532.639,394.337,46.1,,2.616417,2,Tubulin polymerization inhibitor,
787,NCGC00016610-12,Tolnaftate,-0.23734642844813097,-0.3403103962757753,-0.20862721472010284,-0.1631016743485148,427.703,497.083,468.342,,,46.1,1,Fungal Squalene Monooxygenase Inhibitor,
788,NCGC00164622-16,Voriconazole,-0.23642295032550462,-0.5726311543675751,-0.04999922210089648,-0.0866384745080423,409.043,513.001,474.961,0.034098,,,1,Lanosterol 14alpha-demethylase Inhibitor,CYP51A1
789,NCGC00346943-03,GSK-923295,-0.23585702481219745,-0.3822551247865614,0.31832903742910146,-0.6436449870791324,424.334,549.962,426.744,,,,0,Centromere Associated Protein (CENP) Inhibitor,CENPE
790,NCGC00510921-01,Lucanthone,-0.23538781924835808,-0.10530039468194742,-0.2904724027702065,-0.31039066029292034,446.579,488.87,455.592,,,,0,DNA Topoisomerase II Inhibitor,TOP2A
791,NCGC00344509-02,AC-265347,-0.23474717122240968,-0.4201784382457051,-0.0669900957920477,-0.2170729796294762,421.288,511.296,463.67,46.1,,29.192928,2,Calcium-Sensing Receptor (CaSR) Agonist,CASR
792,NCGC00484075-02,AZD-8835,-0.23371558942574946,-0.8412193491325484,-0.1418695238948698,0.2819421047501698,387.47,503.782,506.867,,9.382178,,1,PI3Ka/d Inhibitor,PIK3CA
793,NCGC00346567-12,AZD-8330,-0.233191252732535,-1.4934729501867456,0.012722513390075085,0.7811766785990656,335.081,519.295,550.083,,1.126226,,1,MEK Inhibitor,MAP2K1
794,NCGC00390417-03,GSK-872,-0.23238077625510026,0.25453532613097896,-1.0448472640137019,0.09316960911742216,475.481,413.17,490.526,0.004597,1.235289,,2,RIP3 kinase Inhibitor,RIPK3
795,NCGC00387145-01,HA-130,-0.23189612284014918,-0.16803695952785194,-0.302191621222285,-0.2254597877703106,441.54,487.694,462.944,,,16.25142,1,ENPP2 (Autotaxin) Inhibitor,
796,NCGC00162399-13,KN-93,-0.23149437975583656,-0.23914005971339716,0.20803285560290602,-0.6633759351570185,435.829,538.894,425.036,,,,0,CaMKII inhibitor,
797,NCGC00390655-01,PTC-691,-0.23043159637478852,-4.639206093559967e-05,0.11117989290243614,-0.8024282899658661,455.033,529.175,412.999,,,,0,Polycomb Complex Protein BMI-1 Inhibitor,
798,NCGC00370909-03,BX-471,-0.23040696088042997,-0.5308856290791609,0.04354525375766013,-0.2038805073197891,412.396,522.388,464.812,,0.080225,7.184304,2,Chemokine CCR1 Receptor Antagonist,CCR1
799,NCGC00346503-01,Perifosine,-0.22977424166463695,-0.45923472003209187,0.15825607314701087,-0.38834407810882987,418.151,533.899,448.844,,,,0,PI3K kinase Activator,PIK3CA
800,NCGC00387039-04,Taselisib (GDC-0032),-0.22885776865185603,-0.506620186553924,0.1045031272877319,-0.2844562466893759,414.345,528.505,457.837,1.01807,46.1,12.560218,3,PI3Kalpha Inhibitor,PIK3CA
801,NCGC00015917-09,SB-206553,-0.22849074714051862,-0.003059340799318235,-0.2781154037220963,-0.4042974969001413,454.791,490.11,447.463,,7.513855,,1,5-HT2B Receptor Antagonist,HTR1A
802,NCGC00163318-03,Suramin sodium,-0.22633300413462787,-0.4373597161753237,-0.3012847769373026,0.05964548070874271,419.908,487.785,487.624,0.005961,0.001552,0.017724,3,Fibroblast Growth Factor (FGF) Inhibitor,FGF2
803,NCGC00015647-31,Nocodazole,-0.22435236251780724,0.5076230201551012,-0.022355419391656625,-1.1583246883168663,495.809,515.775,382.191,,0.273806,0.148882,2,Tubulin Polymerization Inhibitor,TUBB
804,NCGC00159459-08,Mycophenolate mofetil,-0.2239457159845566,0.06245361895840163,-0.1151823920796772,-0.6191083748323942,460.053,506.46,428.868,0.001061,46.1,0.734974,3,Inosine 5'-Monophosphate Dehydrogenase (IMPDH) Inhibitor,IMPDH1
805,NCGC00344507-02,Calhex-231,-0.22326136664837162,-0.28626407200586607,0.31603701341211315,-0.699557041351362,432.044,549.732,421.904,,,,0,Calcium-Sensing Receptor (CaSR) Agonist,CASR
806,NCGC00024257-10,Phenylephrine hydrochloride,-0.22305914835809743,-0.18160767905197142,-0.09887912559362204,-0.3886906404286988,440.45,508.096,448.814,0.011157,0.010309,,2,alpha1-Adrenoceptor Agonist,ADRA1A
807,NCGC00507854-01,MI-503,-0.22304604001300635,-0.5444314482004837,0.22062902237452803,-0.3453356942130633,411.308,540.158,452.567,,46.1,46.1,2,Histone methyl transferase Inhibitor,
808,NCGC00386380-02,Tideglusib,-0.21903422402428913,0.0886239422975741,-0.16916454034065467,-0.5765620740297868,462.155,501.043,432.551,0.001937,28.384701,,2,GSK-3 Inhibitor,GSK3B
809,NCGC00476094-01,Dexanabinol,-0.21874577302625695,-0.16638108274188168,-0.20771040511330774,-0.28214583122358144,441.673,497.175,458.037,,,,0,NMDA Receptor Antagonist,
810,NCGC00522470-01,OSU-T315,-0.2176826636471087,-0.2823796091696043,-0.42147652332379965,0.050808141552077885,432.356,475.724,486.859,,,,0,ILK Inhibitor,
811,NCGC00025230-21,SB-431542,-0.217647248321329,-2.1015034358742724,1.1416439949748762,0.3069176959354091,286.244,632.58,509.029,,,,0,TGF-bR1 (ALK5) Inhibitor,TGBR1
812,NCGC00390546-03,ATN-161,-0.21658265358253787,-0.9140530273124539,0.08767169874558874,0.17663336781925157,381.62,526.816,497.751,,,,0,Integrin alphavbeta3 (Vitronectin) Antagonist,
813,NCGC00346572-02,Avasimibe,-0.2160696400656579,0.013524327463183178,-0.6337677739059685,-0.027965473754188425,456.123,454.421,480.04,,,,0,Cyp2C9 Inhibitor,CYP2C9
814,NCGC00015451-11,Flupirtine maleate,-0.21457510383555303,-0.10660766582876646,-0.7849118098436181,0.24779416416572542,446.474,439.254,503.911,,,,0,Voltage-Gated K(V) 7 (KCNQ) Channel Activator,KCNQ1
815,NCGC00015610-29,Leflunomide,-0.21333423187111097,-0.42324118778968106,-0.19808390424195738,-0.01867760358169445,421.042,498.141,480.844,,,,0,DHODH Inhibitor,DHODH
816,NCGC00183784-18,IOX-1,-0.21238702354603983,0.03851188166951995,-0.26748240534763373,-0.4081905469600057,458.13,491.177,447.126,,,,0,Lysine-Specific Demethylase 4A (KDM4A; JMJD2A) Inhibitor,KDM4A
817,NCGC00250410-11,GSK-650394,-0.21215142040541776,-1.0866377190953338,0.23709173400959013,0.21309172386949038,367.758,541.81,500.907,0.254615,0.001748,,2,SGK1 Inhibitor,SGK1
818,NCGC00186030-12,AS-605240,-0.20933541615116236,-0.03703594041520887,-0.7461168120256405,0.15514650398736232,452.062,443.147,495.891,,,,0,PI3K gamma Inhibitor,PIK3CG
819,NCGC00510269-04,AZD-5153 6-Hydroxy-2-naphthoic acid,-0.20900833903296354,0.1575358070370232,-0.6874908237998086,-0.09707000033610513,467.69,449.03,474.058,0.346344,4.178356,0.640318,3,Brd4 Inhibitor,BRD4
820,NCGC00510493-01,Briciclib,-0.20779775574125295,0.5912261225445135,-0.3431789898391211,-0.8714403999291512,502.524,483.581,407.025,0.017253,0.094712,0.041223,3,Polo-like Kinase-1 (Plk-1) Inhibitor,PLK1
821,NCGC00510503-01,Elacestrant,-0.20721566869682245,-0.10325856165263059,-0.02786624235424118,-0.4905222020835956,446.743,515.222,439.999,,,,0,Selective Estrogen Receptor Modulators (SERM),ESR1
822,NCGC00346437-01,Vosaroxin,-0.20662335106735857,0.24304379024037168,-0.43388334898097475,-0.4290304944614726,474.558,474.479,445.322,,,,0,DNA Topoisomerase II Inhibitor,TOP2A
823,NCGC00346522-06,A-922500,-0.20617696008605038,0.3229740832172935,-0.4601320066363953,-0.4813729568390493,480.978,471.845,440.791,0.002133,,,1,Diacylglycerol Acyltransferase Type 1 (DGAT-1) Inhibitor,DGAT1
824,NCGC00014925-06,Topotecan hydrochloride,-0.2061312917548741,-0.3383059138506531,-0.3458098347977511,0.06572187338378196,427.864,483.317,488.15,,,,0,DNA Topoisomerase I Inhibitor,TOP1
825,NCGC00263201-04,AMG-51,-0.20593187288996506,0.23360653758047992,0.10019810826451918,-0.9516002645148943,473.8,528.073,400.086,,,,0,HGFR Inhibitor,MET
826,NCGC00346802-02,Glycyl-H-1152,-0.20522792196759418,0.121592075600205,-0.1622386416806253,-0.5750371998223622,464.803,501.738,432.683,,38.935835,27.442832,2,ROCK II Inhibitor,ROCK2
827,NCGC00263151-07,JNJ-7706621,-0.20427719569842753,-0.15249910818280563,-0.520890573730208,0.060558094817731015,442.788,465.748,487.703,,,,0,Aurora Kinase Inhibitor,AURKA
828,NCGC00499575-01,HDACi-02,-0.20281976878029015,-0.8730669643093348,0.2011268875865027,0.06348077038196168,384.912,538.201,487.956,,,5.277911,1,HDAC Inhibitor,HDAC1
829,NCGC00344481-01,PRP01-012,-0.2021722737332904,-0.18335070724772967,-0.13653807672491883,-0.2866280372272227,440.31,504.317,457.649,,,,0,Yes1 Kinase Inhibitor,YES1
830,NCGC00024415-57,Doxorubicin,-0.2015480571758771,0.07349694759867102,-0.3261283242170922,-0.35201279490921006,460.94,485.292,451.989,,,,0,DNA Topoisomerase II Inhibitor,TOP2A
831,NCGC00384250-02,GNE-3511,-0.20096305708371415,0.04227184249179908,-0.5108355640208989,-0.1343254497220426,458.432,466.757,470.833,,,4.959261,1,DLK Inhibitor,MAP3K12
832,NCGC00509995-02,Tenalisib,-0.2009510920336813,0.19074049416622138,-0.8610369031730642,0.06744313290579895,470.357,431.615,488.299,0.003367,,,1,PI3Kdelta/gamma Inhibitor,PIK3CD
833,NCGC00346471-03,Rebeccamycin,-0.1983504932891653,0.07364635001545032,-0.8023112617291025,0.1336134318461563,460.952,437.508,494.027,,,4.82758,1,DNA Topoisomerase I Inhibitor,TOP1
834,NCGC00178520-13,Bromhexine hydrochloride,-0.19704196644481162,-0.8976063112653337,0.07556383274280312,0.23091657918809574,382.941,525.601,502.45,,,45.939623,1,Mucolytic Agent,
835,NCGC00378919-01,ST-2825,-0.1966727096900589,-0.6879200193155959,0.09562402555235638,0.002277864693062787,399.783,527.614,482.658,,,46.1,1,Myd88 Dimerization Inhibitor,MYD88
836,NCGC00263015-01,NCGC00263015,-0.19467071661678442,-0.46445135441796864,-0.11320925836070443,-0.006351537071680194,417.732,506.658,481.911,,,,0,TLR4 (LPS) Inhibitor,TLR4
837,NCGC00016831-09,Buflomedil hydrochloride,-0.19008765231832492,-0.19253895587965617,-0.17569182612816475,-0.2020321749471538,439.572,500.388,464.972,,,,0,vasodilator,
838,NCGC00482953-01,LP-533401,-0.18833300737439104,0.11231667555849052,-0.29554475157301957,-0.3817709461086441,464.058,488.361,449.413,0.001074,,,1,Tryptophan Hydroxylase 2 (TPH2) Inhibitor,TPH2
839,NCGC00480830-01,Irosustat (STX-64),-0.18662701295195613,-1.5383185756233304,0.45771399362742043,0.5207235431400415,331.479,563.949,527.537,0.159844,0.005154,0.003633,3,Carbonic Anhydrase Type II Inhibitor; Steryl-Sulfatase (STS) Inhibitor,CA2
840,NCGC00350780-09,SCH-772984,-0.18656801749606752,-0.13967540074258333,-0.4152481971906796,-0.00478045455493959,443.818,476.349,482.047,0.005188,,0.023695,2,ERK1/2 Inhibitor,MAPK7
841,NCGC00510482-01,Litronesib,-0.18626291843626952,-0.03836811196482458,0.2613871885896657,-0.7818078319336497,451.955,544.248,414.784,,,0.447438,1,"Kinesin-Like Spindle Protein KIF11 (KSP, Eg5) Inhibitor",KIF11
842,NCGC00242490-05,PD-166285,-0.1859400868682724,-0.23515599526594944,-0.07435446861184856,-0.24830979672701925,436.149,510.557,460.966,,,,0,cSRC Inhibitor,SRC
843,NCGC00092314-06,Triciribine,-0.18511880830903849,-0.14806683648502,-0.2239140183812331,-0.18337557006086233,443.144,495.549,466.587,,,,0,AKT Inhibitor,AKT1
844,NCGC00344622-15,SGC-0946,-0.18321537652724185,-0.20766595057855924,-0.12288558584111972,-0.2190945931620466,438.357,505.687,463.495,,,,0,DOT1L Inhibitor,DOT1L
845,NCGC00250396-13,KU-0063794,-0.18194502968821502,0.10846956332642411,-0.4892506769739582,-0.16505397541711103,463.749,468.923,468.173,3.725397,,3.545549,2,mTORC1/2 Inhibitor,MTOR
846,NCGC00345024-01,GSK3 Inhibitor,-0.1813685765247792,0.7313655894834897,-1.7737607280250032,0.4982894089671759,513.78,340.025,525.595,,,,0,GSK-3 Inhibitor,GSK3B
847,NCGC00345795-04,AZD-5363,-0.18089936277942117,-0.28784524758344704,-0.032569874249973214,-0.22228296650484328,431.917,514.75,463.219,,46.1,,1,AKT Inhibitor,AKT1
848,NCGC00263174-02,Ispinesib,-0.18054009649654829,-0.1912441349342358,0.48442105608623964,-0.8347972106416487,439.676,566.629,410.197,,,,0,Kinesin-Like Spindle Protein Inhibitor,KIF11
849,NCGC00263152-15,Ponatinib,-0.17983917056618315,-0.6545908301724158,0.06250926116778413,0.05256405730608228,402.46,524.291,487.011,,,,0,,FGFR1
850,NCGC00475742-01,TAS-116,-0.17959350083525627,-1.3115755077579574,0.24407742460049775,0.5287175806516908,349.691,542.511,528.229,,,,0,Heat Shock Protein 90 (hsp90) Inhibitor,HSP90AB1
851,NCGC00480785-05,BLU-9931,-0.17802614297835162,-0.20225011297031056,-0.4286714856727797,0.09684316970803537,438.792,475.002,490.844,,,,0,FGFR 4 Inhibitor,FGFR4
852,NCGC00250383-02,Irestatin 9389,-0.17788654381233066,-0.16902052543831572,-0.23915099543329785,-0.12548811056537842,441.461,494.02,471.598,,,,0,IRE1alpha/XBP-1 Inhibitor,ERN1
853,NCGC00387841-01,GSK-2830371,-0.1746206218501234,0.14905721988479853,-0.7448213201899515,0.0719022347547828,467.009,443.277,488.685,,1.559559,45.064249,2,Protein phosphatase 1D (PP-2Cdelta; WIP1) Allosteric Inhibitor,PPM1D
854,NCGC00262642-10,WP-1066,-0.17311033242653107,-0.13500657521823042,0.08428348932917114,-0.4686079113905339,444.193,526.476,441.896,,,,0,STAT-3/5 Inhibitor,STAT3
855,NCGC00181111-05,Tamibarotene,-0.17242603353910116,0.16184357672082617,-0.22833862126620114,-0.45078305607192853,468.036,495.105,443.439,0.002308,46.1,,2,Retinoid RAR Agonist,RARB
856,NCGC00016899-11,S-(+)-Rolipram,-0.1683246880726272,-0.2865753270408226,-0.6067816824363859,0.3883829452593268,432.019,457.129,516.081,,,,0,Phosphodiesterase IIII (PDE4) Inhibitor,PDE4A
857,NCGC00522513-01,EL-102,-0.16768804093972622,0.42027240714480785,0.11398014833188752,-1.037316678295874,488.793,529.456,392.666,,0.271991,0.118582,2,HIF-1alpha Inhibitor,HIF1A
858,NCGC00346885-02,Sipatrigine,-0.1670135939873983,-0.6282586542150653,0.07467691910144628,0.05254095315142422,404.575,525.512,487.009,,25.352408,,1,Nav1.2 (Brain Type II) Sodium Channel Blocker,SCN2A
859,NCGC00386518-01,Cannabidiol,-0.1660046923949125,0.14361648187375248,-0.28481209998042717,-0.3568184590780628,466.572,489.438,451.573,0.001577,,,1,,CNR1
860,NCGC00092276-11,,-0.16443341434080436,0.21468223145510235,-0.30630729913105076,-0.4016751753464647,472.28,487.281,447.69,1.763507,2.401432,,2,,ROCK1
861,NCGC00015233-07,Calmidazolium chloride,-0.1641270754376634,-0.16346773561468572,0.10223103391437019,-0.4311445246126746,441.907,528.277,445.139,,,,0,CaMK-II Inhibitor,CAMKK2
862,NCGC00263129-31,Palbociclib,-0.16163804972545764,0.07777981687967735,-0.6120234417100198,0.0493294756539695,461.284,456.603,486.731,,,,0,CDK4/6 Inhibitor,CDK4
863,NCGC00263194-02,SB-216763,-0.16063098303280002,0.18583511481530118,-0.835535644653618,0.16780758073991675,469.963,434.174,496.987,,,0.447388,1,GSK-3 Inhibitor,GSK3B
864,NCGC00188380-05,Refametinib,-0.15933409134439322,-0.4270384992161541,-0.41538771169606165,0.36442393687903607,420.737,476.335,514.007,,,,0,Mek 1/2 Inhibitor,MAP2K1
865,NCGC00165844-06,NU-6027,-0.15916366566700582,0.14179875246960422,-0.25984896883888225,-0.3594407806317394,466.426,491.943,451.346,0.35547,46.1,46.1,3,,
866,NCGC00262995-02,ML-364,-0.15824322163133786,-0.241256593951104,-0.19223426033773117,-0.041238810605178394,435.659,498.728,478.891,,,,0,Ubiquitin C-terminal Hydrolase 2 (USP2) Inhibitor,USP2
867,NCGC00346644-04,KX-01,-0.15818020267099814,-0.7196680328811957,0.12656634978169676,0.11856107508650453,397.233,530.719,492.724,,0.608109,0.107864,2,Src Kinase Inhibitor,SRC
868,NCGC00346804-01,EO-1428,-0.1581481408235036,-0.1901485172111874,-0.16122217885570037,-0.12307372640362303,439.764,501.84,471.807,,,,0,p38 MAPK Inhibitor,MAPK14
869,NCGC00488783-01,Lemborexant,-0.1560506267606404,0.029261382030602138,-0.8837976981939378,0.38638443588141447,457.387,429.331,515.908,,0.490708,,1,Orexin OX-1/2 Antagonist,HCRTR1
870,NCGC00351483-01,XL-388,-0.15537133469344033,-0.3318816099291433,-0.022953338700435602,-0.11127905545074211,428.38,515.715,472.828,22.330834,20.449717,5.245868,3,mTORC1/2 Inhibitor,MTOR
871,NCGC00356069-03,GSK1324726A (I-BET726),-0.15323693710199524,-0.9305121935609726,0.3026934475045174,0.1681079347504695,380.298,548.393,497.013,,0.866523,0.109182,2,Bromodomain-containing protein 4 Inhibitor,BRD4
872,NCGC00015060-28,Azathioprine,-0.1528273716974108,-0.3464358953637258,0.009075205606520151,-0.1211214253350268,427.211,518.929,471.976,,45.281635,,1,Purine Antagonist,HPRT1
873,NCGC00262608-11,TG-101209,-0.15257249482605964,0.14132564481646967,0.11323274919591267,-0.7122758784905613,466.388,529.381,420.803,,,,0,Jak2 Inhibitor,JAK2
874,NCGC00014352-10,GANT-61,-0.1517211447369748,-0.08495676559716689,0.07099971535245309,-0.44120638396621054,448.213,525.143,444.268,,29.022756,,1,Hedgehog pathway Inhibitor,SHH
875,NCGC00386237-01,Brintellix,-0.15155223865699108,0.39519770152868305,-0.5367952273437433,-0.313059190155913,486.779,464.152,455.361,,,,0,5-HT1D Receptor Antagonist,HTR1D
876,NCGC00250377-09,NU-7441,-0.15010408306611936,-1.0093095182106513,0.39028862624071686,0.16870864277157635,373.969,557.183,497.065,,,46.1,1,DNA-PK Inhibitor,PRKDC
877,NCGC00263200-02,RO495,-0.14821336262759757,0.02098199810074941,0.040426108030193746,-0.5060481940137359,456.722,522.075,438.655,,,,0,Tyk 2 Inhibitor,TYK2
878,NCGC00016467-10,Digitoflavone,-0.14781607262362625,-0.28469534662968304,-0.16924426291515843,0.010491391673962725,432.17,501.035,483.369,,,0.332228,1,alpha-Glucosidase Inhibitor,PDE4A
879,NCGC00507892-01,"VPS34 Inhibitor 1 (Compound 19, PIK-III analogue)",-0.14703947618352553,-0.16000657962596518,-0.3280615966488123,0.04694974772420087,442.185,485.098,486.525,,,,0,VPS34 Inhibitor,PIK3C3
880,NCGC00481082-01,BMS-595,-0.146026911491553,0.13961996722490608,-0.12346357450627318,-0.4542371271932919,466.251,505.629,443.14,,,,0,Casein Kinase 2 Inhibitor,CSNK2A1
881,NCGC00246968-07,Olmesartan,-0.14475548940413344,-0.23210569592337216,0.03183600062739383,-0.23399677291642199,436.394,521.213,462.205,,,,0,Angiotensin AT1 Antagonist,AGT
882,NCGC00017236-16,Baicalein,-0.1446337013488114,0.04171158342887653,-0.5555898242830458,0.07997713680773506,458.387,462.266,489.384,,,,0,Cyp2C9 Inhibitor,CYP2C9
883,NCGC00346652-08,PF-03814735,-0.1405752027519813,0.5894955445501532,-0.7434461057797583,-0.26777504702633875,502.385,443.415,459.281,,,,0,Aurora Kinase Inhibitor,AURKA
884,NCGC00386179-04,OSI-027,-0.1401563704868917,-0.008873584852312185,-0.5197943883307787,0.10819886172241587,454.324,465.858,491.827,,,,0,mTORC1/2 Inhibitor,
885,NCGC00510486-01,Tinostamustine,-0.13980098227191878,-0.1990255108081573,-0.3927365352151305,0.1723590992075315,439.051,478.608,497.381,,20.849487,15.786165,2,DNA Alkylating Drugs,
886,NCGC00386234-03,CEP-32496,-0.13971350818803857,-0.10663256623156313,-0.12994103368471832,-0.1825669246478343,446.472,504.979,466.657,,46.1,,1,EGFR Inhibitor,EGFR
887,NCGC00163474-07,Cyclopamine,-0.13960680198801456,0.09400242930162885,-0.8453514866394146,0.33252865137374205,462.587,433.189,511.246,,,,0,Smo Receptor Antagonist,SMO
888,NCGC00346953-01,JNK Inhibitor V,-0.1388277636355669,0.6665996418096664,-0.25085028324175024,-0.8322326494746168,508.578,492.846,410.419,0.001502,,,1,JNK Inhibitor,MAPK8
889,NCGC00346457-03,Copanlisib,-0.13835083760448044,-0.30093040925303327,0.2404899087478205,-0.3546120123082286,430.866,542.151,451.764,0.141299,0.104164,2.407626,3,PI3K alpha/delta Inhibitor,PIK3CA
890,NCGC00499576-01,HDACi-01,-0.1363799706787922,-1.15917259244168,-0.1130597785335097,0.8630924589388131,361.932,506.673,557.174,,,,0,HDAC Inhibitor,HDAC1
891,NCGC00499786-01,XL-784,-0.1363297265110501,0.19425145096053453,-0.8921486378732254,0.2889080073795406,470.639,428.493,507.47,,,,0,ADAM10 Inhibitor,ADAM10
892,NCGC00262598-03,Atracurium besylate,-0.13584834527438497,-0.07070128499614292,-0.24234986373526798,-0.094493887091744,449.358,493.699,474.281,,,,0,,
893,NCGC00510690-01,GDC-0326,-0.13574177975853163,-1.1388040629541034,0.6341001897173796,0.09747853396112897,363.568,581.649,490.899,,,28.614015,1,PI3K alpha Inhibitor,PIK3CA
894,NCGC00263158-07,Amuvatinib,-0.13402134877504884,-0.892065971643101,0.4842815415808577,0.005720383737096757,383.386,566.615,482.956,,,,0,PDGFR alpha Inhibitor,PDGFRA
895,NCGC00015649-08,Moxonidine hydrochloride hydrate,-0.13217689474056868,0.16607664519623916,-0.816362365485421,0.25375503606747574,468.376,436.098,504.427,,,,0,Imidazoline I1 Receptor Agonist,NISCH
896,NCGC00379071-02,SRT-2104,-0.1274419353163462,-0.00906033787328613,-0.6199159765859097,0.2466505085101572,454.309,455.811,503.812,,,,0,SIRT1 Activator,SIRT1
897,NCGC00346881-02,APR-246,-0.12519726119462588,-0.1543666383925472,-0.05411490000966229,-0.16711024518166817,442.638,512.588,467.995,,,,0,p53-dependent reactivation of massive apoptosis,TP53
898,NCGC00390261-01,Indisulam (E7070),-0.12498174097635886,-0.6327531769198422,0.08458244898356063,0.17322550500720502,404.214,526.506,497.456,,5.055738,43.33882,2,Carbonic Anhydrase Type I/II/IV/VB/IX Inhibitor,CA1
899,NCGC00389251-02,AZ-191,-0.124468502403115,-0.05547468868605318,-0.10923309495732061,-0.2086977235659712,450.581,507.057,464.395,,,,0,DYRK1B Inhibitor,DYRK1B
900,NCGC00485046-01,PF-06439015,-0.12374778954305364,0.3153047591559566,0.02347509562629411,-0.7100232234114117,480.362,520.374,420.998,,46.1,4.030072,2,ALK Inhibitor,ALK
901,NCGC00095597-05,Andrographolide,-0.12340801523021543,0.20910454122867567,-0.14117195136796043,-0.43815663555136153,471.832,503.852,444.532,,,,0,TNF-alpha Production Inhibitor,TNF
902,NCGC00263199-04,AMG-Tie2-1,-0.12251702742245807,0.08026985715933208,-0.24230003712620307,-0.2055209023005032,461.484,493.704,464.67,,,,0,Tie-2 kinase Inhibitor,TEK
903,NCGC00024728-02,L-690330,-0.12228716587523317,0.013723530685555813,-0.09924784250070252,-0.2813371858105528,456.139,508.059,458.107,,,,0,inositol monophophatase Inhibitor,INPPL1
904,NCGC00346936-13,GNF-5837,-0.121460909357283,-0.1730917412955514,-0.11942761917201168,-0.0718633676042859,441.134,506.034,476.24,,,,0,Trk A/B/C Inhibitor,NTRK1
905,NCGC00018157-21,Flurbiprofen,-0.11999945564191376,0.1703470642758475,-0.3913413901613118,-0.139004041040277,468.719,478.748,470.428,,,,0,non-steroidal antiinflammatory,
906,NCGC00498437-01,AZD-0156,-0.1174591626567706,0.39381572917347474,-0.32852996677402313,-0.41766325036976343,486.668,485.051,446.306,,,,0,ATM Kinase Inhibitor,ATM
907,NCGC00381559-06,Resminostat,-0.1170948891343296,0.07760551406010138,-0.2218213008005044,-0.20706888066258577,461.27,495.759,464.536,,,,0,HDAC Inhibitor,HDAC1
908,NCGC00345836-13,SMI-4a,-0.11619051849503503,0.103215578336352,-0.06975048993424636,-0.38203664388721076,463.327,511.019,449.39,0.957439,1.339866,,2,Pim-1 Kinase Inhibitor,PIM1
909,NCGC00250384-02,PHA-408,-0.11560320699561745,-0.34812912275389146,0.03421771254069925,-0.032898210773660126,427.075,521.452,479.613,,,,0,IKK-beta Inhibitor,IKBKB
910,NCGC00386309-03,WZ-4003,-0.10851995871108329,-0.17068885242568466,0.04847808805509122,-0.20334911176265644,441.327,522.883,464.858,46.1,,,1,NUAK kinase Inhibitor,NUAK
911,NCGC00263207-02,QS11,-0.10818732691884812,-0.3161072047575297,0.05990831217459241,-0.0683630881736071,429.647,524.03,476.543,,,,0,ADP-ribosylation factor GTPase activating protein 1 Inhibitor,ARF1
912,NCGC00264052-02,Hyodeoxycholic acid,-0.10817926558198458,-0.01433922326615491,-0.16918447098428077,-0.14101410249551805,453.885,501.041,470.254,,,,0,Glucocorticoid steroid,NRC31
913,NCGC00250403-11,Linifanib,-0.10736852688698419,0.5165622647590618,-1.1151227134389217,0.27645486801890734,496.527,406.118,506.392,,,,0,VEGFR-2 Inhibitor,KDR
914,NCGC00244257-02,Momelotinib,-0.10712663869856039,0.13607165982639827,-0.04034282526410671,-0.4171087506579727,465.966,513.97,446.354,46.1,,,1,Jak1/2 Inhibitor,JAK1
915,NCGC00016480-20,Kaempferol,-0.1050494055340492,0.32853932324232216,-0.6664241334871432,0.022736593642673456,481.425,451.144,484.429,,,0.00628,1,flavanoid,
916,NCGC00167767-12,IKK-16,-0.10442968127851193,-0.11184920061743989,0.032314336074417464,-0.23375417929251338,446.053,521.261,462.226,,,,0,IKK beta Inhibitor,IKBKB
917,NCGC00378665-03,Ixabepilone,-0.10253217135871502,0.28409210425048265,-0.3274138507309678,-0.26427476759565993,477.855,485.163,459.584,,,4.718547,1,Microtubule-Stabilizing Agents,
918,NCGC00167739-08,GW-4064X,-0.10102248913269808,-0.1684976169795885,-0.10201820196471449,-0.03255164845379126,441.503,507.781,479.643,,,21.986123,1,Farnesoid X Receptor Agonist,NR14H
919,NCGC00345802-09,ACY-1215,-0.10032360525276356,-1.1372851383835139,0.3410400058409102,0.495274316784313,363.69,552.241,525.334,,46.1,46.1,2,HDAC Inhibitor,HDAC6
920,NCGC00163450-06,"Ilomastat (GM6001, Galardin)",-0.09896177720302268,0.22253830853741385,-0.2616526920870336,-0.2577709480594483,472.911,491.762,460.147,0.001704,,,1,MMP Inhibitor,MMP1
921,NCGC00345845-02,TG-89,-0.09813611757677938,-0.021249085042197285,-0.09774307890694119,-0.1754161887811997,453.33,508.21,467.276,,,,0,Jak2 Inhibitor,JAK2
922,NCGC00263176-03,BMS-794833,-0.09795879438378596,-0.22342790554877487,-0.16039505714522176,0.08994657954263874,437.091,501.923,490.247,,,,0,VEGFR-2 Inhibitor,KDR
923,NCGC00167496-01,Methylene blue,-0.09780308581382428,-0.0614632355586231,-0.35650262510309133,0.12455660322024158,450.1,482.244,493.243,,,,0,antimalarial agents,
924,NCGC00242598-10,LY-2109761,-0.0976672723431209,0.29935605116476705,-0.21496515939316602,-0.37739270880096376,479.081,496.447,449.792,0.001188,,0.00119,2,TGF-bR1 (ALK5) Inhibitor,TGBR1
925,NCGC00263089-07,Barasertib,-0.0976270921906113,-0.8050639642719596,0.5045908674357356,0.007591820264390123,390.374,568.653,483.118,,21.568946,46.1,2,Aurora-B/C Inhibitor,AURKB
926,NCGC00249391-11,NVP-BHG712,-0.09549883976581665,-0.18740947290356738,-0.033207654846004346,-0.06587939154787821,439.984,514.686,476.758,,,,0,Raf kinase B/C Inhibitor,BRAF
927,NCGC00511388-01,Itacitinib,-0.09515805670599949,0.06753330112889777,-0.6521737232945646,0.29916625204766834,460.461,452.574,508.358,,,0.057215,1,Jak1 Inhibitor,JAK1
928,NCGC00346508-12,TG-100115,-0.09431511337864479,-0.09200357958859058,-0.19380878118418407,0.0028670206368402672,447.647,498.57,482.709,,,,0,PI3K Inhibitor,PIK3CA
929,NCGC00389340-01,Brivanib,-0.09383545718353341,0.22492874720588263,-0.49500066766005457,-0.01143445109642828,473.103,468.346,481.471,,,33.192561,1,FGFR 1/3 Inhibitor,FGFR1
930,NCGC00480913-01,Altiratinib,-0.09274963531330872,-0.1306614549302328,-0.13852117576570436,-0.009066275243989003,444.542,504.118,481.676,,,24.207555,1,HGFR Inhibitor,MET
931,NCGC00163451-04,Go-6976,-0.09100219741777428,-0.6776735035648163,0.16803205384555597,0.23663485746593743,400.606,534.88,502.945,,34.750477,,1,PKC Inhibitor,PRKCA
932,NCGC00389624-01,Celsentri (Maraviroc),-0.0908383775108446,0.28660704493293404,-0.19886119934337107,-0.3602609781220968,478.057,498.063,451.275,,,,0,Chemokine CCR5 Antagonist;Signal Transduction Modulators;HIV Attachment Inhibitor;Reverse Transcriptase Inhibitor,CCR5
933,NCGC00016706-10,Parbendazole,-0.09031800038580147,0.3045726855506438,-0.06746843123907134,-0.5080582554689769,479.5,511.248,438.481,0.036332,0.45932,0.309135,3,Tubulin depolymerization Inhibitor,TUBB
934,NCGC00183001-01,Tolvaptan,-0.09013664493601418,0.3578221969310632,-1.2409448666497587,0.6127127349106529,483.777,393.492,535.5,,0.358333,,1,Vasopressin (AVP) V2 Antagonist,AVPR2
935,NCGC00378973-06,Pilaralisib,-0.0876861720972702,0.05453529086909882,0.18277076480697158,-0.500364571967881,459.417,536.359,439.147,,46.1,,1,PI3Kalpha Inhibitor,PIK3CA
936,NCGC00025379-01,SR 33805,-0.0876341631299677,-0.0882809693705061,0.4654769793197412,-0.6400984993391382,447.946,564.728,427.051,,,,0,Ca2+ channel Antagonist,
937,NCGC00481588-01,ACY-241,-0.08631473418484409,0.11148251206480606,-0.15840199278262346,-0.21202472183671486,463.991,502.123,464.107,,,32.837281,1,,HDAC1
938,NCGC00263271-04,Alisertib,-0.08495139295447166,-0.16919482825789167,0.06761150593603547,-0.15327085654155878,441.447,524.803,469.193,,46.1,,1,Aurora-A Inhibitor,AURKA
939,NCGC00188943-09,Orotic acid,-0.0839065924287589,-0.9102930664901747,0.11729860049561355,0.5412746887082844,381.922,529.789,529.316,0.196617,5.374366,46.1,3,metabolite,
940,NCGC00161923-31,Picropodophyllin,-0.08050662560759614,0.6069133763063391,-0.5082844416367732,-0.3401488114923543,503.784,467.013,453.016,,,1.167646,1,IGF-1R Inhibitor,IGFR1
941,NCGC00378611-03,MI-773 (SAR405838),-0.07984989957385176,0.22683362801981813,-0.5722717729979948,0.1058884462566214,473.256,460.592,491.627,5.958834,,,1,p53-binding protein Mdm-2 Inhibitor,
942,NCGC00346939-07,PF-8380,-0.07604487708096747,0.1647195732438275,-0.22620604239822087,-0.16664816208850902,468.267,495.319,468.035,,46.1,,1,Phosphodiesterase II (ENPP2; Autotaxin) Inhibitor,PDE2A
943,NCGC00346565-07,Elvitegravir,-0.07427913650814617,-0.6290928177087498,0.09725833832968694,0.30899706985462433,404.508,527.778,509.209,,32.667688,,1,HIV Integrase Inhibitor,
944,NCGC00346530-09,Pimasertib,-0.0707084517187864,-0.7242870575999553,-0.12167978190174787,0.6338414843453439,396.862,505.808,537.329,,,,0,Mek 1/2 Inhibitor,MAP2K1
945,NCGC00346465-06,GDC-0349,-0.06970705790571456,-1.0695311423741045,0.43079765941052994,0.4296123092464309,369.132,561.248,519.65,,10.778498,,1,"Pim-3 Kinase Inhibitor, mTOR",PIM3
946,NCGC00347217-03,PRP003-013,-0.06939759488713658,-0.029740122395819916,0.41306935190521715,-0.591522014170807,452.648,559.469,431.256,,,,0,DDR1 Inhibitor,DDR1
947,NCGC00178913-11,Tripterin,-0.06747588954071654,0.23909707639711858,-0.030018751865847536,-0.4115059931534207,474.241,515.006,446.839,,,,0,Heat Shock Protein 90 (hsp90) Inhibitor,HSP90AB1
948,NCGC00345828-07,Pyridone 6,-0.06616014194069138,0.48196315507325727,-0.18434172546184177,-0.4961018554334896,493.748,499.52,439.516,0.001179,,0.001067,2,Jak Inhibitor,JAK1
949,NCGC00346960-01,HMSL10058,-0.06329234299946676,0.1067763359362585,0.12968549550916314,-0.4263388604438219,463.613,531.032,445.555,0.377072,42.825453,,2,JNK Inhibitor,MAPK8
950,NCGC00263918-05,Epirubicin hydrochloride,-0.06149463901899816,-0.38719785474167623,-0.1101299739204902,0.31284391160517194,423.937,506.967,509.542,,,,0,DNA Topoisomerase II Inhibitor,TOP2A
951,NCGC00346481-02,Ridaforolimus,-0.06040830133720535,-0.26943139971539865,0.18415594453897757,-0.09594944883519498,433.396,536.498,474.155,46.1,,37.602747,2,mTOR Inhibitor,MTOR
952,NCGC00346669-05,TAK-875,-0.05919735907355695,-0.3792795266523741,0.10236058309793829,0.09932686633376493,424.573,528.29,491.059,,1.115072,46.1,2,Insulin Secretagogues,
953,NCGC00386429-04,PI-3065,-0.05918729786246557,0.3350134279694246,-0.5627249947011482,0.05014967314432689,481.945,461.55,486.802,,,,0,PI3K alpha Inhibitor,PIK3CD
954,NCGC00346621-05,CCT-128930,-0.05660580212201274,-0.1360648423370835,0.2161745235241206,-0.2499270875530753,444.108,539.711,460.826,,46.1,,1,AKT Inhibitor,AKT1
955,NCGC00496910-01,Daprodustat,-0.05623361182982663,0.21785703281166297,-0.34519198484534547,-0.04136588345579737,472.535,483.379,478.88,0.018769,,,1,HIF Prolyl Hydroxylase Inhibitor,HIF2A
956,NCGC00189393-09,NCGC00189393,-0.055835910282738425,-0.13819382677618833,0.1878630442534102,-0.21717694832543713,443.937,536.87,463.661,,0.002813,,1,BLM Inhibitor,BLM
957,NCGC00346483-02,AC-480,-0.05538759553276712,-0.7759304929999977,0.26202496918569684,0.3477427372159995,392.714,544.312,512.563,,26.187918,,1,EGFR Inhibitor,EGFR
958,NCGC00263088-02,BAG-956,-0.05516529427591165,-0.6629200149078611,0.39123533181295134,0.10618880026717482,401.791,557.278,491.653,1.905015,1.044946,,2,PI3K/PDK1 Inhibitor,PIK3CA
959,NCGC00241036-03,NCGC00241036,-0.05478074409392172,-0.158076798409233,0.06473152793208091,-0.07099696180461305,442.34,524.514,476.315,,,,0,JMJ Inhibitor,JARID2
960,NCGC00023673-18,Adenosine,-0.05472788962794505,0.09965482073644552,-0.12131106499466682,-0.14252742462561385,463.041,505.845,470.123,0.001715,,,1,Adenosine Receptor Agonist,ADORA1
961,NCGC00165915-05,KDS-4103,-0.05451863031127893,0.31549151217693056,-0.3338514486221608,-0.14519595448860653,480.377,484.517,469.892,0.00152,,1.319835,2,Fatty Acid Amide Hydrolase (FAAH) Inhibitor,FAAH
962,NCGC00015204-09,Carmustine,-0.053463342389509734,-0.007167907260748587,0.03971857018147105,-0.19294069008925166,454.461,522.004,465.759,,,,0,DNA Alkylating Agent,H2AFX
963,NCGC00015882-15,Riluzole,-0.0522667572764881,0.47055877059243795,-0.867713668787769,0.24035462636586677,492.832,430.945,503.267,,,0.003744,1,Glutamate Release Inhibitor,GRM1
964,NCGC00274067-09,Eltrombopag olamine,-0.0495163576564534,-0.22622920086338688,-0.12344364386264767,0.20112377175667434,436.866,505.631,499.871,,0.001149,,1,Thrombopoietin Receptor (TpoR) Agonist,MPL
965,NCGC00346713-05,AZD-4547,-0.04871489874984922,-0.12652798806600507,0.03801450015144892,-0.05763120833499151,444.874,521.833,477.472,,,,0,FGFR 3 Inhibitor,FGFR3
966,NCGC00347941-04,CASIN,-0.04823210229765256,0.0824112917998356,0.07982899047876368,-0.306936589171557,461.656,526.029,455.891,,,,0,Cdc42 Inhibitor,CDC42
967,NCGC00509993-01,Ibiglustat,-0.04672284954552032,0.2993934017689617,-0.40676770832782344,-0.0327942420776992,479.084,477.2,479.622,,,,0,Ceramide Glucosyltransferase Inhibitor,UGCG
968,NCGC00164600-03,Artesunate,-0.046367563456874906,-1.2622478098179937,0.6675637403654062,0.4555813790819627,353.653,585.007,521.898,,42.932778,,1,,PfATP6
969,NCGC00345825-02,BMS-3,-0.04554481855425404,0.5702101825842264,-0.525663962878631,-0.18118067536835747,500.836,465.269,466.777,,1.82838,1.143347,2,LIMK Inhibitor,LIMK1
970,NCGC00179034-15,Pentamidine isethionate,-0.04510401522018845,-0.23053697054718988,0.4299904683436774,-0.33476554345705284,436.52,561.167,453.482,,46.1,41.098047,2,PRL Phosphatase Inhibitor,
971,NCGC00021925-05,Prednisolone acetate,-0.04338608012836915,0.06718469548974584,-0.4704361493910295,0.2730932135161762,460.433,470.811,506.101,,,,0,Glucocorticoid steroid,NRC31
972,NCGC00390545-02,Valrubicin,-0.04273908726570095,-1.0242497598885805,0.261925315967567,0.6341071821239106,372.769,544.302,537.352,,,,0,DNA Topoisomerase II Inhibitor,TOP2A
973,NCGC00242484-09,WYE-354,-0.04137378077337012,-0.6961371522384573,0.5454785828344413,0.026537227083905657,399.123,572.756,484.758,,2.98046,,1,mTORC1/2 Inhibitor,MTOR
974,NCGC00390588-01,CPI-169 racemate,-0.0400646732269383,-0.8882811104180259,0.4387699168609231,0.32931717387628795,383.69,562.048,510.968,1.521657,,,1,,
975,NCGC00018296-15,Meclizine hydrochloride,-0.03998720730148362,-0.41619437379825736,0.15668155230055797,0.13955119959324852,421.608,533.741,494.541,,4.836102,,1,Constitutive Androstane Receptor Agonist,NR1I3
976,NCGC00025288-07,Deguelin,-0.03970348563409968,-1.4087119790672937,0.9705194888021771,0.3190820333628176,341.889,615.408,510.082,,36.509009,46.1,2,PI3K Inhibitor,PIK3CA
977,NCGC00263139-03,Rolofylline,-0.039420963134004276,-0.24978498190892198,0.055045235129852876,0.07647685737705627,434.974,523.542,489.081,,,18.99893,1,Adenosine A1 Antagonist,ADORA1
978,NCGC00346698-10,Vistusertib,-0.03888512009586498,-0.04399560299684458,0.26434688916812343,-0.3370066464588738,451.503,544.545,453.288,,0.308442,,1,mTORC1/2 Inhibitor,MTOR
979,NCGC00263016-01,DE-096,-0.038830461671595755,0.21536699253200753,0.010231182936827081,-0.3420895604836219,472.335,519.045,452.848,,,,0,TRPV4 Antagonist,TRPV4
980,NCGC00386665-06,Bemcentinib,-0.03757582218434644,0.20207017743865066,0.16267071071016617,-0.47746835470185617,471.267,534.342,441.129,,,,0,AXL Kinase Inhibitor,AXL
981,NCGC00016973-08,Letrozole,-0.03604179196908425,0.4050831614389127,-0.8975598076176802,0.3843512702715147,487.573,427.95,515.732,,,,0,Aromatase Inhibitor,CYP19A1
982,NCGC00390575-03,CUDC-427,-0.03424415297593293,0.02924893182920416,0.11577390625822558,-0.24775529701522853,457.386,529.636,461.014,,46.1,,1,IAP Inhibitor,XIAP
983,NCGC00345846-01,TG-46,-0.03400810592128402,-0.12016593515148725,-0.09457410657040932,0.11271572395804452,445.385,508.528,492.218,,,,0,Jak2 Inhibitor,JAK2
984,NCGC00015316-08,Eflornithine Hydrochloride,-0.03146443293653557,-0.1527232118079749,-0.036815101342308254,0.09514501434067645,442.77,514.324,490.697,,,,0,Ornithine Decarboxylase Inhibitor,ODC1
985,NCGC00025092-02,GR-159897,-0.03137138081145673,0.26920166337814616,-0.4868789303824661,0.12356312456994975,476.659,469.161,493.157,,,,0,Tachykinin NK2 Antagonist,TACR2
986,NCGC00165863-16,PD-173074,-0.02959327443343017,-0.22006635117124101,0.20082792793211324,-0.06954140006116273,437.361,538.171,476.441,,,,0,FGFR 1/3 Inhibitor,FGFR1
987,NCGC00087387-05,Droxinostat,-0.026410275930871526,-0.15775309317287772,-0.06176826716203988,0.14029053254230303,442.366,511.82,494.605,,30.227874,,1,HDAC Inhibitor,HDAC6
988,NCGC00183044-01,Minocycline,-0.026258229746782106,-0.02565645633718623,0.057606322835791306,-0.11072455573895139,452.976,523.799,472.876,,,,0,Tetracycline Antibiotic,
989,NCGC00018099-17,Dyphylline,-0.02576489303848993,-0.21842292458666873,0.1334324565108479,0.007695788960351048,437.493,531.408,483.127,,,,0,Xanthine Derivative,XDH
990,NCGC00510476-01,Sulfatinib,-0.025718525200927433,0.4683550849449431,-0.37539687526052434,-0.17011378528720106,492.655,480.348,467.735,,,,0,VEGFR-2 Inhibitor,KDR
991,NCGC00163431-06,CA-074 Me,-0.02502944126276362,-0.06951851586330723,-0.1445202994971253,0.13895049157214168,449.453,503.516,494.489,28.306193,,,1,Cathepsin B Inhibitor,CTSB
992,NCGC00378723-01,CTS-1027,-0.022327951083788877,-0.06380387342149924,0.34752743034116873,-0.3507074101710361,449.912,552.892,452.102,,46.1,37.860617,2,MMP-12 (Macrophage Elastase) Inhibitor,MMP12
993,NCGC00094717-10,6-mercaptopurine,-0.021524478372545827,-0.2068068866820788,-0.003301724085215549,0.14553517564965687,438.426,517.687,495.059,,0.747346,0.663953,2,Purine Antagonist,HPRT1
994,NCGC00511348-01,ML226,-0.021022564588815146,-0.24738209303905523,0.5290955937738824,-0.3447811945012726,435.167,571.112,452.615,,,46.1,1,ABHD11 Inhibitor,ABHD11
995,NCGC00263104-06,Foretinib,-0.02089703885344237,0.16915184494161312,0.3074867672965665,-0.5393297287985067,468.623,548.874,435.774,,,,0,VEGFR-2 Inhibitor,KDR
996,NCGC00345056-07,Vidofludimus,-0.0204389837573324,-0.06655536793051793,-0.09087697217778948,0.09611538883631021,449.691,508.899,490.781,46.1,,,1,DHODH Inhibitor,DHODH
997,NCGC00018185-20,Tranilast,-0.02023924700770222,-0.2044413484164067,-0.012370166935037964,0.15609377432833801,438.616,516.777,495.973,,,,0,TNF-alpha Production Inhibitor,TNF
998,NCGC00510162-01,MSC2530818,-0.019235391251664753,-0.5126211836278926,0.2221038900028511,0.23281111987004718,413.863,540.306,502.614,0.006807,0.002897,,2,CDK8 Inhibitor,CDK8
999,NCGC00484078-02,Darolutamide (ODM-201),-0.01902809219847021,-0.016854163948606313,-0.2942392944155173,0.254009181768713,453.683,488.492,504.449,,,,0,Androgen Receptor Antagonist,AR
1000,NCGC00379012-01,CVT-313,-0.017928752729060887,-0.21115200697007644,-0.15666802678716252,0.3140337755700563,438.077,502.297,509.645,,,,0,CDK1/2 Inhibitor,CDK1
1001,NCGC00263146-04,SR-3306,-0.01717017606560368,-1.0646133128217863,0.24508392210360994,0.7680188625213653,369.527,542.612,548.944,,8.059968,4.560997,2,JNK 1/2/3 Inhibitor,MAPK8
1002,NCGC00345018-01,D-159687,-0.016519034739701118,0.31506820532938934,-0.04131942680178063,-0.32330588274671207,480.343,513.872,454.474,46.1,28.195611,,2,Phosphodiesterase IIII D (PDE4D) Inhibitor,PDE4A
1003,NCGC00378894-01,Talarozole (R enantiomer),-0.015973301558352998,-0.04497916890730835,0.0995702929903008,-0.10251102875805145,451.424,528.01,473.587,,46.1,,1,Cytochrome P450 26A1 Inhibitor,CYP26A1
1004,NCGC00510480-01,YKL-05-099,-0.015224185909337398,-0.05622170076994967,-0.07119546159713003,0.0817446046390675,450.521,510.874,489.537,,,,0,Salt-inducible Kinase (SIK) Inhibitor,SIK
1005,NCGC00357427-09,Pyridostatin,-0.014843335820140949,0.31307617310566516,-0.6380927235728068,0.28048654300671877,480.183,453.987,506.741,0.001041,,,1,G-quadraplex binding ligand,
1006,NCGC00015096-27,Amiodarone hydrochloride,-0.012251138589474264,-0.09108226468511811,0.09532506589796576,-0.04099621698127044,447.721,527.584,478.912,,,,0,Muscarinic M3 Receptor Ligands,
1007,NCGC00509934-01,BAY-1125976,-0.012009682080021336,0.35121113998857945,-0.1853581882867667,-0.20188199794187675,483.246,499.418,464.985,,40.852993,,1,AKT Inhibitor,AKT1
1008,NCGC00250385-11,XMD8-92,-0.010962174981352777,-0.05932180091812029,0.06707337855813417,-0.04063810258407221,450.272,524.749,478.943,,32.72097,22.937068,2,ERK5/BMK1 Inhibitor,MAPK7
1009,NCGC00346594-02,Oleanolic acid,-0.010480835701158634,0.22438093834435877,-0.09394629129619095,-0.16187715415164372,473.059,508.591,468.448,,,,0,Secretory Phospholipase A2 (sPLA2) Inhibitor,PLA2G5
1010,NCGC00346456-07,Macitentan,-0.007292719719130554,-0.9188463548507894,0.49046004110491276,0.40650815458848494,381.235,567.235,517.65,,,0.00928,1,Endothelin ETA/ETB Receptor Antagonist,EDNRA
1011,NCGC00354729-02,AST-487,-0.006645732675720564,-0.23180689108981356,0.08034718721303948,0.1315225058496124,436.418,526.081,493.846,,,,0,Flt3 Inhibitor,FLT3
1012,NCGC00390260-01,Efaproxiral,-0.003603968168339059,0.6055438541525288,-1.0446280269338162,0.42827226827627024,503.674,413.192,519.534,,0.300498,10.040669,2,Chemosensitizer,
1013,NCGC00347905-02,AZ-10606120,-0.0020874787241175843,0.22829030158341648,0.1886901659638882,-0.42324290371965745,473.373,536.953,445.823,,,,0,P2X7 Receptor Antagonist,P2RX7
1014,NCGC00484080-01,LX-7101,-0.0012718476010781337,-0.3461370905301672,-0.06471800241868544,0.40703955014561827,427.235,511.524,517.696,,,34.635254,1,LIMK1/LIMK2 Inhibitor,LIMK1
1015,NCGC00161641-05,Sinomenine,-0.001124527056652785,0.024505405096461257,0.009663159593487505,-0.03754214585990712,457.005,518.988,479.211,0.024918,23.104699,46.1,3,Antiinflammatory opioid,
1016,NCGC00390649-02,Bay-65-1942 hydrochloride,-0.00034047230248340776,-0.06313156254599205,-0.09617852338230105,0.15828866902084288,449.966,508.367,496.163,,,,0,Inhibitor of nuclear factor kappa B kinase beta subunit Inhibitor,NFKB
1017,NCGC00263131-05,PF-3845,0.0011479179175195864,-0.6058358414967733,0.409611385236108,0.19966821001322402,406.376,559.122,499.745,,,34.373604,1,Fatty Acid Amide Hydrolase (FAAH) Inhibitor,FAAH
1018,NCGC00263112-02,GSK-461364A,0.0024311338600007857,0.20393770764839156,0.22173517309577004,-0.41837947916415924,471.417,540.269,446.244,,,,0,Polo-like Kinase-1 (Plk-1) Inhibitor,PLK1
1019,NCGC00345842-03,GSK-25,0.0034321931133871933,0.46464492492825804,-0.5164659708452394,0.062117625257142914,492.357,466.192,487.838,,,37.72919,1,ROCK Inhibitor,ROCK1
1020,NCGC00013226-25,Trifluoperazine hydrochloride,0.004339023544082363,-0.1758432358045701,0.21970224744592015,-0.03084194100910297,440.913,540.065,479.791,,,,0,CaMK-II Inhibitor,DRD2
1021,NCGC00346714-02,Ipatasertib,0.005062195595639474,0.3999287780600273,0.3728293824243553,-0.7575715736974642,487.159,555.431,416.882,,46.1,9.684381,2,AKT Inhibitor,AKT1
1022,NCGC00389718-01,BMS-599626,0.0050681982829281534,-0.26961815273637335,0.09484673045094212,0.1899760171342157,433.381,527.536,498.906,,,,0,EGFR Inhibitor,EGFR
1023,NCGC00347065-03,KUC107887N,0.005815063889304202,-0.07007877492622906,0.10014828165545427,-0.012624315061312598,449.408,528.068,481.368,,,,0,p97 ATPase Inhibitor,VCP
1024,NCGC00390558-02,ALW-II-41-27,0.006457126936159847,0.5709820950709196,0.034227677862512004,-0.585838392124952,500.898,521.453,431.748,46.1,,,1,RET Inhibitor,RET
1025,NCGC00263142-04,Tiplasinin,0.007562143007223761,0.237304247395767,-0.2881604481095926,0.07354262973549691,474.097,489.102,488.827,15.542629,,42.741351,2,PAI Inhibitor,SERPINE1
1026,NCGC00015122-14,Bupropion hydrochloride,0.007823082462846043,-0.354316872848834,0.076032202868014,0.30175391736935814,426.578,525.648,508.582,0.105335,,,1,Dopamine Transporter (DAT) Inhibitor,SLC6A3
1027,NCGC00507871-01,BAY-1217389,0.008758695815437858,0.3959322634111816,-0.5878077097044491,0.21815153373958104,486.838,459.033,501.345,,,,0,MPS1 Inhibitor,TTK
1028,NCGC00160514-14,Idebenone,0.009036017955471973,0.06439585037653252,-0.5680963031583508,0.5308085066482342,460.209,461.011,528.41,,,,0,Free Radical Scavenger,
1029,NCGC00242057-03,GW-768505A,0.011583991112637452,0.17465483395965048,-0.001996266927713876,-0.13790659369402425,469.065,517.818,470.523,,,16.536307,1,Tie-2 kinase Inhibitor,TEK
1030,NCGC00386413-01,Vactosertib,0.013051110297405097,0.3420726921622463,-0.07553037658578157,-0.22738898468424942,482.512,510.439,462.777,,,,0,ALK5 Inhibitor,TGFBR1
1031,NCGC00386362-01,ARQ-621,0.013237335297970004,-0.3302630837473677,0.34673020459612897,0.023244885045148725,428.51,552.812,484.473,,,,0,Kinesin-Like Spindle Protein Inhibitor,KIF11
1032,NCGC00345805-01,STX-0119,0.014005425158171159,-0.9382188682265048,0.5765803522127891,0.40365479148822914,379.679,575.877,517.403,,,,0,STAT-3 Inhibitor,STAT3
1033,NCGC00189073-04,Selumetinib (AZD6244),0.014296222726839697,0.0936662738638756,-0.24823936892674633,0.19746176324338982,462.56,493.108,499.554,23.646718,46.1,,2,,MAP2K1
1034,NCGC00510495-01,Amiselimod hydrochloride,0.01462611864065754,-0.11340547579222418,0.34734805454853457,-0.19006422283433777,445.928,552.874,466.008,,,,0,Lysophospholipid edg1 (S1P1) Receptor Ligands,
1035,NCGC00509912-01,BLU-554,0.018479976753481713,0.0374411643492682,0.3538155484051664,-0.33581678249398944,458.044,553.523,453.391,,0.082972,,1,FGFR4 Inhibitor,FGFR4
1036,NCGC00482791-01,Lorlatinib,0.019820537629001617,0.09814834636725456,-0.32627780404428697,0.28759107056403727,462.92,485.277,507.356,14.526994,,,1,ALK Inhibitor,ALK
1037,NCGC00507841-02,Crenigacestat,0.020266366444417455,0.2156159965599735,-0.07425481539371874,-0.08056208183300238,472.355,510.567,475.487,0.332854,0.506882,0.463058,3,Notch Signaling Inhibitor,
1038,NCGC00016094-10,17_-hydroxy Wortmannin,0.020274178199282716,-0.10981981778952102,0.3107553928512276,-0.14011304046385845,446.216,549.202,470.332,,4.050216,,1,PI3K Inhibitor,PIK3CA
1039,NCGC00346612-06,LY-2140023,0.02037508822725519,-0.3328153750340137,0.14354725815103467,0.2503933815647446,428.305,532.423,504.136,,,,0,mgluR2/3 Agonist,GRM2
1040,NCGC00345881-05,Conivaptan hydrochloride,0.021148671572692224,-0.22583079441864162,0.23925420884301038,0.05002260029370791,436.898,542.027,486.791,,,,0,Vasopressin (AVP) V1a/V2 Antagonist,AVPR1A
1041,NCGC00015834-27,Primidone,0.02321493797086216,-0.8596456472019947,0.4808136095899369,0.4484768515246442,385.99,566.267,521.283,0.172117,,,1,Anticonvulsant agent,
1042,NCGC00387189-01,AL-8697,0.023443333390367416,0.33528733240018654,-0.1127608188791202,-0.1521965133499641,481.967,506.703,469.286,0.001708,,,1,p38 MAPK Inhibitor,MAPK14
1043,NCGC00522550-01,EMD-534085,0.02350928205611935,0.023135882942650902,0.5691163261748591,-0.5217243629491519,456.895,575.128,437.298,,37.600867,,1,Kinesin-like Spindle Protein KIF11 (KSP; Eg5) Inhibitor,KIF11
1044,NCGC00160163-01,Diosgenin,0.02404319789943307,0.185150353738396,0.08658547866797224,-0.19960623870806904,469.908,526.707,465.182,,,,0,Cyclooxygenase up-regulator,PTGS2
1045,NCGC00346735-03,Cinchonine dihydrochloride,0.024252019365296983,0.0018086879474072963,0.0352840019746891,0.03566336817379455,455.182,521.559,485.548,17.593488,,1.647846,2,P-Glycoprotein (MDR-1) Inhibitor,ABCBA
1046,NCGC00163107-07,CITCO,0.024982333514687833,0.43107918195850997,0.31104438718380434,-0.6671765685982508,489.661,549.231,424.707,,,6.323163,1,Constitutive androstane receptor Agonist,NR1I3
1047,NCGC00263154-08,AZD-6482,0.02632563527525662,-0.7931615717352097,0.16807191513280814,0.7040665624281714,391.33,534.884,543.408,0.058127,,46.1,2,PI3Kb/d Inhibitor,PIK3CB
1048,NCGC00510692-02,TPX-0005,0.0277900201725164,0.841674373872201,-0.4322490362036442,-0.3260552771510076,522.64,474.643,454.236,,,,0,ALK Inhibitor,ALK
1049,NCGC00355875-04,GSK-2837808A,0.02792806311312736,0.7468536400229434,-1.046242409067521,0.38317295838395976,515.024,413.03,515.63,0.001944,0.341485,,2,LDHA Inhibitor,LDHA
1050,NCGC00015830-08,Phenelzine,0.028527296250318388,-0.06714052739623644,0.11648144410694827,0.03624097204024333,449.644,529.707,485.598,,,,0,MAO Inhibitor,MAOA
1051,NCGC00263187-07,TAK-733,0.029013768723384514,-0.29987214213417945,-0.20460122470765413,0.5915146730119871,430.951,497.487,533.665,,,,0,MEK Inhibitor,MAP2K1
1052,NCGC00250380-10,AZ-628,0.030477315881437306,-0.1271006973303263,-0.18742100990205598,0.4059536548766942,444.828,499.211,517.602,7.263443,,19.79839,2,Raf kinase B/C Inhibitor,BRAF
1053,NCGC00242505-01,Deacetyl cortivazol,0.032117269831632884,-0.2502580895620566,0.44348351407846787,-0.09687361502151264,434.936,562.521,474.075,,,,0,Glucocorticoid Receptor (GR) Agonist,NRC31
1054,NCGC00094374-12,Seliciclib,0.03456041793947592,-1.2489883453288315,0.639800353794411,0.7128692453528482,354.718,582.221,544.17,0.038239,,40.270678,2,CDK Inhibitor,CDK1
1055,NCGC00346704-07,Cabazitaxel,0.0373029394195426,0.8033526539683127,0.47160565223473133,-1.1630494879444162,519.562,565.343,381.782,0.001639,27.237233,,2,Tubulin depolymerization Inhibitor,TUBB
1056,NCGC00346832-02,Terameprocol,0.03803832890720472,-0.038903470624950455,0.18180412859111042,-0.02878567124454581,451.912,536.262,479.969,,0.296844,46.1,2,Antimitotic Agent,
1057,NCGC00018117-32,Theophyllamine,0.03862974768977874,-0.09729491518285734,0.3680260973104923,-0.15484193905829874,447.222,554.949,469.057,,,,0,Adenosine Receptor Antagonist,ADORA1
1058,NCGC00481604-01,LY-3009120,0.0406301852656244,-0.011301374124975607,0.22970743054616322,-0.09651550062431441,454.129,541.069,474.106,,2.684894,17.585798,2,Raf Kinase Inhibitor,BRAF
1059,NCGC00344588-08,I-BET151,0.04241087622577747,0.4327973097514715,-0.032290845239209234,-0.27327383583492987,489.799,514.778,458.805,0.001356,5.294738,10.888524,3,Brd4 Inhibitor,BRD4
1060,NCGC00346896-03,MCOPPB,0.04314654917290147,0.1898938804711382,0.4392980789170116,-0.4997523118694454,470.289,562.101,439.2,,,,0,"ORL1 (OP4, NOP) Agonist",OPRL1
1061,NCGC00346553-10,BS-181,0.04406477177704162,0.3511862395857835,-0.7319062631203139,0.5129143388656553,483.244,444.573,526.861,,,,0,CDK 7 Inhibitor,CDK7
1062,NCGC00079434-04,KL001,0.044373826457852934,0.2785766650310466,-0.03394508866016645,-0.11151009699732135,477.412,514.612,472.808,,,,0,Cryptochrome Activator,CRY
1063,NCGC00510497-01,Eribulin mesylate,0.04480913367203095,1.2425086078896457,-0.5691326966269024,-0.5389485102466505,554.835,460.907,435.807,,,0.024543,1,Tubulin Polymerization Inhibitor,TUBB
1064,NCGC00379024-02,Epothilone D,0.04640874362476242,0.30838244717851554,0.4881779824097372,-0.6573341987139655,479.806,567.006,425.559,0.001727,0.056189,0.040708,3,Tubulin depolymerization Inhibitor,TUBB
1065,NCGC00274064-02,Betamethasone valerate,0.046470351454911636,0.004896337894179227,0.37012878021303375,-0.23561406374247806,455.43,555.16,462.065,,46.1,,1,Glucocorticoid steroid,NRC31
1066,NCGC00015439-20,Flumazenil,0.04666040494681815,0.2903172049496199,-0.7176259569622965,0.567289966853131,478.355,446.006,531.568,0.001167,0.101609,,2,GABA(A) BZ Site Receptor Antagonist,GABRA1
1067,NCGC00507875-01,XMD8-87,0.047118126760815095,0.3027425059450976,-0.26884765443601366,0.10745952877336135,479.353,491.04,491.763,,,,0,TNK2 Inhibitor,TNK2
1068,NCGC00263144-09,WZ-4002,0.04733964059138143,-0.15868685827774817,0.07707856165837834,0.22362721839351413,442.291,525.753,501.819,,,,0,EGFR Inhibitor,EGFR
1069,NCGC00346726-01,Cyclocytidine hydrochloride,0.04799486256308786,0.40804630937170205,-0.1394977773033777,-0.12456394437906078,487.811,504.02,471.678,0.006337,,46.1,2,antiviral,
1070,NCGC00378614-02,Flumatinib mesylate,0.04889191942967436,-0.03534271302504396,0.059021398533236694,0.12299707278083033,452.198,523.941,493.108,,,,0,Bcr-Abl Inhibitor,ABL1
1071,NCGC00185990-14,Ketorolac,0.04893798186176544,-0.09301204590185101,0.11067166148997423,0.1291543299971731,447.566,529.124,493.641,,,0.001155,1,non-steroidal antiinflammatory,
1072,NCGC00167403-06,Pluripotin,0.04914364475937194,0.16133311846349696,-0.35235705122888666,0.3384548670435055,467.995,482.66,511.759,,32.455178,,1,Dual RASGAP/Erk Inhibitor,RASAL1
1073,NCGC00263114-01,SCH-900435,0.0502016422289661,0.4015597544432016,-0.04007376157515662,-0.21088106618114666,487.29,513.997,464.206,,,,0,Glycine Transporter 1 (GlyT-1) Inhibitor,SLC6A9
1074,NCGC00510190-02,BMS-687453,0.051333806011813095,0.16008809832366924,0.3445976257281481,-0.35068430601637807,467.895,552.598,452.104,35.318926,1.129251,,2,PPARalpha Agonist,PPARA
1075,NCGC00344510-06,NPS-2143,0.05264093662174055,0.06384804151500865,0.1204576075103321,-0.02638283916011912,460.165,530.106,480.177,,,,0,Calcium-Sensing Receptor (CaSR) Antagonist,CASR
1076,NCGC00015508-23,Hydrochlorothiazide,0.05403312814662279,0.31307617310566516,0.452940604478998,-0.6039173931447948,480.183,563.47,430.183,,,46.1,1,Hypertension treatment,
1077,NCGC00390633-02,Evofosfamide,0.05435191938057501,-0.7624842754898616,0.5640041160847938,0.3615359175467928,393.794,574.615,513.757,,,,0,DNA Alkylating Drugs,
1078,NCGC00510489-01,BMS-986020,0.05484820000510521,0.3770328576886007,-0.7171775174807117,0.5046892598074266,485.32,446.051,526.149,,,,0,Lysophosphatidic Acid Receptor 1 (LPAR1; EDG2) Antagonist,
1079,NCGC00346941-01,ITK Inhibitor,0.05550006642885343,0.13623351244457554,0.08458244898356063,-0.054315762141575866,465.979,526.506,477.759,46.1,,,1,ITK Inhibitor,ITK
1080,NCGC00346536-06,PIK-93,0.05579053717508322,-0.8662069033388852,0.47525296001828626,0.5583255548458486,385.463,565.709,530.792,,36.675709,,1,PI3K Inhibitor,PIK3CA
1081,NCGC00356119-03,GSK-2801,0.05650871005753414,0.3769830568830074,-0.7234556702228966,0.5159987435124916,485.316,445.421,527.128,,,21.442252,1,BAZ2B Inhibitor,BAZ2B
1082,NCGC00509932-01,Derazantinib,0.057367950384783754,0.5090423431145042,-0.1554921188132295,-0.1814463731469235,495.923,502.415,466.754,,,,0,FGFR Inhibitor,FGFR1
1083,NCGC00274065-06,Desonide,0.057629679205015216,0.16808112762136135,-0.47544870626296437,0.48025661625664867,468.537,470.308,524.034,,0.282464,,1,Corticosteroid,
1084,NCGC00347957-09,UNC-669,0.05947129632028636,0.42899999832499847,-0.7804473456713978,0.5298612363072585,489.494,439.702,528.328,,,,0,L3MBTL3 methyllysine (Kme) reader domain Inhibitor,L3MBTL3
1085,NCGC00090504-14,Isoliquiritigenin,0.06375837792473288,0.12423151829663905,-0.044817254758140815,0.11186087023570039,465.015,513.521,492.144,,45.648407,,1,Histone Deacetylase/SIRT1 Activator,SIRT1
1086,NCGC00509987-01,Avacopan,0.06447710506829747,-0.6831764925828537,0.4287547684388662,0.44785303934888,400.164,561.043,521.229,0.082208,,,1,C5a Anaphylatoxin Chemotactic Receptor 1 Antagonist,
1087,NCGC00510478-01,ARV-771,0.06685842924077236,0.23066829005048728,-0.4002005612530618,0.3701075589248916,473.564,477.859,514.499,,,32.172287,1,Brd4 Inhibitor,BRD4
1088,NCGC00507883-01,CPI-1205,0.06907349034137636,-0.019692809867412984,0.3753207128776033,-0.14840743198606127,453.455,555.681,469.614,,,,0,EZH2 Inhibitor,EZH2
1089,NCGC00345803-02,AVN944,0.06924830926913102,0.012889367191871337,0.12415474190295195,0.07070081871256978,456.072,530.477,488.581,,,,0,,IMPDH1
1090,NCGC00164789-05,Fulvestrant,0.07050099664154043,-0.8011546010329018,0.45892976288860615,0.553727828068917,390.688,564.071,530.394,,,,0,Estrogen Receptor Antagonist,ESR1
1091,NCGC00263232-01,GLS-968,0.07241916807369114,0.6407654739082471,-0.8020023367528997,0.378494367065726,506.503,437.539,515.225,,1.366301,,1,Glutaminase Inhibitor,GLS
1092,NCGC00510481-01,GSK-682753A,0.07329308521826107,-0.2834005256842627,0.5880006110104787,-0.08472082967143281,432.274,577.023,475.127,,,46.1,1,EBI2/GPR183 Agonist,GPR183
1093,NCGC00263149-06,AEE-788,0.07330637931309346,-0.04139351090460519,0.1546386613288942,0.10667398751499138,451.712,533.536,491.695,,,,0,EGFR Inhibitor,EGFR
1094,NCGC00346697-02,842166X,0.07368133512203567,-0.7019638464928499,0.4355311872717002,0.48747666458725675,398.655,561.723,524.659,,,0.071294,1,Cannabinoid CB2 Agonist,CNR2
1095,NCGC00346459-07,LY-2874455,0.07378911775285493,0.3258625299416928,0.006633701762337063,-0.11112887844546507,481.21,518.684,472.841,,,,0,FGFR Inhibitor,FGFR1
1096,NCGC00378943-01,DB-07268,0.0740493281811752,0.11871607907720369,0.3453649555077485,-0.24193305004142657,464.572,552.675,461.518,,,4.206212,1,SAPK1 (JNK) Inhibitor,MAPK8
1097,NCGC00016311-32,Phentolamine mesilate,0.07430960370983349,0.3041369285017039,-0.4970734545971572,0.4158653372249538,479.465,468.138,518.46,,0.380105,,1,alpha-Adrenoceptor Antagonist,ADRA1A
1098,NCGC00164617-14,Adapalene,0.07468605294920215,0.2702101296914066,-0.001089422642731521,-0.04506254820106865,476.74,517.909,478.56,0.003394,,,1,topical retinoid,
1099,NCGC00181783-05,Iguratimod,0.07562608820596728,0.27480425400736946,-0.10486828400323023,0.05694229461376261,477.109,507.495,487.39,0.001191,,,1,NF-kappaB (NFKB) Activation Inhibitor,NFKB1
1100,NCGC00015718-24,Naftopidil,0.07571212953991303,0.037304212133887585,-0.025165640142919627,0.21499781662877115,458.033,515.493,501.072,,,,0,alpha1-Adrenoceptor Antagonist,ADRA1A
1101,NCGC00510264-02,GSK-3326595,0.07720465918670207,-0.062372100260697574,0.3996161674576777,-0.10563008963687394,450.027,558.119,473.317,,1.352362,,1,PRMT5 Inhibitor,PRMT5
1102,NCGC00094810-08,Warfarin sodium,0.07853805471115831,0.4517091656754504,-0.8034971350248483,0.5874021334828728,491.318,437.389,533.309,,0.260233,0.012062,2,"Vitamin K Epoxide Reductase (VKER, VKOR) Inhibitor",VKORC1
1103,NCGC00386423-05,AT-13148,0.08058112540455692,0.09721458126238411,0.11287399761064551,0.03165479734064115,462.845,529.345,485.201,,,,0,AKT Inhibitor,AKT1
1104,NCGC00096095-02,8-Cl-Ado,0.08082003312523649,0.19299398061930884,0.242961308557443,-0.19349518980104238,470.538,542.399,465.711,,46.1,46.1,2,Telomerase Inhibitor,TERT
1105,NCGC00246187-03,PYRONARIDINE TETRAPHOSPHATE,0.08173415530830533,0.27585007092482455,0.1034468031755548,-0.13409440817546336,477.193,528.399,470.853,,,,0,,
1106,NCGC00274062-01,Zosuquidar trihydrochloride,0.08187637426889063,0.7501155927892906,-0.5926309254619376,0.08814445547931889,515.286,458.549,490.091,,,,0,P-Glycoprotein (MDR-1) Inhibitor,ABCBA
1107,NCGC00167519-07,Ramatroban,0.08328512064162148,-0.12713804793452094,0.21544705503177236,0.16154635482761304,444.825,539.638,496.445,,,,0,prostaglandin D2 CRTH2 Inhibitor,PTGDR2
1108,NCGC00015442-19,Fluorouracil,0.08453527250362158,0.34437597942092707,-0.13165506903655264,0.040884907126490316,482.697,504.807,486.0,0.18439,,0.001163,2,Pyrimidine Antagonist,TYMS
1109,NCGC00181098-02,Nelarabine,0.08719926616665342,0.07724445821955146,0.33927614388001043,-0.15492280359960162,461.241,552.064,469.05,,0.013853,,1,Purine Antagonist,HPRT1
1110,NCGC00378630-01,BMS-690514,0.08896467341177501,-0.6989259973516706,0.16353769370789636,0.8022823238790993,398.899,534.429,551.91,,,,0,VEGFR-3 Inhibitor,FLT4
1111,NCGC00092381-04,ABT-702,0.0890507056774246,0.4639850642541488,0.07361062966745642,-0.27044357688933146,492.304,525.405,459.05,,,4.452702,1,Adenosine Kinase Inhibitor,ADK
1112,NCGC00509991-01,Pipequaline,0.08976649869519096,-4.639206093559967e-05,0.4289241789096864,-0.15957829076317795,455.033,561.06,468.647,,,,0,GABA(A) Receptor Agonist,
1113,NCGC00183656-11,Elesclomol (STA-4783),0.09000066371710098,-0.6627706124910818,0.4924630707893244,0.4403095328530604,401.803,567.436,520.576,,37.263391,,1,Copper Chelator,HSPA2
1114,NCGC00165736-13,Acadesine,0.09046359551039738,-0.4567571299538351,0.009075205606520151,0.7190727108785071,418.35,518.929,544.707,0.002903,,,1,AMPK Activator,PRKAA1
1115,NCGC00347938-05,BAF-312,0.09195691908624272,0.09137543680659278,0.07865308250483011,0.10584223794730528,462.376,525.911,491.623,,,27.434545,1,Lysophospholipid edg8 (S1P5) Receptor Ligands; Lysophospholipid edg1 (S1P1) Receptor Agonist,S1PR1
1116,NCGC00174736-02,Uridine triacetate,0.09239802142848266,0.5239576843896366,0.028427860567350714,-0.27519148067153937,497.121,520.871,458.639,0.001493,16.640118,,2,Pyrimidine Antagonist,TYMS
1117,NCGC00015443-22,Flecainide acetate,0.09409242371460702,-0.30125411448938855,0.09096025494387537,0.4925711306893342,430.84,527.146,525.1,,,,0,Sodium Channel Protein Type 5 Subunit alpha (Nav1.5) Channel Blocker,SCN5A
1118,NCGC00351480-16,GSK-343,0.09435749812466923,0.29032965515101783,-0.21684860521582172,0.20959144443881159,478.356,496.258,500.604,,,,0,EZH2 Inhibitor,EZH2
1119,NCGC00510688-01,LGH-447,0.09675596236811725,-0.02739948453294448,0.25770998484067137,0.05995738679662483,452.836,543.879,487.651,,,,0,Pim-1 Kinase Inhibitor,PIM1
1120,NCGC00346532-01,VX-222,0.09723993322359244,0.5193884604764705,-0.3961347099533609,0.16846604914766775,496.754,478.267,497.044,,,,0,,
1121,NCGC00390775-03,Atractylenolide I,0.09759439067536461,-0.9384803224558681,0.7520696693395786,0.4791938251423833,379.658,593.487,523.942,0.151186,,,1,TNF-alpha Production Inhibitor,TNF
1122,NCGC00508883-01,AZ-9482,0.10134092070367373,-0.06233474965650292,-0.39429112541795736,0.7606486371854815,450.03,478.452,548.306,,0.163874,46.1,2,PARP Inhibitor,PARP1
1123,NCGC00378976-03,Idasanutlin,0.10134779816634573,0.17058361810241476,-0.5311448898757767,0.6646046662723991,468.738,464.719,539.992,,0.27071,,1,MDM2 (hdm2) Inhibitor,MDM2
1124,NCGC00346705-02,PMSF,0.10151760792973659,0.6882131914370713,-0.7862870242538114,0.4026266566059499,510.314,439.116,517.314,,1.702689,,1,Serine Protease Inhibitor,
1125,NCGC00015155-14,Bepridil,0.10185464092384144,-0.960193473694459,0.6458592694567096,0.6198981270092737,377.914,582.829,536.122,,,,0,Calcium Channel Blocker,KCNT1
1126,NCGC00013917-09,NSC-87877,0.1024053273677682,0.5654293052472888,-0.806257529167047,0.5480442060230627,500.452,437.112,529.902,,0.058518,46.1,2,Protein Tyrosine Phosphatase SHP-2 (PTP2C) Inhibitor,
1127,NCGC00024762-06,Tesmilifene hydrochloride,0.102564612226779,-0.008400477199177622,0.08062621622380345,0.23546809765571117,454.362,526.109,502.844,,,,0,Estrogen Receptor Antagonist,ESR1
1128,NCGC00016497-13,Ethionamide,0.10286424071658491,-1.389750322337722,0.899237541873845,0.7991055026136319,343.412,608.255,551.635,0.1394,0.002004,,2,Cell Wall Biosynthesis Inhibitor,
1129,NCGC00263211-04,JK-184,0.10414434283533795,0.4756135523601374,-0.21115840646060302,0.04797788260647945,493.238,496.829,486.614,,46.1,8.453118,2,Alcohol dehydrogenase 7 Inhibitor,ADH7
1130,NCGC00024667-19,Methyldopa,0.10430792266967524,0.2500159030234054,-0.41235825386491176,0.4752661188505321,475.118,476.639,523.602,,,,0,,DDC
1131,NCGC00022398-13,Fluocinonide,0.10460918755647323,-0.2054124641254718,0.10223103391437019,0.4170089928805213,438.538,528.277,518.559,,,,0,Glucocorticoid steroid,NRC31
1132,NCGC00181170-09,Bendamustine,0.10497990479839502,0.2435417982963029,-0.5923518964511736,0.6637498125500557,474.598,458.577,539.918,,0.112813,46.1,2,DNA Alkylating Drugs,XRCC1
1133,NCGC00402345-02,Decernotinib,0.10567851649972067,-1.0365007580644823,0.7024822279981304,0.6510540795655139,371.785,588.511,538.819,0.126708,,0.00711,2,Jak2/3 Inhibitor,JAK2
1134,NCGC00386882-01,ML264,0.10573803782737508,0.2992439993521824,0.22042971593826838,-0.20245960180832553,479.072,540.138,464.935,0.001994,2.107815,,2,In vivo Inhibitor of KLF5 and EGR1 expression,
1135,NCGC00184994-11,Cidofovir,0.10719944245917952,0.1263356023329479,0.03867221139110671,0.15659051365348395,465.184,521.899,496.016,,,,0,DNA Polymerase Inhibitor,
1136,NCGC00168759-10,PTC-124,0.10833427901561345,0.27387048890249904,0.4098106916723688,-0.35867834352802747,477.034,559.142,451.412,,4.150085,,1,CFTR-G542X nonsense allele Inhibitor,CFTR
1137,NCGC00025091-11,U-73122,0.10840139179025314,0.5040249119509994,-0.5771846766517998,0.39836394007155984,495.52,460.099,516.945,,,,0,Phospholipase C Inhibitor,PLCG1
1138,NCGC00092375-02,JNJ-16259685,0.1085156502660826,0.05644017168303505,-0.16477979874293822,0.433886577858151,459.57,501.483,520.02,33.740501,,38.478932,2,mgluR1 Antagonist,GRM1
1139,NCGC00378902-02,Toceranib,0.10998952937973486,0.8351753687423026,0.07137839758134688,-0.5765851781844449,522.118,525.181,432.549,,,,0,VEGFR Inhibitor,FLT1
1140,NCGC00167793-02,PD-198306,0.11002540491848772,-0.12056434159623182,0.36183763246462447,0.08880292388707053,445.353,554.328,490.148,,,,0,ERK1/2 Inhibitor,ERK
1141,NCGC00024928-14,Tamoxifen,0.11089549870341514,0.13800144104313045,-0.6285758412413995,0.8232608963085145,466.121,454.942,553.726,84.302748,,69.768765,2,Selective Estrogen Receptor Modulators (SERM),ESR1
1142,NCGC00090905-16,Busulfan,0.11089809157044483,0.094699640579932,-0.042734502499224884,0.2807291366306274,462.643,513.73,506.762,,,,0,DNA Alkylating Agent,
1143,NCGC00346431-02,Omigapil,0.11208250045205043,-0.4517147983875343,0.05711802206695491,0.7308442776767307,418.755,523.75,545.726,,,,0,Glyceraldehyde 3-phosphate Dehydrogenase (GAPDH) Inhibitor,GAPDH
1144,NCGC00015693-19,Mitoxantrone,0.11225864476818107,0.03903479012824785,-0.06253559694164025,0.3602767411179356,458.172,511.743,513.648,,,,0,DNA Topoisomerase II Inhibitor,TOP2A
1145,NCGC00415059-02,AZD-3965,0.11240518948127647,-0.3050389757144636,0.3338350781701174,0.30841946598817555,430.536,551.518,509.159,,,,0,MCT2 Inhibitor,SLC16A7
1146,NCGC00163492-01,Cerulenin,0.1144852378359759,0.23957018405025315,0.3613792276612275,-0.25749369820355295,474.279,554.282,460.171,,,,0,Fatty Acid Synthase (FAS) Inhibitor,FAS
1147,NCGC00346576-01,A-966492,0.11596201774345659,-0.021871595112111144,0.5807657873742466,-0.21100813903176566,453.28,576.297,464.195,,4.379512,,1,PARP Inhibitor,PARP1
1148,NCGC00345796-09,GSK-2636771,0.11608355457793926,-0.14194133739706877,0.06374496107259424,0.4264470400582923,443.636,524.415,519.376,0.026699,,,1,PI3Kbeta Inhibitor,PIK3CB
1149,NCGC00015810-26,Papaverine hydrochloride,0.11620838390645276,-0.8845585001999422,0.6463475702255471,0.5868360816937533,383.989,582.878,533.26,,,46.1,1,Phosphodiesterase X (PDE10) Inhibitor,PDE10A
1150,NCGC00346568-05,GSK-1292263A,0.11824084970849909,-0.4486022480379657,0.651609260142806,0.15171553702065704,419.005,583.406,495.594,,,,0,"Glucose-Dependent Insulinotropic Receptor (GDIR, GPR119) Agonist",GPR119
1151,NCGC00096060-07,Puerarin,0.1185313602192467,-0.8524245303909957,0.537695666498495,0.6703229445502409,386.57,571.975,540.487,0.228605,0.002445,0.007464,3,,
1152,NCGC00242227-11,TCS-JNK-5a,0.1192943778607601,0.31412199002312025,0.3317523259112015,-0.28799118235204146,480.267,551.309,457.531,46.1,4.765747,0.483139,3,JNK 2/3 Inhibitor,MAPK8
1153,NCGC00347909-06,A-839977,0.11936751760608688,0.05771009222565944,0.25984256370865105,0.040549896883950144,459.672,544.093,485.971,,46.1,,1,P2X7 Receptor Antagonist,P2RX7
1154,NCGC00090903-01,Sulfasalazine,0.12124588887601817,0.6244806104793043,-0.7184730093164006,0.4577300654651508,505.195,445.921,522.084,,0.980619,,1,NFKB Activation Inhibitor,NFKB1
1155,NCGC00094872-13,Piperine,0.12189298630989903,0.057797243635446714,0.2531458674503213,0.05473584784392906,459.679,543.421,487.199,,46.1,,1,MAO-A/B Inhibitor,MAOA
1156,NCGC00386327-03,MPI-0479605,0.12265087177641336,-0.9712368023347283,0.6881122339437958,0.6510771837201725,377.027,587.069,538.821,0.174114,,46.1,2,MPS1 Inhibitor,TTK
1157,NCGC00015898-28,Rolipram,0.12386701024696767,-0.04736960757577642,0.20073824003579616,0.21823239828088326,451.232,538.162,501.352,,,,0,Phosphodiesterase IIII (PDE4) Inhibitor,PDE4A
1158,NCGC00370980-01,A-419259,0.12646173303033165,0.40945318212970705,-0.009599807471027118,-0.02046817556768495,487.924,517.055,480.689,,,,0,HCK Kinase Inhibitor,HCK
1159,NCGC00092318-12,NSC-23766,0.12702767794569816,0.5004517041496949,-0.4014262958360597,0.28205762552345937,495.233,477.736,506.877,0.001158,,,1,Rac1-GEF Inhibitor,RAC1
1160,NCGC00346689-06,NVP-BVU-972,0.12795362922712367,-0.061575287371207744,0.27212980550407084,0.17330636954850787,450.091,545.326,497.463,,,,0,HGFR Inhibitor,MET
1161,NCGC00345806-02,Cathepsin S Inhibitor,0.12823934056520386,0.0074361789794272996,0.1245433894536585,0.2527384532625258,455.634,530.516,504.339,,,,0,Cathepsin S Inhibitor,CTSS
1162,NCGC00346976-02,ML-323,0.12853598909563227,0.17726937625328784,-0.3512807964730841,0.559619387506693,469.275,482.768,530.904,,0.085591,46.1,2,Ubiquitin Carboxyl-terminal Hydrolase Inhibitor,USP1
1163,NCGC00346636-03,WYE-687,0.12863547691841792,0.5429940423275982,0.2821549192479405,-0.4392425308202849,498.65,546.332,444.438,,,,0,mTOR Inhibitor,MTOR
1164,NCGC00345085-02,(-)-Indolactam V,0.1289539659567153,-0.8872477437019688,0.20562124772416235,1.0684883938479524,383.773,538.652,574.954,,1.656618,23.0,2,lineage-specific differentiation enhancer,
1165,NCGC00025179-20,Mifepristone,0.1290901759197694,0.26616381423696756,0.2809391499867559,-0.15983243646441525,476.415,546.21,468.625,29.899424,46.1,46.1,3,Progesterone Receptor Antagonist,PGR
1166,NCGC00165889-13,SB-505124,0.13036127263007408,-0.3623223523479241,0.771113399324207,-0.017707229086060684,425.935,595.398,480.928,,,,0,TGF-bR1 (ALK5) Inhibitor,TGBR1
1167,NCGC00016101-17,Xylometazoline hydrochloride,0.1310377060288623,-0.7776237203901634,0.762622945139538,0.4081138933372123,392.578,594.546,517.789,0.07507,,,1,alpha2A/B/C-Adrenoceptor Agonist,ADRA2A
1168,NCGC00388364-06,Molidustat,0.13150580483495508,0.45685109885293784,-0.507945620695131,0.4456119363470584,491.731,467.047,521.035,,0.128353,,1,HIF Prolyl Hydroxylase Inhibitor,HIF1A
1169,NCGC00189074-12,PD-184352,0.13192723739450513,0.37582518815296834,0.08498106185608108,-0.06502453782553407,485.223,526.546,476.832,,,,0,MEK Inhibitor,MAP2K1
1170,NCGC00263555-05,Spautin-1,0.13287348879347724,-0.5003826356533888,0.587014044150992,0.3119890578828285,414.846,576.924,509.468,,,46.1,1,Ubiquitin Specific Peptidase (USP10/13) Inhibitor,USP10
1171,NCGC00508823-01,BG-15a,0.13293232571036318,0.20757316645668805,0.18635828065964885,0.004865530014752615,471.709,536.719,482.882,46.1,46.1,,2,,
1172,NCGC00164574-14,Erlotinib,0.13300471223192986,-1.4207139732152303,1.0419708462013295,0.7777572637096903,340.925,622.578,549.787,0.012838,,46.1,2,EGFR Inhibitor,EGFR
1173,NCGC00183682-14,VX-765,0.13449965111330722,0.47426893060912373,-0.004278325622888331,-0.06649165164631374,493.13,517.589,476.705,,,0.001175,1,Caspase-1 Inhibitor,CASP1
1174,NCGC00015590-08,Linopirdine,0.13562849797255772,-0.09034770280262032,0.251033219225966,0.24619997749432743,447.78,543.209,503.773,,,,0,K(ATP) Channel Blocker,
1175,NCGC00015479-22,Genistein,0.1363646560055431,-0.2470957384068946,-0.18586641969922918,0.842056126122753,435.19,499.367,555.353,,17.619871,13.212907,2,DNA Topoisomerase II Inhibitor,TOP2A
1176,NCGC00015420-15,Emodin,0.1373438687324899,0.2028794405295385,0.025298749518071578,0.18385341614985967,471.332,520.557,498.376,,,,0,Casein Kinase 2 Inhibitor,CSNK2A1
1177,NCGC00159356-02,Nandrolone phenylpropionate,0.13775856921564178,0.0753644778084119,0.16292980907730464,0.17498142076120876,461.09,534.368,497.608,,,,0,Steroid hormone,
1178,NCGC00263143-07,VER-155008,0.13798721075358344,0.11357414589971623,0.16381672271866035,0.13657076364237372,464.159,534.457,494.283,,,,0,Heat Shock Protein 70 (hsp70) Inhibitor,HSPA2
1179,NCGC00024956-17,PD-153035,0.1380541723311102,-0.7424643516414363,0.6427999156601221,0.5138269529746449,395.402,582.522,526.94,,13.794929,30.879029,2,EGFR Inhibitor,EGFR
1180,NCGC00387878-04,GSK-2879552,0.1429485567595603,0.12032215505758133,0.21973214341135844,0.08879137180974117,464.701,540.068,490.147,,,,0,Lysine-Specific Histone Demethylase 1A (KDM1A; LSD1) Inhibitor,KDM1A
1181,NCGC00167491-14,Lenalidomide,0.1433057907604193,-0.007416911288714557,0.26090885314264206,0.17642543042733036,454.441,544.2,497.733,,,,0,TNF-alpha Production Inhibitor,TNF
1182,NCGC00263099-07,CP-466722,0.1445131045442746,0.03102931062915705,0.32979912283585594,0.07271088016781083,457.529,551.113,488.755,,,42.147805,1,ATM Kinase Inhibitor,ATM
1183,NCGC00386818-01,ML327,0.1449412966089312,0.3257753785319048,0.5600279526814099,-0.4509794413865211,481.203,574.216,443.422,,4.164936,,1,CDH1 Expression Enhancers,
1184,NCGC00015950-05,SB-415286,0.14494608984263221,0.5825234317671195,-0.429488642061445,0.2818034798222221,501.825,474.92,506.855,0.01806,,,1,GSK-3 beta Inhibitor,GSK3B
1185,NCGC00095157-04,Oxfendazole,0.14722582368952505,-0.9359778319748153,0.9206530184499648,0.4570022845934256,379.859,610.404,522.021,0.044796,0.001484,28.742882,3,antiparasitic agent,
1186,NCGC00090851-17,5-Azacitidine,0.15102900060528845,0.1682056296353447,0.03571251081264782,0.2491688613678729,468.547,521.602,504.03,46.1,27.211193,46.1,3,DNA Methyltransferase (DNMT) Inhibitor,DNMT1
1187,NCGC00018248-18,Meloxicam,0.15107783077148254,0.0694381819428333,0.050481117739501695,0.33331419263211265,460.614,523.084,511.314,,,,0,Cyclooxygenase-1/2 Inhibitor,PTGS1
1188,NCGC00346581-05,AZ-960,0.15133628333557966,0.7628645990211236,-0.5132372065778298,0.20438145756344517,516.31,466.516,500.153,46.1,,0.87182,2,Jak2/3 Inhibitor,JAK2
1189,NCGC00263020-01,NCGC00263020,0.153384460606115,-0.11496175096700849,0.11973013901798389,0.4553849937673696,445.803,530.033,521.881,,,,0,NFkappaB-inducing kinase Inhibitor,NFKB1
1190,NCGC00167525-11,Tazarotene,0.1555589484043848,0.6165871827927981,-0.6431052804447421,0.49319494286509846,504.561,453.484,525.154,,0.109412,46.1,2,Retinoid RAR Agonist,RARB
1191,NCGC00522633-01,Xanthatin,0.1563684683516187,-0.06760118484797231,0.1133324024140425,0.4233741874887859,449.607,529.391,519.11,,,,0,NF-kappaB Activation Inhibitor,NFKB1
1192,NCGC00510691-01,3-BDO,0.1564833821965834,-0.5411321448299412,0.5625790750655356,0.44800321635415574,411.573,574.472,521.242,,0.001251,,1,Inhibitor of autophagy,
1193,NCGC00345829-03,PD-173955,0.15765324855625276,0.14177385206680757,0.18202336567099672,0.14916252793095397,466.424,536.284,495.373,0.004024,0.003695,7.817973,3,cSRC Inhibitor,SRC
1194,NCGC00238452-05,Enzastaurin,0.15810383363680297,0.48735409227870996,-0.17949857906072775,0.1664559876924267,494.181,500.006,496.87,16.565363,,46.1,2,"PKCa, PKCb, PKCg inhbitor",PRKCA
1195,NCGC00095003-07,Tioxolone,0.15844977935060475,0.5885368790424861,-0.35420063576429023,0.2410130947736184,502.308,482.475,503.324,,,,0,Carbonic Anhydrase Type I Inhibitor,CA1
1196,NCGC00263100-02,OSI-632,0.158568780633635,-0.7465106670958754,0.6682812435359416,0.5539357654608388,395.077,585.079,530.412,,38.163023,34.352239,2,VEGFR-2 Inhibitor,KDR
1197,NCGC00348110-01,PRP003-032,0.15918795017718254,0.6363581026132582,-0.5114235180078657,0.3526292659261551,506.149,466.698,512.986,,,,0,ACK1 Inhibitor,TNK2
1198,NCGC00346888-03,UK-383367,0.16191560419918688,-0.10826354261473672,0.13230637514597926,0.4617039800663181,446.341,531.295,522.428,,,0.002429,1,Procollagen C-Endopeptidase Inhibitor,
1199,NCGC00185756-04,Estramustine,0.16218798540561588,0.4182928251224823,-0.5153996814112495,0.5836708125056148,488.634,466.299,532.986,,,,0,DNA Alkylating Agent,
1200,NCGC00346724-02,Varlitinib tosylate,0.16256089713274643,0.6742316152668085,-0.6475597792951496,0.4610108554265804,509.191,453.037,522.368,,,,0,EGFR Inhibitor,EGFR
1201,NCGC00370805-01,LY-2365109 hydrochloride,0.16304594135417141,0.536768941628461,-0.3213250391032298,0.27369392153728306,498.15,485.774,506.153,,,46.1,1,GlyT-1 Inhibitor,SLC6A9
1202,NCGC00344053-04,Purmorphamine,0.16311038166329928,0.32283713100191214,-0.43948385983987637,0.6059778738278621,480.967,473.917,534.917,,0.297405,,1,lineage-specific differentiation enhancer,
1203,NCGC00263165-02,PH-797804,0.16343206302245977,-0.23979992038750567,0.28950932674592916,0.4405867827089558,435.776,547.07,520.6,,,46.1,1,p38 MAPK Inhibitor,MAPK14
1204,NCGC00167751-05,SSR-69071,0.16512167860397198,-0.8379947469703958,0.6566716436238063,0.6766881391585055,387.729,583.914,541.038,,,,0,Leukocyte Elastase Inhibitor,ELA2
1205,NCGC00186046-02,Caroverine,0.16640929347945593,0.20573053664974314,0.07657033024591531,0.21692701354270932,471.561,525.702,501.239,,,,0,AMPA Antagonist,GR1A1
1206,NCGC00351595-02,PF-3644022,0.16650074331661766,0.22964737353582884,0.018283162961724556,0.25157169345229957,473.482,519.853,504.238,0.0012,33.990951,46.1,3,MAPKAP-K2 (MK2) Inhibitor,MAPKAPK2
1207,NCGC00507856-01,PD-1/PD-L1 Inhibitor 1,0.16656584778063566,-0.13984970356215928,0.2803910572870407,0.3591561896170255,443.804,546.155,513.551,,,,0,PD-1 /PD-L1 interaction Inhibitor,
1208,NCGC00023373-10,Clobetasol propionate,0.16681749017969058,0.24898253630734896,0.0117160158869629,0.23975391834475993,475.035,519.194,503.215,,,,0,Corticosteroid,
1209,NCGC00390618-03,UNC2025 (hydrochloride),0.16730845097803337,0.26062347461473556,0.2608689918553899,-0.01956711353602535,475.97,544.196,480.767,,,,0,Tyrosine-protein kinase receptor FLT3 Inhibitor,
1210,NCGC00420896-01,SP-2509,0.16832610948688878,-0.8863886798054884,0.6648432075104602,0.7265238007556946,383.842,584.734,545.352,,,,0,Lysine-Specific Histone Demethylase 1A (KDM1A; LSD1) Inhibitor,KDM1A
1211,NCGC00017244-10,Enoxolone,0.16839423658759536,0.7092415815987569,-0.9320497864124456,0.7279909145764748,512.003,424.489,545.479,,0.20224,,1,15-hydroxyprostaglandin dehydrogenase Inhibitor,
1212,NCGC00250412-08,JQ1,0.16848840347399657,-0.28109723842558193,0.35081598653945534,0.4357464623081163,432.459,553.222,520.181,,1.036191,,1,Brd4 Inhibitor,BRD4
1213,NCGC00346938-02,E5555,0.16910866475676328,0.037167259918506265,0.3605620712725622,0.10959666307922138,458.022,554.2,491.948,,46.1,34.389618,2,Thrombin Inhibitor,
1214,NCGC00481575-01,BI-847325,0.17079119551313543,-0.15553695732398493,0.18250170111802036,0.4854088427453709,442.544,536.332,524.48,,,,0,Aurora Kinase Inhibitor,AURKA
1215,NCGC00263217-05,NVP-231,0.17096358188390925,0.35285456657315173,0.43555111791532686,-0.2755149388367508,483.378,561.725,458.611,46.046082,,,1,Ceramide kinase Inhibitor,CERK
1216,NCGC00344508-02,NPS-R568,0.17168025258249958,0.08298400106415613,0.6584753668719583,-0.22641861018861564,461.702,584.095,462.861,,,,0,Calcium-Sensing Receptor (CaSR) Agonist,CASR
1217,NCGC00378588-02,NCGC00378588,0.1716966169525652,-0.18505638483929326,0.7105641039884673,-0.0104178682914784,440.173,589.322,481.559,,30.9,,1,p53-MDM2 interaction Inhibitor,TP53
1218,NCGC00390270-02,Amrubicin,0.17277861258940855,0.23318323073293867,-0.30480253553728887,0.5899551425725759,473.766,487.432,533.53,,46.1,,1,DNA Topoisomerase II Inhibitor,TOP2A
1219,NCGC00015036-23,Amantadine hydrochloride,0.17296797321798443,0.14172405126121493,-0.09384663807806111,0.47102650647079947,466.42,508.601,523.235,,0.063116,,1,Dopamine Receptor Agonist,DRD1
1220,NCGC00247866-05,NCGC00247866,0.1735376207767153,0.16452037002145486,0.10830988022029432,0.24778261208839672,468.251,528.887,503.91,0.400655,,0.001808,2,BLM Inhibitor,BLM
1221,NCGC00346304-02,L-779450,0.17438821517260328,0.10797155527049289,-0.0428142250737292,0.45800731532104616,463.709,513.722,522.108,,,23.519197,1,Raf kinase C Inhibitor,BRAF
1222,NCGC00242486-04,AZD-1480,0.17439027908965496,0.20962744968740357,0.2548798334457817,0.05866355413577959,471.874,543.595,487.539,,26.38058,,1,Jak1/2 Inhibitor,JAK1
1223,NCGC00241102-08,Midostaurin,0.17506703463088688,0.8325857268514605,-0.41865633725072277,0.11127171429192291,521.91,476.007,492.093,,,0.898719,1,PKC/flt3 Inhibitor,PRKCA
1224,NCGC00351482-09,Duvelisib,0.17520879260262004,-0.10038256512962926,0.32217565164891604,0.30383329128857334,446.974,550.348,508.762,46.1,38.363418,31.374296,3,PI3Kd/g Inhibitor,PIK3CD
1225,NCGC00489873-03,CCT-251921,0.1754966413122835,0.2438406031298615,-0.3384155660125108,0.6210648868194999,474.622,484.059,536.223,,,,0,CDK 8/19 Inhibitor,CDK8
1226,NCGC00167431-03,Rifapentin,0.1758094660973674,0.8238830360740672,-1.0012489810818617,0.7047943432998967,521.211,417.545,543.471,,,44.487901,1,,PRKDC
1227,NCGC00262829-02,C-188-9,0.1770167788760263,0.33153982177930613,0.21310520440571912,-0.013594689556946364,481.666,539.403,481.284,14.601691,46.1,,2,STAT3 Expression Inhibitor,STAT3
1228,NCGC00250411-03,Veliflapon,0.177148008804435,-0.018634542748559208,0.4290337974496301,0.12104477171223409,453.54,561.071,492.939,,,,0,5-lipoxygenase-activating (FLAP) Inhibitor,ALOX5AP
1229,NCGC00345832-03,SD-06,0.17839937320877033,0.8028546459123822,-0.641680239425484,0.3740237131394128,519.522,453.627,514.838,,,,0,p38 MAPK Inhibitor,MAPK14
1230,NCGC00263163-11,SGX-523,0.18036379243171316,0.7530164897150893,-0.7059864610847217,0.4940613486647719,515.519,447.174,525.229,,,,0,HGFR Inhibitor,MET
1231,NCGC00345822-02,Akt-I-1,0.1820334788159551,0.22719468386036876,0.4741866705842964,-0.15528091799679983,473.285,565.602,469.019,0.445856,0.047013,,2,AKT Inhibitor,AKT1
1232,NCGC00386735-01,AZD-8797,0.18527259012369066,0.3173963929908661,-0.14248737384727486,0.38090875122748075,480.53,503.72,515.434,,,,0,Chemokine CX3CR1 Receptor Antagonist,CX3CR1
1233,NCGC00372509-03,BMS-4,0.18575822421024074,0.3342290652813335,-0.2100323250957349,0.4330779324451236,481.882,496.942,519.95,,1.631794,,1,LIMK1/LIMK2 Inhibitor,LIMK1
1234,NCGC00166125-02,Meglumine,0.18607894934031513,-0.4231415861784944,0.23617492440279503,0.7452035097966447,421.05,541.718,546.969,,,,0,amino sugar,GLUT1
1235,NCGC00475739-01,PF-4989216,0.18848750035026404,0.12213988446172887,0.4984123679116804,-0.05508975132261714,464.847,568.033,477.692,,31.199072,,1,PI3Kalpha Inhibitor,PIK3CA
1236,NCGC00346836-09,GSK-2334470,0.18855391532402238,0.032660287012331354,0.25797904852962145,0.2750224104301144,457.66,543.906,506.268,,,,0,Phosphoinositide Dependent Kinase Inhibitor,PDPK1
1237,NCGC00016229-20,Propylthiouracil,0.18861117383352505,0.15457265910423387,0.2699075387397729,0.14135332365656839,467.452,545.103,494.697,,,0.003609,1,Antithyroid Drugs,TPO
1238,NCGC00386704-01,Mitapivat,0.19031646716880615,0.3727375382061964,-0.3140902154669976,0.5123020787672197,484.975,486.5,526.808,5.463279,,22.595294,2,"Phase II PKR Activator, for pyruvate kinase deficiency; however, could be useful for oncology as well.",PKM2
1239,NCGC00344625-13,IOX2,0.19110744998626322,-0.1740877574074139,0.21146092630657579,0.5359491810596277,441.054,539.238,528.855,,,,0,HIF Prolyl Hydroxylase Inhibitor,HIF1A
1240,NCGC00016786-18,Mycophenolic acid,0.19148512320886682,0.15146010875466528,0.4312759948575536,-0.008280733985618372,467.202,561.296,481.744,4.280723,4.001396,1.752668,3,Inosine 5'-Monophosphate Dehydrogenase (IMPDH) Inhibitor,IMPDH1
1241,NCGC00271713-05,Efavirenz,0.19215251971321134,0.20067575488204364,0.12714433844685022,0.2486374658107402,471.155,530.777,503.984,,,,0,Reverse Transcriptase Inhibitor,
1242,NCGC00273985-04,Wyeth Cot Inhibitor 2,0.1927786017530373,0.015541260089704061,0.4283262596009074,0.13446828556850043,456.285,561.0,494.101,,,,0,Tpl-2/Cot (MAP3K8) Kinase Inhibitor,MAP3K8
1243,NCGC00263548-23,VINBLASTINE SULFATE,0.19341605425245634,0.6137236364711955,0.41518200012957135,-0.4486574738433979,504.331,559.681,443.623,,8.269746,4.299498,2,Tubulin polymerization inhibitor,TUBB
1244,NCGC00015578-18,Ketoprofen,0.19377166622040298,0.432212150285753,0.3076761084110134,-0.15857326003555744,489.752,548.893,468.734,0.09508,0.002805,0.015233,3,non-steroidal antiinflammatory,
1245,NCGC00159453-14,Zileuton,0.1942415683389421,-0.30635869706268065,0.6952374390400855,0.19384596303942142,430.43,587.784,499.241,0.003312,0.0025,0.002805,3,5-Lipoxygenase Inhibitor,ALOX5
1246,NCGC00509945-01,CEP-40783,0.19470726794172807,0.42357171051535036,0.42245668505305456,-0.2619065917432207,489.058,560.411,459.789,0.001883,0.001832,,2,TYRO3 Inhibitor,TYRO3
1247,NCGC00379089-04,Genz-644282,0.19472535146363015,-0.41191150451725106,0.1849332396403907,0.8111543192677508,421.952,536.576,552.678,0.632481,0.215489,1.212756,3,DNA Topoisomerase I Inhibitor,TOP1
1248,NCGC00167503-02,Aclarubicin,0.1948844355289419,-0.02813404641544299,0.1485996763102211,0.46418767669204763,452.777,532.93,522.643,,,29.240906,1,DNA Topoisomerase II Inhibitor,TOP2A
1249,NCGC00346657-02,MK-5108,0.19537243737618243,0.6938157820662946,-0.42922954369430705,0.32153107375655976,510.764,474.946,510.294,,0.493641,0.062894,2,Aurora A Inhibitor,AURKA
1250,NCGC00346876-03,PX-12,0.19668204767667893,0.6022445507819862,-0.10637304759699212,0.09417463984504268,503.409,507.344,490.613,,,,0,Thioredoxin Reductase Inhibitor,TXNRD1
1251,NCGC00475733-01,E-7820,0.1978824709083654,-0.05622170076994967,0.5799884922728334,0.0698806212222124,450.521,576.219,488.51,9.995222,1.041517,0.076267,3,Integrin Receptor Antagonist,
1252,NCGC00183862-01,Tolrestat,0.1981493282184403,0.4400806775694625,0.17050345365517847,-0.016136146569320078,490.384,535.128,481.064,,,,0,Aldose Reductase Inhibitor,AKR1B1
1253,NCGC00250409-02,GSK-1016790A,0.1988273084185529,-0.13062410432603744,0.5957337007373601,0.131372328844336,444.545,577.799,493.833,,,,0,TRPV4 Agonist,TRPV4
1254,NCGC00168784-10,Gemcitabine,0.19992285304973598,0.5246050948623472,0.22493404139774076,-0.14977057711088002,497.173,540.59,469.496,0.600011,3.239567,38.24011,3,Ribonucleotide reductase Inhibitor,RRM2
1255,NCGC00475734-01,Patidegib,0.200029487685905,0.14342972885277852,0.21216846415529736,0.24449027004963914,466.557,539.309,503.625,,,,0,Hedgehog Antagonist,SHH
1256,NCGC00167518-12,Temsirolimus,0.20144721813486724,0.4043361493550162,-0.34777300319491056,0.547778508244496,487.513,483.12,529.879,0.133328,0.070273,23.0,3,mTOR Inhibitor,MTOR
1257,NCGC00356071-11,CPI-203,0.20156694607334008,0.7540249560283497,0.19734006529756581,-0.3466641831058953,515.6,537.821,452.452,0.010424,0.558792,,2,Bromodomain-containing protein 4 Inhibitor,BRD4
1258,NCGC00389300-01,Nelfinavir,0.20182045975410723,-0.615173492545479,0.31481127882911575,0.905823592978685,405.626,549.609,560.873,,34.415095,,1,HIV Protease Inhibitor,
1259,NCGC00510526-01,CHZ868,0.20295338771113963,0.36092229707923384,0.25416233027524626,-0.006224464221061213,484.026,543.523,481.922,,37.66637,,1,Jak2 Inhibitor,JAK2
1260,NCGC00390611-02,GSK2110183 (hydrochloride),0.20303754367032262,0.4044233007648042,0.31407384501495367,-0.10938451476879003,487.52,549.535,472.992,,,,0,,
1261,NCGC00505020-01,Indimitecan hydrochloride (LMP-776),0.2034806882404683,0.16165682369985224,0.04679394866869574,0.40199129235285697,468.021,522.714,517.259,46.1,45.286777,,2,DNA Topoisomerase I Inhibitor,TOP1
1262,NCGC00094112-11,BIO,0.20398266255759068,0.31072308504139173,-0.028115375399565753,0.329340278030946,479.994,515.197,510.97,0.001208,,,1,GSK-3 Inhibitor,GSK3B
1263,NCGC00164563-12,Entecavir,0.2047312733240059,-0.5355918052077092,0.7073851663301233,0.44240045884960366,412.018,589.003,520.757,0.349426,,,1,DNA Polymerase Inhibitors,
1264,NCGC00346826-01,HPI-1,0.20491766756139826,-0.11316892196565691,0.4402846457764983,0.2876372788733534,445.947,562.2,507.36,,36.681062,17.142792,2,Smoothened (Smo) Receptor Antagonist,SMO
1265,NCGC00250397-04,NVP-XAV-939,0.20525942775257733,0.6985344083962401,-0.09383667275624835,0.011080547617740206,511.143,508.602,483.42,0.003561,,,1,TNKS1/TNKS2 Inhibitor,TNKS
1266,NCGC00077915-02,ML-119,0.2056649260148009,0.4516220142656624,-0.6062734510239234,0.7716462148026637,491.311,457.18,549.258,0.239504,0.005458,14.299604,3,Protein Tyrosine Phosphatase SHP-2 (PTP2C) Inhibitor,PTP2C
1267,NCGC00015429-18,Felbamate,0.20730132595882356,0.5274810913853485,0.3567453530181859,-0.2623224665270637,497.404,553.817,459.753,,0.004574,,1,GABA(A) Receptor Modulators,GABRA1
1268,NCGC00015874-05,Quinacrine,0.2073996301138619,-0.6599195163708772,0.42818674509552546,0.8539316616169375,402.032,560.986,556.381,,17.401278,0.004033,2,Secretory Phospholipase A2 (sPLA2) Inhibitor,PLA2G5
1269,NCGC00016371-06,Diclofenamide,0.20782760494473745,0.046828616203567326,0.09736795686962953,0.47928624176101553,458.798,527.789,523.95,0.003549,0.003973,,2,Carbonic Anhydrase Inhibitor,CA1
1270,NCGC00015208-25,Caffeine,0.2079285755105379,0.3013978841940839,0.1447032354813416,0.1776846068561882,479.245,532.539,497.842,,,,0,Chitinase Inhibitor,
1271,NCGC00165783-03,Vadimezan,0.2100113798557479,0.3769581564802114,0.21442062688503355,0.03865535620199872,485.314,539.535,485.807,0.027427,,,1,Interferon Inducer,
1272,NCGC00384249-01,CXC-195,0.21064725558134523,0.3184795605125165,0.4494627071662633,-0.13600050093474414,480.617,563.121,470.688,,,,0,NOX Inhibitor,NOX1
1273,NCGC00346665-01,Scopine,0.2117450248311672,0.05853180551794523,0.4223769624785514,0.15432630649700493,459.738,560.403,495.82,,,,0,Metabolite of anisodine. Anisodine is an ┐┐1-adrenergic receptor Agonist,
1274,NCGC00346610-02,Pantothenic acid,0.21504346893119,0.6394084019558355,-0.30568944917864516,0.3114114540163797,506.394,487.343,509.418,,,,0,Vitamin,
1275,NCGC00483921-01,PLX-8394,0.2157790910677974,0.1906284423536367,0.5572675585392107,-0.10055872768945522,470.348,573.939,473.756,,37.891951,41.531383,2,Raf kinase B Inhibitor,BRAF
1276,NCGC00498438-01,RX-5902 (SUPINOXIN),0.21630984129733768,0.5933302065808216,0.38153907368890944,-0.325939756377718,502.693,556.305,454.246,,,,0,p68 RNA Helicase Inhibitor,DDX5
1277,NCGC00165909-10,TRAM-34,0.21700230993649947,0.5081334784124304,-0.29012361650675206,0.4329970679038201,495.85,488.905,519.943,,,,0,Intermediate Conductance Channel Blocker,
1278,NCGC00346884-02,Eeyarestatin I,0.21702026346977885,0.6987460618200114,0.4272300742014782,-0.4749153456121531,511.16,560.89,441.35,,,,0,Inhibitor of endoplasmic reticulum associated protein degradation,
1279,NCGC00510508-01,TPOP-146,0.21812704589938825,0.5561290048027777,0.317751048763948,-0.21949891586856096,499.705,549.904,463.46,,7.451574,,1,CBP/p300 Inhibitor,EP300
1280,NCGC00015708-19,Maprotiline hydrochloride,0.21840170001392528,0.40743624950318685,0.4598166765299619,-0.21204782599137292,487.762,564.16,464.105,,,,0,Noradrenaline Reuptake Inhibitor,
1281,NCGC00015038-11,Aminopterin,0.21840373751664952,0.03613389320244986,0.24861164602540953,0.3704656733220892,457.939,542.966,514.53,,,,0,Dihydrofolate Reductase (DHFR) Inhibitor,DHFR
1282,NCGC00159456-30,Imatinib,0.2184201813288017,0.3617689107743163,0.44734009362009636,-0.15384846040800756,484.094,562.908,469.143,,,,0,Bcr-Abl Inhibitor,ABL1
1283,NCGC00241113-04,Orantinib,0.21854912231840753,0.5149437385772861,0.1729549228211743,-0.032251294443237835,496.397,535.374,479.669,0.002597,,,1,VEGFR-2 Inhibitor,FLT1
1284,NCGC00024196-12,Megestrol acetate,0.21877620663192263,0.19681619244857926,0.34370074676497964,0.11581168068220897,470.845,552.508,492.486,0.012305,,,1,Progesterone Receptor Antagonist,PGR
1285,NCGC00511392-01,WEHI-345,0.2193563666642255,0.7462684805572242,-0.4280636010421874,0.33986422047763976,514.977,475.063,511.881,,0.075891,46.1,2,RIP2 kinase Inhibitor,RIPK2
1286,NCGC00481567-03,LY-2409881,0.21936937330609926,0.16281469242989124,0.38473794199088013,0.11055548549752645,468.114,556.626,492.031,,,,0,IKK beta Inhibitor,IKBKB
1287,NCGC00347950-07,LGK-974,0.2211189525375922,-0.32397573204123914,0.7843373813700474,0.20299520828396836,429.015,596.725,500.033,,,29.808131,1,Wnt Signaling Inhibitor,PORCN
1288,NCGC00346647-03,GSK-1838705A,0.22168740006664023,0.864333740417061,0.07913141795185374,-0.2784029581689941,524.46,525.959,458.361,,,,0,IGF-1R Inhibitor,IGFR1
1289,NCGC00250392-01,AR-C155858,0.2223540642687488,-0.9453528336277158,0.790216921239713,0.8221981051942492,379.106,597.315,553.634,,,,0,MCT1 Inhibitor,SLC16A1
1290,NCGC00263097-03,Cediranib,0.223830795509329,0.4469656389427082,0.47519316808740864,-0.25066642050212984,490.937,565.703,460.762,,,,0,VEGFR-1/2/3 Inhibitor,FLT1
1291,NCGC00522011-01,ER 819762,0.22388345800829126,-0.3620733483199588,0.6670355783093176,0.36668814403551503,425.955,584.954,514.203,,,,0,Potent EP4 Receptor Antagonist,
1292,NCGC00346702-05,Capmatinib,0.22501825935259406,0.3274810561234684,0.01540318495776999,0.3321705369765438,481.34,519.564,511.215,,,,0,HGFR Inhibitor,MET
1293,NCGC00345839-10,Baricitinib,0.22670830609727244,0.20652734953923296,0.11928169953639965,0.3543158692161847,471.625,529.988,513.132,46.1,27.544769,34.979833,3,Jak2 Inhibitor,JAK2
1294,NCGC00378903-01,KD-025,0.22691339598878088,0.3238704977179693,-0.1088544127284268,0.46572410297680017,481.05,507.095,522.776,,,,0,ROCK 2 Inhibitor,ROCK2
1295,NCGC00024976-06,CGS-21680,0.22743374722367396,-0.6349942131715317,0.6905238418225407,0.6267716130200129,404.034,587.311,536.717,,,,0,Adenosine A2A Agonist,ADORA2A
1296,NCGC00016645-03,Methacycline hydrochloride,0.2285806427828628,0.4688157423966797,-0.4499773437089569,0.6669035296608656,492.692,472.864,540.191,,,,0,Tetracycline Antibiotic,
1297,NCGC00263281-01,GSK-1995010,0.22932444151756026,0.6220030204010475,-0.32029861095649154,0.38626891510812483,504.996,485.877,515.898,,,39.44319,1,Fatty Acid Synthase (FAS) Inhibitor,FAS
1298,NCGC00345739-02,KH-CB19,0.22936634504000655,0.6900682714454142,-0.40314033118789405,0.4011710948624996,510.463,477.564,517.188,,,0.855823,1,"Clk1, Clk4 Inhibitor",CLK1
1299,NCGC00022848-25,Hydrocortisone,0.22978846986750698,0.04198548785963846,0.3060716915991211,0.3413082301437614,458.409,548.732,512.006,,,,0,immunosuppressant,
1300,NCGC00165719-16,Alendronate (Fosamax),0.2300235238897791,0.7010866996828868,0.11139912998232245,-0.12241525799587205,511.348,529.197,471.864,,,,0,Geranylgeranyl pyrophosphate synthetase Inhibitor,
1301,NCGC00485481-02,ELN-441958,0.23097772552460208,0.20722456081753612,0.2713923716899087,0.21431624406636143,471.681,545.252,501.013,,,,0,Bradykinin B1 Receptor Antagonist,BDKRB1
1302,NCGC00253909-02,PRT-060318,0.23109421596061022,0.25774747809173354,0.283380653830939,0.15215451595915813,475.739,546.455,495.632,,,,0,Syk Kinase Inhibitor,SYK
1303,NCGC00142400-07,Chenodeoxycholic acid,0.23270371165530512,0.27441829776402293,0.3954805589052853,0.028212278296607187,477.078,557.704,484.903,0.010804,10.861567,1.035107,3,Farnesoid X Receptor Agonist,NR14H
1304,NCGC00181349-02,Strontium Ranelate,0.23320409346099327,0.2804317450393895,0.255138931812919,0.1640416035306713,477.561,543.621,496.661,,,,0,,CASR
1305,NCGC00510355-01,Mavacamten,0.23509274317858522,0.1975258539282804,0.34320248067432935,0.16454989493314592,470.902,552.458,496.705,,,,0,Drugs Targeting Myosin,
1306,NCGC00346653-06,SCH 900776,0.23540268926139718,0.34350446532304796,0.5004253629179047,-0.13772176045676113,482.627,568.235,470.539,46.1,,,1,,CHEK1
1307,NCGC00475728-01,AZD-8186,0.23568787735941843,0.1344033328390293,0.2839486771742786,0.28871162206494744,465.832,546.512,507.453,46.1,26.008869,46.1,3,,PIK3CA
1308,NCGC00346554-01,Tie-2 kinase Inhibitor,0.2357246723745125,0.2166369130746319,0.4157699541165376,0.074767149932368,472.437,559.74,488.933,,46.1,,1,Tie-2 kinase Inhibitor,TEK
1309,NCGC00262228-03,NCGC00262228,0.23621896482505342,0.5839178543237266,0.16395623722404234,-0.039217197072608644,501.937,534.471,479.066,,,,0,HPGD Inhibitor,HPGD
1310,NCGC00263156-12,Nintedanib,0.23749164324353492,0.6087435559118853,0.09572367877048621,0.008007695048233166,503.931,527.624,483.154,,,,0,VEGFR-1/2/3 Inhibitor,FLT1
1311,NCGC00386312-01,CNX-774,0.23764034450185967,0.11170661568997535,0.7820254267094335,-0.1808110088938299,464.009,596.493,466.809,,,25.757895,1,BTK Inhibitor,BTK
1312,NCGC00164631-19,Sunitinib malate,0.23806912149061726,0.9046350423432749,0.11405987090639183,-0.30448754877781486,527.697,529.464,456.103,,,,0,VEGFR-1/2/3 Inhibitor,FLT1
1313,NCGC00263120-06,Enzalutamide,0.23849133542037576,0.11709755289542807,0.4078574885970221,0.19051896476867708,464.442,558.946,498.953,,,,0,Androgen Receptor Antagonist,AR
1314,NCGC00025323-13,Ubenimex,0.24043549885999033,0.05372602777821101,0.5321649128922838,0.13541555590947615,459.352,571.42,494.183,0.002184,,,1,Leukotriene A4 Hydrolase Inhibitor,LTA4H
1315,NCGC00378853-02,Atrasentan,0.24102582694483385,0.066549735218434,0.29316659985129684,0.3633611457647707,460.382,547.437,513.915,,0.001742,0.001143,2,Endothelin ETA Receptor Antagonist,EDNRA
1316,NCGC00386509-01,Fluticasone furoate,0.24218639659766358,0.16658710345356836,0.7422040007447165,-0.18223191440529413,468.417,592.497,466.686,,46.1,35.562008,2,Glucocorticoid Receptor (GR) Agonist,NRC31
1317,NCGC00015888-06,Reserpine,0.2424274215893849,0.05346457354884777,0.5954347410829706,0.0783829501363364,459.331,577.769,489.246,35.607601,41.215887,46.1,3,Alkaloid antipsychotic,
1318,NCGC00263134-08,PF-4708671,0.24412420037208565,-0.21410270470146775,0.7197521307000462,0.22672317511767856,437.84,590.244,502.087,,16.667322,33.23831,2,p70 ribosomal S6 kinase (S6K1) Inhibitor,RPS6KB1
1319,NCGC00164447-01,Ciprofibrate,0.24545822761434213,0.5842291093586831,-0.3466867831172946,0.4988323566016379,501.962,483.229,525.642,,,,0,PPARalpha Agonist,PPARA
1320,NCGC00386713-03,WAY-262611,0.24546952783125717,0.2787509678506226,0.342943382307192,0.11471423333595687,477.426,552.432,492.391,,,,0,Wnt Signaling Inhibitor,DKK1
1321,NCGC00372956-01,Roniciclib,0.24677011350452024,0.2668610255152707,0.49254279336382756,-0.019093478365537493,476.471,567.444,480.808,,,,0,Jak2/3 Inhibitor,JAK2
1322,NCGC00162249-09,MK-886,0.2478502896719125,0.02612393127823687,0.5346363127019063,0.18279062503559435,457.135,571.668,498.284,46.1,,16.071847,2,5-lipoxygenase-activating (FLAP) Inhibitor,ALOX5AP
1323,NCGC00263091-15,AT-7519,0.24878249504968158,0.11369864791369885,-0.059207179456100885,0.6918560166914468,464.169,512.077,542.351,,,,0,CDK1/2/9 Inhibitor,CDK1
1324,NCGC00346557-02,Erteberel,0.2505027446881835,0.37784212077948853,0.17191852935262272,0.20174758393243925,485.385,535.27,499.925,0.001339,,46.1,2,Estrogen Receptor (ER) beta Agonist,ESR1
1325,NCGC00479074-01,Acalabrutinib,0.2519006489992583,0.24103930781524946,0.208172370108288,0.3064902690742374,474.397,538.908,508.992,,0.000702,,1,BTK Inhibitor,BTK
1326,NCGC00188863-06,Dronedarone hydrochloride,0.25231589297353335,0.2720278590955548,0.4448089018795962,0.04011091794544904,476.886,562.654,485.933,,,,0,"alpha,beta-Adrenoceptor Antagonist",ADRA1A
1327,NCGC00481652-04,Gilteritinib,0.25274628156363504,0.964856666506728,-0.409647686331778,0.20302986451595512,532.534,476.911,500.036,,,5.909545,1,,AXL
1328,NCGC00390241-09,Telotristat Etiprate (LX 1606 Hippurate),0.2534021204311632,0.16195562853341083,0.32731775770442073,0.27093297505565817,468.045,550.864,505.914,,,,0,,
1329,NCGC00356417-05,LLY-507,0.25349665618782147,0.03594714018147521,0.2291991991337013,0.49534362924828784,457.924,541.018,525.34,,,,0,SMYD2 Inhibitor,SMYD2
1330,NCGC00016488-15,Kinetin,0.25401609181370366,-0.5700539626781324,0.3761079733008292,0.9559942648184142,409.25,555.76,565.216,,14.856484,,1,plant hormone,
1331,NCGC00017312-04,Uridine,0.25533113168593313,0.3734098490817029,0.16520190245066632,0.22738164352543022,485.029,534.596,502.144,,,,0,Anti-anxiety drug,
1332,NCGC00165768-05,BML-277,0.2571587876929329,-0.06584570645081608,0.5521453831273327,0.2851766864022819,449.748,573.425,507.147,,1.327799,,1,Chk2 Inhibitor,CHEK2
1333,NCGC00378941-04,Cinaciguat,0.2585020397085445,0.1993809339366233,0.42644281377825227,0.14968237141075794,471.051,560.811,495.418,,,,0,Soluble Guanylate Cyclase (sGC) Activator,GUCY1A2
1334,NCGC00095089-21,Fluconazole,0.26087127589336584,0.13793919003613914,0.27779010829385015,0.3668845293501082,466.116,545.894,514.22,,,,0,Antifungal Agent,
1335,NCGC00346882-02,AS-1949490,0.2614337485177102,0.016387873784786514,0.5230765393988359,0.244836832369508,456.353,570.508,503.655,,,,0,SH2 containing inositol phosphatase (SHIP) Inhibitor,INPPL1
1336,NCGC00483117-01,PF-CBP1,0.26185803397531165,0.33304629614849707,0.4926922731910223,-0.04016446741358436,481.787,567.459,478.984,,32.126475,,1,CBP/p300 Inhibitor,EP300
1337,NCGC00017344-11,Fisetin,0.26235877408020025,-0.053843712302879584,0.3021752507702416,0.5387447837732388,450.712,548.341,529.097,,46.1,42.650151,2,Histone Deacetylase/SIRT1 Activator,SIRT1
1338,NCGC00346441-01,ABC-294640,0.26571525206779123,0.3877773814953115,0.5787428270462094,-0.16937445233814719,486.183,576.094,467.799,0.647261,0.132335,,2,Sphingosine Kinase 1 (SphK1) Inhibitor,SPHK2
1339,NCGC00016246-10,Chlorhexidine,0.26656088932071725,0.7003147871961937,0.5522649669890892,-0.4528970862231312,511.286,573.437,443.256,,,,0,N-Acetyltransferase Eis (Mycobacterium tuberculosis) Inhibitor,MMP1
1340,NCGC00345834-05,TAK-715,0.2669246828128512,0.43257320612630296,0.5615227509533586,-0.19332190864110796,489.781,574.366,465.726,,,,0,p38 MAPK Inhibitor,MAPK14
1341,NCGC00483135-03,CPI-0610,0.2675549944410609,0.5017216246923186,0.4937685279468261,-0.19282516931596203,495.335,567.567,465.769,9.555707,0.428337,46.1,3,Bromodomain-containing protein 4 Inhibitor,
1342,NCGC00346950-03,NU-6102,0.26923966085856127,-0.7563214257977158,0.7380185655832602,0.8260218427901395,394.289,592.077,553.965,0.594625,46.1,,2,CDK1/2 Inhibitor,CDK1
1343,NCGC00164591-10,Artemether,0.2696535239289802,0.18528730595377663,0.35004865675985497,0.2736246090733089,469.919,553.145,506.147,,,,0,antimalarial agents,PfATP6
1344,NCGC00387035-02,SAR-020106,0.26975241016216933,0.4479990056587646,0.6712907707234654,-0.3100325458957221,491.02,585.381,455.623,2.267369,0.007736,,2,Chk1 Inhibitor,CHEK1
1345,NCGC00384179-01,NMS-859,0.27056923785603,-0.10657031522457182,0.3878969490055987,0.5303810797870631,446.477,556.943,528.373,46.1,,,1,p97 ATPase Inhibitor,VCP
1346,NCGC00370979-01,AMG-548,0.27161530075715445,0.36093474728063185,0.5326133523738692,-0.07870219738303771,484.027,571.465,475.648,,,,0,p38 MAPK Inhibitor,MAPK14
1347,NCGC00241112-04,RWJ-67657,0.27242811240385,0.7205961652739823,0.18065811658261738,-0.0839699446450496,512.915,536.147,475.192,2.973969,0.505978,,2,p38 MAPK Inhibitor,MAPK14
1348,NCGC00390223-01,Fadrozole,0.2724712087292137,0.5973640718338626,0.26193528128937976,-0.04188572693560134,503.017,544.303,478.835,,,,0,Aromatase Inhibitor,CYP19A1
1349,NCGC00165816-04,KI-16425,0.27273267093543935,0.16976190481012898,0.3888934811868981,0.2595426268092909,468.672,557.043,504.928,,,46.1,1,Lysophospholipid edg2 (LPA1)/edg7 (LPA3) Receptor Antagonist,LPAR1
1350,NCGC00167430-04,Tioconazole,0.27273817611199275,0.26371112456150747,0.6617738883920588,-0.10727048461758805,476.218,584.426,473.175,46.1,46.1,,2,Antifungal Agent,
1351,NCGC00492474-01,Compound 22d,0.2732446236602428,0.008369944084297738,0.7666090738647346,0.04475485303169603,455.709,594.946,486.335,,46.1,,1,CKs1-SKp2 protein-protein Inhibitor,
1352,NCGC00250386-10,BX-795,0.27401622468066605,0.5288008127335655,-0.35440990752236323,0.647657768830796,497.51,482.454,538.525,28.696536,,3.797205,2,IKK-epsilon Inhibitor,IKBKE
1353,NCGC00181016-19,Bexarotene,0.27407787173188874,0.6663132871775064,-0.17733610422730806,0.33325643224546786,508.555,500.223,511.309,,,,0,Retinoid RXR Agonist,RXRA
1354,NCGC00015772-20,Ofloxacin,0.27453178180544974,0.23966978566143912,0.18461434934237456,0.39931121041253553,474.287,536.544,517.027,,,,0,Antibiotic,
1355,NCGC00346444-07,VE-821,0.2747566164943246,0.6813780308694182,-0.45340541441262616,0.5962972330261818,509.765,472.52,534.079,0.00102,,46.1,2,ATR Kinase Inhibitor,ATR
1356,NCGC00496836-02,CC-223,0.27510447014865813,0.08126587327119454,0.5224188281591781,0.22162870901560178,461.564,570.442,501.646,,41.077328,,1,mTOR Inhibitor,MTOR
1357,NCGC00016258-06,Menadione,0.27532796454270503,0.4923217226366215,0.11822537542422143,0.21543679556727224,494.58,529.882,501.11,46.1,,,1,CDC25 Phosphatase Inhibitor,CDC25
1358,NCGC00016024-05,(▒)-Taxifolin,0.2754428926141421,-0.4721704792848988,0.6458393388130841,0.6526598183142411,417.112,582.827,538.958,0.060477,,,1,,NFKB1
1359,NCGC00159491-08,Rimantadine,0.27630794711141965,0.6472893794409429,0.05004264357973022,0.1315918183135859,507.027,523.04,493.852,,,,0,M2 Channel Inhibitor,
1360,NCGC00167493-04,Manidipine,0.2764052703060055,0.08726687034516244,0.5701327889997839,0.17181615157307015,462.046,575.23,497.334,,,,0,Calcium Channel Blocker,
1361,NCGC00263137-03,RD-162,0.27722730251631356,0.4090423254835645,-0.1765687744477077,0.5992083565130838,487.891,500.3,534.331,,,,0,Androgen Receptor Antagonist,AR
1362,NCGC00016686-07,Natamycin,0.2783559312231088,-0.7450788939350738,0.5368187181789509,1.0433279694254494,395.192,571.887,572.776,,,,0,Antifungal Agent,
1363,NCGC00378744-02,Cabergoline,0.2784917125548178,-0.6641276844434935,0.7791554140272917,0.7204474080806552,401.694,596.205,544.826,0.185247,0.002572,,2,Serotonin 2b (5-HT2b) receptor Agonist,
1364,NCGC00016569-10,Tranexamic Acid,0.28104295631418524,0.5221275047840904,0.6762833969517742,-0.35528203279330894,496.974,585.882,451.706,,,,0,,SERPINE1
1365,NCGC00015444-10,Fenoldopam,0.28104442055341833,0.16195562853341083,0.19705107096498908,0.484126562161855,468.045,537.792,524.369,,,,0,Dopamine D1 Receptor (DRD1) Agonist,DRD1
1366,NCGC00378563-01,LY-2334737,0.2821998729899502,0.5129517063535627,-0.36929809831097354,0.7029460109272614,496.237,480.96,543.311,8.521365,,,1,Ribonucleotide reductase Inhibitor,RRM2
1367,NCGC00163432-03,Calpeptin,0.28267763392735773,0.10474695310833965,0.34060153168113877,0.4026844169925947,463.45,552.197,517.319,,,14.043623,1,Proteasome Inhibitor,
1368,NCGC00177995-10,Sarafloxacin hydrochloride,0.2827733644609167,0.3670228957643884,0.3107055662421627,0.17059163137619907,484.516,549.197,497.228,,,,0,Antibacterial,
1369,NCGC00390548-02,Exherin,0.28302777305869586,0.5691643656667713,-0.5072879094554738,0.78720686296479,500.752,467.113,550.605,,0.245733,,1,N-Cadherin Antagonist,
1370,NCGC00387876-01,Birabresib,0.28307440277216805,0.031390366469706964,0.3043177949600352,0.5135150468867621,457.558,548.556,526.913,25.696431,1.68129,2.18273,3,Brd2 Inhibitor,BRK2
1371,NCGC00378617-04,XL 413 hydrochloride,0.28323330883751435,-0.5665803564880139,0.8243381831273974,0.5919420998731595,409.529,600.739,533.702,,,46.1,1,Serine/threonine-protein kinase PIM1  Inhibitor,
1372,NCGC00386306-06,Spebrutinib (AVL-292),0.28357827441991557,-0.6601809706002404,0.7879846891536023,0.7229311047063848,402.011,597.091,545.041,0.118118,,46.1,2,BTK Inhibitor,BTK
1373,NCGC00242480-02,Ivacaftor,0.28430830623401987,0.960387044204747,0.5390708809086883,-0.6465330064113757,532.175,572.113,426.494,,,,0,CFTR Channel Activator,CFTR
1374,NCGC00386415-05,Cerdulatinib,0.2843966201648659,0.23033213461273333,0.42764861771762414,0.19520910816424017,473.537,560.932,499.359,,,,0,TYK2 Inhibitor,TYK2
1375,NCGC00346719-03,LY-2811376,0.284519601652406,0.2838431002225167,0.26239368609277786,0.30732201864192343,477.835,544.349,509.064,,,,0,beta-Secretase Inhibitor,BACE1
1376,NCGC00522516-01,MIR96-IN-1,0.28760536648418566,0.0855113919480055,0.4774453308171448,0.2998593766874067,461.905,565.929,508.418,,,,0,microRNA-96 Inhibitor,
1377,NCGC00351478-06,A-366,0.2881359033696018,-0.47919239287352583,0.5974377707673821,0.7461623322149491,416.548,577.97,547.052,0.183402,,,1,G9a/EHMT2; decrease H3K9me2,EHMT2
1378,NCGC00345830-02,PD-173955 Analogue 1,0.28824140393412695,0.7523939796451762,0.1030980169121004,0.00923221524510424,515.469,528.364,483.26,,0.001807,,1,cSRC Inhibitor,SRC
1379,NCGC00095112-07,Avobenzone,0.28843021514950534,-0.6099444079582036,0.770694855808061,0.7045401975986587,406.046,595.356,543.449,0.095372,,,1,UVA ray absorber,
1380,NCGC00509938-02,Brilanestrant,0.2898023353879027,0.5677574929087663,-0.09636786449674796,0.39801737775168966,500.639,508.348,516.915,5.048918,19.435705,46.1,3,Selective Estrogen Receptor Destabilizers (SERD),ESR1
1381,NCGC00017338-03,Antimycin A,0.29315149174802657,0.4489701213678304,0.6140101009423881,-0.1835257470661387,491.098,579.633,466.574,9.468407,5.441776,33.956353,3,Antifungal Agent,
1382,NCGC00386428-07,LY-2584702,0.2944825271804924,0.1971398976849338,0.36957072219150694,0.3167369616650364,470.871,555.104,509.879,,,,0,Ribosomal Protein S6 Kinase beta (p70S6K) Inhibitor,RPS6KB1
1383,NCGC00167801-02,CL-82198,0.2947511133199862,0.07045909845749243,0.40520671299476546,0.4085875285077008,460.696,558.68,517.83,,0.001601,0.00257,2,MMP13 Inhibitor,MMP13
1384,NCGC00386284-05,AZD-3514,0.2951545763125362,-0.31047971372550964,0.5824798227260815,0.6134636199370368,430.099,576.469,535.565,,0.001531,0.001116,2,Drugs Acting on Androgen Receptor,AR
1385,NCGC00263133-09,PF-573228,0.2952583041868592,0.7094158844183329,-0.5065903369285644,0.6829493650708092,512.017,467.183,541.58,,,44.243157,1,Focal Adhesion Kinase (FAK) Inhibitor,PTK2
1386,NCGC00522007-01,PF-5006739,0.29568687394525683,0.14453779677722495,0.601643136572465,0.1408796884860805,466.646,578.392,494.656,,0.015098,,1,Casein Kinase 1 delta/epsilon Inhibitor,CSNK1A1
1387,NCGC00165799-03,GW-6471,0.29591226538401616,0.5393087827137091,0.29458167554874115,0.05384633788959817,498.354,547.579,487.122,,,,0,PPARalpha Antagonist,PPARA
1388,NCGC00390715-04,UNBS-5162,0.295912388815701,0.8272072398474057,-0.6328509642991734,0.6933808908988707,521.478,454.513,542.483,21.846296,46.1,,2,Chemokine Receptor Antagonist,
1389,NCGC00015148-12,"DL-Buthionine-(S,R)-sulfoximine",0.29592172867900196,0.21694816810958847,0.08756208020564502,0.5832549377217724,472.462,526.805,532.95,69.1,0.061403,,2,,GSS
1390,NCGC00263105-06,Turofexorate isopropyl,0.2969766747358941,-0.011226672916586312,0.36544507896092837,0.5367116181633402,454.135,554.69,528.921,,,,0,Farnesoid X Receptor Agonist,NR14H
1391,NCGC00507860-01,PLX-7904,0.2972797457972996,0.8091295474171113,-0.13776381130791673,0.2204735012827042,520.026,504.194,501.546,,36.990401,,1,Raf kinase B Inhibitor,BRAF
1392,NCGC00346966-01,HMSL10088,0.29772129075075526,0.4978620622588535,0.23511860029061793,0.1601832097027943,495.025,541.612,496.327,0.001501,27.207522,46.1,3,Receptor-interacting serine/threonine-protein kinase 1 (RIPK1),RIPK1
1393,NCGC00475765-01,Compound 36,0.2996215346054272,0.5667241261927093,-0.43644443668691374,0.768584914310486,500.556,474.222,548.993,,,,0,IAP Inhibitor,XIAP
1394,NCGC00249685-09,Dovitinib,0.3004779196084676,0.37912449152351085,0.5569287375975691,-0.034619470295677114,485.488,573.905,479.464,46.1,22.427006,,2,FGFR Inhibitor,FGFR1
1395,NCGC00484069-01,JNJ-42041935,0.3014461029450387,-0.7183109609287841,0.8630634236926841,0.7595858460712162,397.342,604.625,548.214,0.206479,,,1,HIF Prolyl Hydroxylase Inhibitor,HIF1A
1396,NCGC00015558-16,Isoprenaline hydrochloride,0.30495183255191316,0.39367877695809345,0.29778054385071184,0.22339617684693422,486.657,547.9,501.799,,0.866625,,1,beta-Adrenoceptor Agonist,ADRB1
1397,NCGC00263188-03,YO-01027,0.3051178610179633,0.7560294384534713,-0.36949740474723325,0.5288215493476518,515.761,480.94,528.238,,0.268105,5.443152,2,g-Secretase Inhibitor,NOTCH1
1398,NCGC00015251-13,Clotrimazole,0.3056967410682516,0.6761489462821434,-0.0001526823923097642,0.24109395931492128,509.345,518.003,503.331,,,,0,Lanosterol 14alpha-demethylase Inhibitor,CYP51A1
1399,NCGC00378692-06,Ulixertinib,0.30666901794874085,0.1515970609700466,0.265014565729594,0.503395427146582,467.213,544.612,526.037,,,,0,ERK1/2 Inhibitor,ERK
1400,NCGC00177986-12,Pefloxacin,0.3114672981350071,0.6908401839321066,-0.590558138524835,0.8341198489977498,510.525,458.757,554.666,,0.228193,,1,Antibacterial,
1401,NCGC00263280-01,Ac-SAH-p53-8,0.31152842753115556,-0.3692820149295598,0.5686678866932736,0.7351994108297529,425.376,575.083,546.103,,,46.1,1,HDM2/HDMX Inhibitor,MDM2
1402,NCGC00015243-14,Clemizole hydrochloride,0.31180515217242727,-0.09618684725841092,0.5799486309855812,0.45165367279011154,447.311,576.215,521.558,,9.908478,46.1,2,,
1403,NCGC00017324-15,Simvastatin,0.31198935341214523,-0.694145120014733,0.6776885073274068,0.9524246729237619,399.283,586.023,564.907,,0.003818,,1,HMG-CoA Reductase Inhibitor,HMGCR
1404,NCGC00015962-25,SB-202190,0.31347151668016066,0.46743377004147135,0.5606358373120028,-0.08765505731299217,492.581,574.277,474.873,43.431631,2.063809,,2,SAPK1 (JNK) Inhibitor,MAPK14
1405,NCGC00167466-04,Lomustine,0.31352337147123877,0.44819820888113726,-0.15083831352656238,0.6432102190591414,491.036,502.882,538.14,0.001815,,,1,DNA Alkylating Agent,
1406,NCGC00346546-04,MK-3207,0.3146459020041815,0.10376338719787587,0.4637131173588425,0.37646120145582623,463.371,564.551,515.049,,,,0,Calcitonin Gene-Related Peptides (CGRP) Antagonist,
1407,NCGC00167453-04,Clinofibrate,0.3149340409163583,0.5561539052055744,0.5348954110690436,-0.14624719352554316,499.707,571.694,469.801,,,,0,treatment of lipoprotein diseases,
1408,NCGC00346829-02,Fotemustine,0.3155601468026057,0.40929132951152974,0.214679725252172,0.3227093856441154,487.911,539.561,510.396,,,,0,DNA Alkylating Agent,
1409,NCGC00159518-02,Rabeprazole,0.3162126438870686,-0.09040995380961163,0.46158053849086167,0.5774673469799558,447.775,564.337,532.449,,,,0,H+/K+-ATPase Inhibitor,
1410,NCGC00378734-08,AZD1152,0.31629629219715805,0.20080025689602699,0.6077518788438286,0.14033674085161849,471.165,579.005,494.609,,,4.350749,1,,AURKB
1411,NCGC00378621-01,Imeglimin,0.31655414016443323,-0.6035699048422871,0.7791255180618523,0.7741068072737346,406.558,596.202,549.471,,,,0,AMPK Activator,PRKAA1
1412,NCGC00389632-06,Tipiracil,0.31717348090214764,0.6205961476430425,0.2893000549878556,0.041624240075544834,504.883,547.049,486.064,0.001312,0.434259,,2,Thymidine Phosphorylase Inhibitor,
1413,NCGC00244252-03,TG-101348,0.3182657085793967,0.45099950419574925,0.28642007698390104,0.21737754455853978,491.261,546.76,501.278,,,,0,Jak2 Inhibitor,JAK2
1414,NCGC00386361-02,NMS-P937,0.3187005775197423,0.5364701367949024,0.6843453422984855,-0.2647137465341611,498.126,586.691,459.546,0.024037,,0.052974,2,Polo-like Kinase-1 (Plk-1) Inhibitor,PLK1
1415,NCGC00346660-03,10-Deacetylbaccatin,0.31883206441329176,0.6459074070857346,0.20872046280800208,0.10186832334613866,506.916,538.963,491.279,0.00254,0.037088,,2,antineoplastic intermediate,
1416,NCGC00346463-01,Nesbuvir,0.31956062192180285,0.19149995645151585,0.6156743096851568,0.15150759962873586,470.418,579.8,495.576,,,30.076449,1,RNA-Directed RNA Polymerase Inhibitor,
1417,NCGC00346566-10,Roflumilast,0.3203003404793076,0.11022504172358034,0.37998448348608316,0.4706914962282593,463.89,556.149,523.206,,,17.859047,1,Phosphodiesterase IIII (PDE4) Inhibitor,PDE4A
1418,NCGC00242493-09,Quizartinib,0.32179839797463056,0.42257569440348863,0.20886994263519681,0.3339495568852062,488.978,538.978,511.369,,5.845451,,1,Flt3 Inhibitor,KIT
1419,NCGC00181002-10,Cinacalcet hydrochloride,0.3219201893209993,0.14643022738976247,0.6072436474313656,0.21208669314186984,466.798,578.954,500.82,,,,0,Calcium-Sensing Receptor (CaSR) Agonist,CASR
1420,NCGC00159337-04,Efavirenz,0.3227903876956896,0.4333077680088007,0.7050732116695082,-0.17000981659124012,489.84,588.771,467.744,30.35977,,,1,Reverse Transcriptase Inhibitor,TERT
1421,NCGC00263115-03,Ibutamoren mesilate,0.3233225480865254,0.7474014488844672,-0.29350186060135636,0.5160680559764652,515.068,488.566,527.134,,,46.1,1,Growth Hormone Secretagogue,GH1
1422,NCGC00386721-01,PF-956980,0.32379724130825344,0.2773814456968122,0.4380025870813227,0.25600769114662536,477.316,561.971,504.622,,,,0,FGFR 1 Inhibitor,FGFR1
1423,NCGC00182045-03,Pentostatin,0.32406813547840263,0.37738146332775263,0.2908048185816181,0.30401812452583715,485.348,547.2,508.778,,0.001117,,1,Adenosine Deaminase Inhibitor,ADA
1424,NCGC00016345-14,4-Methylumbelliferone,0.3241342220550084,0.22166679443953471,0.33705387711571366,0.41368199460977695,472.841,551.841,518.271,,,46.1,1,MAO-A Inhibitor,MAOA
1425,NCGC00263950-13,Clindamycin HCl,0.3257937916723106,0.9018586474314602,-0.598450673400725,0.6739734009861966,527.474,457.965,540.803,,,,0,Bacterial 70S ribosome Inhibitor,
1426,NCGC00179673-09,Idoxuridine,0.3259322505043454,0.5120303914500902,0.25196995947638773,0.21379640058655813,496.163,543.303,500.968,0.012834,0.451178,,2,Anti-Herpes Simplex Virus Drug,
1427,NCGC00249417-03,Ataciguat,0.32641183725997386,0.3215049594522972,0.11635189492337905,0.5413786574042453,480.86,529.694,529.325,46.1,,44.427869,2,Soluble Guanylate Cyclase (sGC) Activator,GUCY1A2
1428,NCGC00263532-10,Olopatadine hydrochloride,0.3270694028589279,0.14748849450861554,0.5226779265263154,0.31104178754185274,466.883,570.468,509.386,,,,0,Mediator Release Inhibitor,
1429,NCGC00508867-01,SAR-260301,0.327751852640396,-0.38356239593338043,0.6090573360013303,0.7577606178532382,424.229,579.136,548.056,0.0805,,,1,PI3Kbeta Inhibitor,PIK3CB
1430,NCGC00016438-06,Procarbazine hydrochloride,0.3281318632677462,0.7662635040028528,0.08389484177846457,0.1342372440219212,516.583,526.437,494.081,0.001462,,0.008613,2,DNA Alkylating Drugs,
1431,NCGC00253439-03,GSK-1904529A,0.3285095312351693,0.6666743430180563,0.2945119182960507,0.024342332391400816,508.584,547.572,484.568,0.002692,,,1,IGF-1R Inhibitor,IGFR1
1432,NCGC00346494-06,E-7010,0.32983019717147966,0.2972768675312549,0.5097927654221167,0.1824209585610674,478.914,569.175,498.252,12.88662,19.202605,4.394969,3,Tubulin polymerization Inhibitor,TUBB
1433,NCGC00346535-02,IVX-214,0.3311423321537411,0.32997109640312383,0.38844504170531385,0.2750108583527857,481.54,556.998,506.267,,46.1,10.019958,2,Polo-like Kinase-1 (Plk-1) Inhibitor,PLK1
1434,NCGC00389413-02,Doxycycline,0.3319028157276743,0.22274996196118446,0.5458771957069617,0.2270812895148768,472.928,572.796,502.118,,,,0,MMP Inhibitor,MMP1
1435,NCGC00346658-03,Crenolanib,0.33203040226430725,1.1256634677668407,0.377134401447568,-0.5067066624214869,545.45,555.863,438.598,,,,0,PDGFR beta Inhibitor,PDGFRB
1436,NCGC00164624-11,Adefovir dipivoxil,0.33209488151468,0.015889865728855285,0.08578825292293246,0.8946065258922522,456.313,526.627,559.902,,,,0,DNA Polymerase Inhibitor,
1437,NCGC00510160-03,SGC-2085,0.3321206335121747,0.2812410081302773,0.4035823655392488,0.311538526866998,477.626,558.517,509.429,0.00107,,,1,CoActivator Associated Arginine Methyltransferase 1 (CARM1; PRMT4) Inhibitor,PRMT4
1438,NCGC00016759-08,Naproxen sodium,0.3324989111307127,0.5935294098031942,-0.08041338427414775,0.4843807078630917,502.709,509.949,524.391,,,,0,Cyclooxygenase-1/2 Inhibitor,PTGS2
1439,NCGC00481653-02,AMG-319,0.3325780868582958,0.13373102196352282,0.5238040078911841,0.3401992307201806,465.778,570.581,511.91,,,,0,PI3Kdelta Inhibitor,PIK3CD
1440,NCGC00250391-05,AZD-7545,0.33285287627242655,-1.3611397595244876,1.2135338265338,1.1461645618079672,345.71,639.794,581.678,,,37.868269,1,Pyruvate Dehydrogenase Kinase 2 Inhibitor,PDK2
1441,NCGC00346890-02,Banoxantrone,0.3330832133228355,0.6213929605325323,0.22090805138529201,0.15694862805068216,504.947,540.186,496.047,0.103298,46.1,0.515656,3,DNA Topoisomerase II Inhibitor,TOP2A
1442,NCGC00476210-01,GNF-7,0.33399005732484366,0.5708949436611316,-0.13552161389999387,0.5665968422133932,500.891,504.419,531.508,46.1,,0.028485,2,Bcr-Abl Inhibitor,ABL1
1443,NCGC00091861-13,Dacarbazine,0.3346816297218555,0.7382256504539394,0.28580222703149544,-0.019982988319868392,514.331,546.698,480.731,0.001459,,,1,DNA Alkylating Agent,
1444,NCGC00014873-05,HLI-373989,0.33479105682539617,0.570708190640157,-0.2664161159136439,0.7000810957496755,500.876,491.284,543.063,,,,0,MDM2 (hdm2) Inhibitor,MDM2
1445,NCGC00346725-06,Apalutamide,0.3368184047144642,0.6229492357073166,0.4730007972885501,-0.08549481885247409,505.072,565.483,475.06,,,,0,Androgen Receptor Antagonist,AR
1446,NCGC00159570-14,RITA,0.3375096586518901,0.6460568095025139,0.1369302844672081,0.2295418819859483,506.928,531.759,502.331,,,,0,MDM2 (hdm2) Inhibitor,MDM2
1447,NCGC00248064-08,CP-456773,0.33847884429689395,0.6974138902703957,-0.518419173920586,0.8364418165408722,511.053,465.996,554.867,0.003189,0.076556,,2,IL-1 Production Enhancers,
1448,NCGC00345022-04,IDE-2,0.3420516136268521,-0.5324294540525473,0.7967342417054097,0.7618500532276938,412.272,597.969,548.41,0.334828,0.002205,,2,lineage-specific differentiation enhancer,
1449,NCGC00018238-11,Oxibendazole,0.3428326186238676,0.5499288045064372,0.5029764853020304,-0.024407433936864828,499.207,568.491,480.348,0.001484,1.064277,0.387315,3,DNA Polymerase Inhibitor,
1450,NCGC00032387-14,TG-003,0.3439048035142739,0.15498351575037714,0.5047403472629303,0.3719905475295143,467.485,568.668,514.662,,,,0,"Clk1, Clk4 Inhibitor",CLK1
1451,NCGC00167533-04,Vardenafil,0.34490279026768433,0.08219963837606498,0.544521911940394,0.407986820486594,461.639,572.66,517.778,6.741468,,,1,Phosphodiesterase V (PDE5) Inhibitor,PDE5A
1452,NCGC00250374-02,Licofelone,0.34675436915727575,0.2453097268948578,0.40607369599249676,0.3888796845844727,474.74,558.767,516.124,,0.00347,,1,5-Lipoxygenase Inhibitor,ALOX5
1453,NCGC00092384-05,Fenobam,0.3473587616372831,0.5282530038720417,0.4779635275514206,0.03585975348838704,497.466,565.981,485.565,,,,0,mgluR5 Antagonist,GRM5
1454,NCGC00386347-02,Ospemifene,0.3498440552492377,0.19106419940257593,0.4702005418590999,0.3882674244860372,470.383,565.202,516.071,,46.1,,1,Selective Estrogen Receptor Modulators (SERM),ESR2
1455,NCGC00160529-08,Tizanidine hydrochloride,0.3502237116503502,-0.5411943958369325,0.9105681127752175,0.6812974180127657,411.568,609.392,541.437,,,,0,alpha2-Adrenoceptor Agonist,ADRA2A
1456,NCGC00025245-05,Ginkgolide B,0.3508683731101821,0.10507065834469491,0.3744337992362465,0.573100661749605,463.476,555.592,532.071,,,,0,GABA(A) Receptor Antagonist,GABRA1
1457,NCGC00510878-01,Apaziquone,0.35151369113119185,0.0781782233244219,0.6137410372534368,0.36262181281571687,461.316,579.606,513.851,,,,0,DNA Alkylating Drugs,
1458,NCGC00166207-01,Cridanimod,0.3520346963032156,0.3208575489795866,0.4812720143933339,0.2539745255367263,480.808,566.313,504.446,,,,0,Interferon Inducers,
1459,NCGC00263094-05,AMG-900,0.35373560285558403,0.614134493117338,0.5960226950699368,-0.14895037962052263,504.364,577.828,469.567,,37.803747,,1,Aurora-A/B/C Kinase Inhibitor,AURKA
1460,NCGC00346840-06,Tubacin,0.35585842398394635,0.4065273848011131,0.5493949543069474,0.11165293284377853,487.689,573.149,492.126,,,,0,HDAC Inhibitor,HDAC6
1461,NCGC00093704-19,Cyclosporine A,0.35651207658741224,0.4397196217289126,0.5331813757172099,0.09663523231611418,490.355,571.522,490.826,,46.1,,1,immunosuppressant,
1462,NCGC00186006-10,Nefiracetam,0.35655988087997476,0.3822743924772741,0.25726154535908596,0.43014370480356423,485.741,543.834,519.696,,,,0,GABAergic Transmission Enhancer,GABRA1
1463,NCGC00018218-13,Edaravone,0.3570481019928912,0.4542863573648931,0.6689788160628516,-0.052120867449071025,491.525,585.149,477.949,,0.352001,,1,Free Radical Scavenger,
1464,NCGC00496841-01,MK-4101,0.35725243649108407,-0.41778799957723634,0.7557668037321985,0.73377850531829,421.48,593.858,545.98,0.298519,,,1,Smo Inhibitor,SMO
1465,NCGC00263175-02,Tosedostat,0.35884105046035714,0.09659207119247025,0.33167260333669835,0.6482584768519029,462.795,551.301,538.577,,46.1,0.803339,2,Aminopeptidase N Inhibitor,ANPEP
1466,NCGC00253713-01,Fenticonazole nitrate,0.3595302213781202,0.5878272175627842,0.10056682517160023,0.390196621399976,502.251,528.11,516.238,,,,0,Antifungal Agent,
1467,NCGC00387711-02,AZD-6738,0.36092755812517735,0.8623915089989295,-0.2660573643283762,0.4864485297049788,524.304,491.32,524.57,5.853078,,46.1,2,ATR Kinase Inhibitor,ATR
1468,NCGC00167441-07,Pramipexole hydrochloride,0.3615867693317467,-1.0366128098770668,1.156183399500031,0.965189718372276,371.776,634.039,566.012,0.235441,0.001329,,2,Dopamine D3 Antagonist,DRD3
1469,NCGC00522572-01,GDC-0339,0.3617270423758463,0.8769084438293181,-0.17863159606299697,0.3869042793612178,525.47,500.093,515.953,,37.154436,22.125364,2,Pim-1/2/3 Kinase Inhibitor,PIM1
1470,NCGC00165966-05,Vinorelbine (ditartrate),0.36208024103392816,0.6517465515415252,0.5458771957069617,-0.11138302414670237,507.385,572.796,472.819,,23.0,7.620568,2,,TUBB
1471,NCGC00270540-05,Miglitol,0.3628702715058787,0.7970030512551929,0.21685216540740387,0.0747555978550393,519.052,539.779,488.932,,,,0,alpha-Glucosidase Inhibitor,GAA
1472,NCGC00263102-06,Degrasyn,0.36338654080870436,0.16257813860332468,0.46695184694806424,0.4606296368747241,468.095,564.876,522.335,,,,0,Jak2 Inhibitor,JAK2
1473,NCGC00241111-12,VX-745,0.36431003704860543,-0.02261860719600693,0.44211826499008855,0.6734304533517347,453.22,562.384,540.756,6.437534,,,1,p38 MAPK Inhibitor,MAPK14
1474,NCGC00025195-09,Ozagrel hydrochloride,0.3644330457154914,0.3749661242564872,-0.317647835354236,1.035980848244223,485.154,486.143,572.14,,,,0,Thromboxane Synthase Inhibitor,TBXA2R
1475,NCGC00179504-05,Etoposide,0.36608009250824414,0.4551578714627729,0.7390549590518118,-0.09597255298985238,491.595,592.181,474.153,13.294636,46.1,43.985812,3,DNA Topoisomerase II Inhibitor,TOP2A
1476,NCGC00024563-11,Azasetron hydrochloride,0.3661547879110428,0.1984098182275582,0.3204616162970823,0.5795929292084878,470.973,550.176,532.633,0.001462,,,1,5-HT3 Receptor Antagonist,HTR3A
1477,NCGC00163127-08,Acitretin,0.3663902148226915,0.35879331264012904,0.26179576678399774,0.4785815650439478,483.855,544.289,523.889,0.003339,46.1,46.1,3,retinoid,
1478,NCGC00093828-12,PD-169316,0.3664873995026654,0.5353869692732527,0.49174556761878896,0.07232966161595454,498.039,567.364,488.722,,0.015209,,1,p38 MAPK Inhibitor,MAPK14
1479,NCGC00486892-01,CPI-455,0.36652381661074585,0.5194258110806651,0.6136214533916814,-0.03347581464010891,496.757,579.594,479.563,,3.311751,,1,Lysine-Specific Demethylase 5B (KDM5B; JARID1B) Inhibitor,KDM4B
1480,NCGC00389328-02,Fludarabine,0.3665944036542063,-0.6943941240426991,1.0061156183181845,0.7880617166871335,399.263,618.98,550.679,0.216411,,42.852956,2,Purine Antagonist,HPRT1
1481,NCGC00420698-02,BPTES,0.3674350652185996,0.6774811178317585,0.139889985045667,0.2849340927783733,509.452,532.056,507.126,,,,0,Glutaminase Inhibitor,GLS
1482,NCGC00090726-15,Ribavirin,0.3684522015148409,0.6972022368466251,-0.13783356856060774,0.5459879362585055,511.036,504.187,529.724,,,,0,Inosine 5'-Monophosphate Dehydrogenase (IMPDH) Inhibitor,IMPDH1
1483,NCGC00345854-05,CEP-33779,0.3686058248567809,0.16150742128307294,0.3400534389814247,0.6042566143058451,468.009,552.142,534.768,,,,0,Jak2 Inhibitor,JAK2
1484,NCGC00241982-07,GSK-269962A,0.3692432848455861,0.4899312839681527,0.2916120096484695,0.3261865609201361,494.388,547.281,510.697,46.1,46.1,24.506513,3,"ROCK 1, ROCK 2 Inhibitor",ROCK1
1485,NCGC00496840-01,BI-7273,0.37021315369726704,0.5596524117984896,0.5945478274416137,-0.04356077814830221,499.988,577.68,478.69,,0.007669,,1,Brd7 Inhibitor,BRD7
1486,NCGC00510234-01,Avitinib,0.37062429118738827,0.6090548109468427,0.39109581730756937,0.11172224530775271,503.956,557.264,492.132,,,,0,EGFR Inhibitor,EGFR
1487,NCGC00347946-02,IDH-C227,0.3746886405480209,0.36749600341752225,0.47504368826021387,0.2815262299663267,484.554,565.688,506.831,,39.729581,,1,IDH1 Inhibitor,IDH1
1488,NCGC00160664-04,Nitroxoline,0.37632306177648595,0.3355736870323472,0.785503324022167,0.007892174274943542,481.99,596.842,483.144,,46.1,,1,Methionine Aminopeptidase-2 (MetAP2) Inhibitor,METAP2
1489,NCGC00242054-15,SJN-2511,0.37752047034323893,0.1587185761698596,0.49157615714796754,0.4822666777118897,467.785,567.347,524.208,46.1,,,1,TGF-bR1 (ALK5) Inhibitor,TGBR1
1490,NCGC00018139-05,Ipriflavone,0.37878883302665534,-0.8543667618091266,1.1074131145472481,0.8833201463418445,386.414,629.145,558.925,0.288378,0.001529,,2,Treatment of Osteoporosis,
1491,NCGC00167773-13,TPCA-1,0.3791406948367474,0.6977251453053523,0.4093821828344101,0.0303147563704798,511.078,559.099,485.085,0.129712,13.427458,46.1,3,IKK beta Inhibitor,IKBKB
1492,NCGC00015513-20,Histamine dihydrochloride,0.379389445811845,-0.49028552231938854,0.8706470335923706,0.757806826162553,415.657,605.386,548.06,,,,0,Histamine Receptor Agonist,HRH1
1493,NCGC00187911-06,PLX-4720,0.37950357183506533,0.24533462729765448,0.7713226710822794,0.12185341712526213,474.742,595.419,493.009,,1.910628,19.696102,2,Raf kinase B Inhibitor,BRAF
1494,NCGC00263225-01,AG-041R,0.3808146273808755,-0.2865130760338313,0.8034907298946182,0.6254662282818396,432.024,598.647,536.604,,46.1,,1,gastrin/CCKB receptor Antagonist,CCKB
1495,NCGC00263086-08,BI-D1870,0.3817323927291091,0.8658028641820567,-0.3457600081886862,0.6251543221939568,524.578,483.322,536.577,,,,0,RSK Inhibitor,RPS6KA1
1496,NCGC00346506-05,LY-2886721,0.3820267117734858,0.5533401596895644,0.5073911228651857,0.08534885276570721,499.481,568.934,489.849,,0.068158,,1,beta-Secretase 1/2 (BACE1/2) Inhibitor,BACE1
1497,NCGC00379065-03,Riociguat,0.38361906629040304,0.40560606989764064,0.6824519311540166,0.06279919781955197,487.615,586.501,487.897,,0.041898,,1,Soluble Guanylate Cyclase (sGC) Activator,GUCY1A2
1498,NCGC00166413-09,Argatroban,0.3848886587764772,0.5803197461196254,0.28772553414140273,0.2866206960684035,501.648,546.891,507.272,0.01385,,,1,Thrombin Inhibitor,
1499,NCGC00095129-15,Valdecoxib,0.385781015283243,0.02841476833551968,0.5208941339217901,0.6080341435924193,457.319,570.289,535.095,,,,0,Cyclooxygenase-2 Inhibitor,COX2
1500,NCGC00263189-06,JNJ-38877605,0.3857830003654594,0.28949549165733335,0.6444342284374526,0.22341928100159228,478.289,582.686,501.801,,,,0,HGFR Inhibitor,MET
1501,NCGC00182549-04,Vicriviroc (SCH-417690),0.3858642243835217,0.5772071957700567,0.2301359393841219,0.3502495379963865,501.398,541.112,512.78,0.001335,,,1,Chemokine CCR5 Antagonist,CCR5
1502,NCGC00263197-03,BMS-5,0.38694309980329017,0.2053196800036006,0.6667864452639931,0.2887231741422768,471.528,584.929,507.454,,42.208079,,1,LIMK1/LIMK2 Inhibitor,LIMK1
1503,NCGC00246835-02,Porfiromycin,0.3884941812745373,0.6302824043309002,0.2546904923313348,0.28050964716137683,505.661,543.576,506.743,0.001309,,,1,DNA-Damaging Drugs,
1504,NCGC00346677-02,CT-98014,0.3886752321860317,0.8786763724278722,-0.325998775033523,0.6133480991637459,525.612,485.305,535.555,5.219386,,,1,GSK-3 Inhibitor,GSK3B
1505,NCGC00345082-02,KHS-101,0.3904371627112998,-0.11920726964382015,0.7279535905521384,0.5625651672255811,445.462,591.067,531.159,,,,0,lineage-specific differentiation enhancer,
1506,NCGC00370925-02,PF-4800567,0.390701259430867,0.07858907997056515,0.596750163562285,0.49676453475975074,461.349,577.901,525.463,,,,0,Casein Kinase 1 Inhibitor,CSNK1E
1507,NCGC00271415-05,Rifaximin,0.3912314509519216,0.2452350256864678,0.38540561855235067,0.5430537086169462,474.734,556.693,529.47,,,,0,Pregnane X Receptor (PXR) Agonist,NR1I2
1508,NCGC00496795-01,WO2016044770,0.39249042321854,0.5586563956866278,0.27862719532614094,0.3401876786428512,499.908,545.978,511.909,15.973612,2.809305,12.81365,3,,
1509,NCGC00356837-03,PF-04620110,0.3924966235430001,0.5181434403366427,0.3547622539774009,0.30458417631495655,496.654,553.618,508.827,,,,0,Diacylglycerol Acyltransferase Type 1 (DGAT-1) Inhibitor,DGAT1
1510,NCGC00378713-03,Nirogacestat,0.3932150191994125,0.8353870221660725,0.6564623718657339,-0.3122043364335689,522.135,583.893,455.435,,,,0,g-Secretase Inhibitor,NOTCH1
1511,NCGC00346747-02,NCGC00346747,0.39368208515253655,0.48271016715715376,0.41968632558904373,0.2786497627114122,493.808,560.133,506.582,21.425861,,27.259394,2,NFkappaB-inducing kinase Inhibitor,NFKB1
1512,NCGC00166294-08,Sparfloxacin,0.39447716162924146,0.7104368009329913,-0.15204411746593421,0.6250388014206673,512.099,502.761,536.567,,,,0,DNA Topoisomerase IV Inhibitor,TOP2B
1513,NCGC00509944-01,Asciminib,0.39491510873739794,-0.15959572297982194,0.5549854998440363,0.7893555493479795,442.218,573.71,550.791,,,46.1,1,Bcr-Abl Inhibitor,ABL1
1514,NCGC00378390-01,Compound 2,0.39494668398854355,0.4434920327525897,0.31671465529539644,0.42463336391764445,490.658,549.8,519.219,0.002766,23.810923,46.1,3,LIMK Inhibitor,LIMK1
1515,NCGC00015100-16,Altretamine,0.39526539226218227,0.6716917741815611,0.5890868310880941,-0.07498242848310839,508.987,577.132,475.97,,0.115851,,1,DNA Alkylating Drugs,
1516,NCGC00025234-17,Alprostadil,0.3964185710665373,-0.6643393378672641,0.9394077541020153,0.9141872969648607,401.677,612.286,561.597,,16.946375,0.00888,2,prostaglandin,
1517,NCGC00509943-03,Serabelisib,0.39649786503646245,0.732934314859672,0.5097429388130518,-0.05318365856333636,513.906,569.17,477.857,36.048166,11.226045,,2,PI3K alpha Inhibitor,PIK3CA
1518,NCGC00345789-16,Venetoclax (ABT-199),0.3971315451190077,0.6955961608662475,0.5503914864882469,-0.05459301199747123,510.907,573.249,477.735,,0.002458,,1,Bcl-2 Inhibitor,BCL2
1519,NCGC00179435-05,Ifomide,0.39755563539807814,-0.5981914178382324,0.9768275375098014,0.8140307865226654,406.99,616.041,552.927,0.267334,0.001549,,2,DNA Alkylating Agent,
1520,NCGC00346625-03,CAY10505,0.39760122691608857,0.1984845194359475,0.5401471356644909,0.4541720256478272,470.979,572.221,521.776,,,,0,PI3K gamma Inhibitor,PIK3CG
1521,NCGC00164553-07,Clofarabine,0.39884222863604224,0.15815831710693704,0.40962135055792187,0.6287470182432678,467.74,559.123,536.888,,,,0,DNA Polymerase Inhibitor,
1522,NCGC00163700-14,Vincristine sulfate,0.39928489848001936,0.6086315040993013,0.7201407782507527,-0.13091758690999605,503.922,590.283,471.128,0.132221,5.605542,4.449527,3,Tubulin polymerization Inhibitor,TUBB
1523,NCGC00378575-03,Dofequidar,0.4020954110758649,0.14898251867640852,0.5716176219499198,0.4856860926012663,467.003,575.379,524.504,,36.934111,25.727365,2,MRP-1 Inhibitor,
1524,NCGC00094226-13,Piceatannol,0.40275030200105305,0.7930314370091425,-0.07439432989910072,0.48961379889311746,518.733,510.553,524.844,,,,0,Syk Kinase Inhibitor,SYK
1525,NCGC00386301-06,BMS-833923,0.4035507086179656,0.20118621313937357,0.5694451817946868,0.44002073091983634,471.196,575.161,520.551,,,,0,Smo Inhibitor,SMO
1526,NCGC00510356-01,AX-024,0.40371065269230144,0.5541494227804522,0.41444456631540927,0.2425379689810429,499.546,559.607,503.456,0.00537,,46.1,2,T Cell Receptor (TCR)/Cytoplasmic Protein NCK1 Interaction Inhibitor,
1527,NCGC00015385-22,Dipyridamole,0.40396724464735756,0.2816020639708272,0.6181257788511538,0.31217389112009164,477.655,580.046,509.484,,41.006028,27.203349,2,Phosphodiesterase PDE3 Inhibitor,PDE5A
1528,NCGC00179363-05,Ursodiol,0.4046524934896703,0.7904168947155058,-0.2221302257767072,0.6456708115302123,518.523,495.728,538.353,,,,0,Steroid,
1529,NCGC00165721-16,A-83-01,0.4047532474684914,0.6344407715979239,0.7194930323329077,-0.13967406152535736,505.995,590.218,470.37,,1.338386,,1,TGF-bR1 (ALK5) Inhibitor,TGBR1
1530,NCGC00244250-02,NCGC00244250,0.4048299032457138,0.22601191472753235,0.35286884283293185,0.6356089521766771,473.19,553.428,537.482,,,46.1,1,Tyk 2 Inhibitor,TYK2
1531,NCGC00159574-16,ZM-447439,0.4061810480831748,0.4753271977279768,0.4807737483026847,0.26244219821886283,493.215,566.263,505.179,,,,0,Aurora-A/B Inhibitor,AURKA
1532,NCGC00346577-02,RAF-265 derivative,0.40625687724933207,0.3022942986947597,0.84866353367291,0.06781279938032654,479.317,603.18,488.331,16.212849,30.071893,,2,Raf kinase B/C Inhibitor,BRAF
1533,NCGC00480912-02,GSK-484,0.4062634778524609,0.8669856333148931,-0.24811978506499044,0.5999245853074802,524.673,493.12,534.393,,,,0,PADI4 Inhibitor (Protein-arginine deiminase type-4),PADI4
1534,NCGC00025109-13,ZM-336372,0.40651021208843124,0.5071125618977713,0.38319331710986665,0.3292247572576557,495.768,556.471,510.96,0.001687,,32.374776,2,Raf Kinase Inhibitor,BRAF
1535,NCGC00168110-05,Tozasertib,0.4066427133801433,0.9811415299356707,0.5072316777161783,-0.2684450675114191,533.842,568.918,459.223,0.001755,,,1,Aurora-A/B/C Kinase Inhibitor,AURKA
1536,NCGC00522008-01,BI09,0.4084526947818249,-0.6786072686696868,1.042409320361101,0.8615560326540606,400.531,622.622,557.041,0.20218,,0.140222,2,IRE1 Inhibitor,ERN1
1537,NCGC00345798-03,BMS-911543,0.4086140790394404,-0.41014357591869616,0.9723630733375801,0.6636227396994373,422.094,615.593,539.907,,0.004379,0.003557,2,Jak2 Inhibitor,JAK2
1538,NCGC00510463-03,STK16-IN-1,0.409345132979061,0.8021325342312824,-0.09157454470469885,0.5174774094105994,519.464,508.829,527.256,,,,0,STK16 kinase Inhibitor,STK16
1539,NCGC00346700-13,A-803467,0.4097372773939574,0.1755138978561316,0.44067329332720484,0.6130246409985357,469.134,562.239,535.527,,,,0,Nav1.8 (SNS/PN3) Sodium Channel Blocker,SCN10A
1540,NCGC00510946-01,Modufolin,0.410043606247448,0.252954150553398,0.47013078460640945,0.5070458835825365,475.354,565.195,526.353,2.197505,,3.488316,2,Antimetabolite,
1541,NCGC00263566-03,Oteracil potassium,0.4108429844550068,-0.45553701021680476,0.9014598086381418,0.7866061549436832,418.448,608.478,550.553,,,,0,Orotate phosphoribosyltransferase Inhibitor,
1542,NCGC00015622-10,LY-294002,0.4112948440138561,0.5362709335725304,0.32112929285855285,0.37648430561048496,498.11,550.243,515.051,,,,0,PI3K Inhibitor,PIK3CA
1543,NCGC00091823-09,Chrysophanol,0.4115303172551565,-0.4248223633672613,0.8543238364626905,0.8050894786700403,420.915,603.748,552.153,3.090931,,,1,VEGFR-1/2 Inhibitor,FLT1
1544,NCGC00015997-12,Taurine,0.4120489258272614,0.5007878595874482,0.6710117417127015,0.06434717618163452,495.26,585.353,488.031,46.1,,,1,Antioxidant,
1545,NCGC00182055-09,Bazedoxifene,0.41271653718907747,0.5137734196458484,0.43005026027455506,0.29432593164682885,496.303,561.173,507.939,,39.776972,,1,Selective Estrogen Receptor Modulators (SERM),ESR1
1546,NCGC00159544-04,Zaldaride maleate,0.4128760838145261,0.4852002074368085,0.3785494771450123,0.3748785668617576,494.008,556.005,514.912,24.169024,,,1,Calmodulin Antagonist,CALM1
1547,NCGC00016256-20,Pyrimethamine,0.4149276315668447,0.34452538183770637,0.45659787758436565,0.44365963527846214,482.709,563.837,520.866,,,12.3674,1,Dihydrofolate Reductase (DHFR) Inhibitor,DHFR
1548,NCGC00167526-06,Camostat,0.4154581205776524,0.11153231287039939,0.4555315881503758,0.679310460712182,463.995,563.73,541.265,,,,0,Serine Protease Inhibitor,
1549,NCGC00378460-08,GKT-137831,0.415470073618881,0.721654432392836,-0.06075180433711437,0.5855075928009214,513.0,511.922,533.145,,,,0,NOX 1/4 Inhibitor,NOX1
1550,NCGC00346595-02,Oridonin,0.4166352362965266,0.3914875415119973,0.3259923699032924,0.5324257974742902,486.481,550.731,528.55,,,,0,"Nuclear Factor, Erythroid Derived 2, Like 2 (Nrf2) Activator",NFE2L3
1551,NCGC00017280-37,Tretinoin,0.41707285233109537,0.5919233338228166,0.7367729003566362,-0.07747767718616665,502.58,591.952,475.754,,0.054683,,1,Retinoid RORbeta Ligand,RORB
1552,NCGC00161670-08,Pepstatin,0.4172143392745909,1.0147072729054187,0.2024622407094438,0.03447350420891023,536.538,538.335,485.445,0.001926,,,1,Aspartyl Protease Inhibitor,
1553,NCGC00263130-02,cPEPCK Inhibitor,0.41853060851116086,0.4428695226826758,0.24666840827187558,0.5660538945789312,490.608,542.771,531.461,0.001867,,,1,cPEPCK Inhibitor,PCK1
1554,NCGC00389228-01,SAR-131675,0.4185478263505664,0.3357479898519231,0.6071439942132357,0.3127514949865404,482.004,578.944,509.534,0.002671,,,1,VEGFR-3 Inhibitor,FLT4
1555,NCGC00016332-04,Riboflavin,0.4191523144854005,0.3216170112648818,0.6774294089602684,0.2584105232310514,480.869,585.997,504.83,,,,0,Vitamin,
1556,NCGC00378854-02,Anamorelin,0.41955455470394115,0.8284522599872335,0.06520986337910455,0.36500154074548546,521.578,524.562,514.057,,,,0,GHS Receptor Agonist,
1557,NCGC00015562-39,Indomethacin,0.42002584164527085,0.4975010064183036,0.47910953955991475,0.28346697895759426,494.996,566.096,506.999,,,,0,Prostaglandin G/H Synthase 2 (PTGS2; COX-2) Inhibitor,PTGS2
1558,NCGC00263138-10,Regorafenib,0.42038636594230283,-0.23753398373301954,0.781676640445978,0.71701644111395,435.958,596.458,544.529,,31.053186,46.1,2,VEGFR-2 Inhibitor,KDR
1559,NCGC00015519-15,Dopamine hydrochloride,0.42066606012250596,0.6311414682273814,0.6774094783166429,-0.04655276617650638,505.73,585.995,478.431,,,,0,Neurotransmitter,
1560,NCGC00164619-06,Anastrozole,0.4208867266598446,0.07098200691621961,0.5618914678604396,0.6297867052028745,460.738,574.403,536.978,,,,0,Aromatase Inhibitor,CYP19A1
1561,NCGC00509994-02,Vadadustat,0.42145883505326837,0.3837186158394745,0.49349946425787483,0.38715842506245574,485.857,567.54,515.975,,,,0,,
1562,NCGC00095348-11,Diindolylmethane,0.4219924325412398,0.6236215465828231,0.5606458026338156,0.08170994840708075,505.126,574.278,489.534,,0.007205,41.129677,2,Androgen Receptor Antagonist,AR
1563,NCGC00166088-10,Decitabine,0.42231957373122003,0.5549088850657474,0.6934835424009984,0.018566293726914325,499.607,587.608,484.068,,0.004074,,1,DNA Methyltransferase (DNMT) Inhibitor,DNMT1
1564,NCGC00015335-11,Diphenhydramine hydrochloride,0.42340745849507017,0.2817514663876065,0.4687755008398417,0.5196954082577623,477.667,565.059,527.448,,,,0,Histamine H1 Receptor Antagonist,HRH1
1565,NCGC00378789-02,Etomoxir,0.42359616777567566,-0.9067074084874722,1.0556831290160062,1.121812782798493,382.21,623.954,579.57,,,46.1,1,CPT-1 Inhibitor,CPT1
1566,NCGC00016526-16,Berberine,0.4251973658970185,-0.13115946298616332,0.550521035671815,0.8562305250054039,444.502,573.262,556.58,,,,0,Protein Tyrosine Phosphatase (PTP) Inhibitor,PTP4A1
1567,NCGC00274030-16,Infigratinib,0.4256273644353621,0.6978496473193356,0.6222813180471707,-0.04324887206042009,511.088,580.463,478.717,,,,0,FGFR3 Inhibitor,FGFR3
1568,NCGC00025125-23,Colchicine,0.42777704977457826,1.0087809770398402,0.3006904178201058,-0.026140245536211172,536.062,548.192,480.198,0.665247,0.186255,0.434855,3,Tubulin polymerization Inhibitor,TUBB
1569,NCGC00347063-02,KUC110948N,0.43022071442429277,0.516985571606603,0.30753659390563143,0.4661399777606439,496.561,548.879,522.812,,,,0,M18 Aspartyl Aminopeptidase Inhibitor,
1570,NCGC00531749-01,ACY-775,0.4309404659064201,0.24041679774533561,0.411504796380577,0.6408998035933476,474.347,559.312,537.94,,39.807521,,1,HDAC Inhibitor,HDAC1
1571,NCGC00263944-01,Kanamycin,0.43226946430588015,0.21008810713913945,0.6503038029853043,0.43641648279319667,471.911,583.275,520.239,,,,0,30S Ribosomal Protein Inhibitor,
1572,NCGC00510231-01,GDC-0077,0.43248620596424064,0.6939153836774805,0.23466019548722095,0.36888303872802053,510.772,541.566,514.393,0.001474,45.982865,0.46996,3,PARP inhibitor,PARP1
1573,NCGC00182047-04,Fludarabine phosphate,0.4332580813817005,0.902082751056628,0.029882797552048264,0.3678086955364252,527.492,521.017,514.3,,,28.126956,1,Purine Antagonist,HPRT1
1574,NCGC00167816-03,JX-401,0.43395082607247193,0.830406941606763,-0.16516844629364477,0.6366139829042976,521.735,501.444,537.569,,,,0,p38 MAPK Inhibitor,MAPK14
1575,NCGC00025103-05,Monastrol,0.4345981630011886,0.5286389601153882,0.2666887397941767,0.5084667890940008,497.497,544.78,526.476,,,,0,Kinesin-Like Spindle Protein Inhibitor,KIF11
1576,NCGC00161927-04,DMEP,0.43531039381086994,0.5620428504669583,0.40893374335282473,0.33495458761282676,500.18,559.054,511.456,,0.684658,,1,Antimitotic Agent,TUBB
1577,NCGC00160398-09,Nafamostat mesilate,0.4356720133216971,0.06687344045478927,0.6688094055920302,0.5713331939182719,460.408,585.132,531.918,,,,0,Tryptase Inhibitor,TPSAB1
1578,NCGC00182051-05,R-406,0.43600000542019224,-0.5607785626364179,0.9353917294113805,0.9333868494856141,409.995,611.883,563.259,,,0.022525,1,Syk Kinase Inhibitor,SYK
1579,NCGC00510509-01,Vesnarinone,0.43606413132265526,0.04011795764989758,0.4362187944767974,0.8318556418412708,458.259,561.792,554.47,,,,0,p97 ATPase Inhibitor,VCP
1580,NCGC00092361-06,Prostaglandin E2,0.4367418379204377,0.3695502866482378,0.4072097426791771,0.5334654844338982,484.719,558.881,528.64,,42.933361,,1,prostaglandin,PTGER2
1581,NCGC00507859-01,Larotrectinib,0.43746737414273357,0.9837560722293088,-0.49945516651046207,0.828101216709354,534.052,467.899,554.145,,0.387936,,1,TRK B Inhibitor,NTRK2
1582,NCGC00475727-01,Savolitinib,0.43750889278997174,0.3274686059220704,0.6414047706063022,0.3436533018415426,481.339,582.382,512.209,46.1,,,1,HGFR Inhibitor,MET
1583,NCGC00142605-05,Salicin,0.43878926591653017,-0.5849693039532649,0.9736685304950828,0.9276685712077725,408.052,615.724,562.764,0.197975,,,1,Antiinflammatory agent,
1584,NCGC00263878-01,MELOXICAM SODIUM,0.43997370969674776,0.29285704603486795,0.5382935858072739,0.48877049724810134,478.559,572.035,524.771,,,,0,Cyclooxygenase-1/2 Inhibitor,
1585,NCGC00263164-07,Cabozantinib,0.44002976074338007,0.49212251941424956,0.501710889431781,0.3262558733841096,494.564,568.364,510.703,46.1,,,1,VEGFR-2 Inhibitor,KDR
1586,NCGC00378895-01,Cebranopadol,0.4413564646030914,0.12017275264080203,0.6713206666889049,0.5325759744795673,464.689,585.384,528.563,21.442228,,,1,Nociceptin Receptor (OPRL1; KOR3; ORL1) Agonist,OPRL1
1587,NCGC00015207-24,Cilostazol,0.4416160301296373,0.15895512999642616,0.6047024903690527,0.561190470023433,467.804,578.699,531.04,,,,0,Phosphodiesterase III (PDE3) Inhibitor,PDE3A
1588,NCGC00186047-02,IPA-3,0.4424761680344246,0.40317828062497724,0.6508219997195801,0.2734282237587164,487.42,583.327,506.13,,,,0,p21-Activated Kinase 1 (PAK1) Inhibitor,PAK1
1589,NCGC00387769-02,Gardiquimod,0.44248272002048045,0.5655289068584749,0.3768055458277391,0.38511370737522727,500.46,555.83,515.798,0.015174,,,1,Toll-Like Receptor 7 (TLR7) Agonist,TLR7
1590,NCGC00505118-01,NCGC00505118,0.44301377092345473,0.7679193807888237,0.3117220290670877,0.2493999029144528,516.716,549.299,504.05,,,,0,CBP/p300 Inhibitor,EP300
1591,NCGC00017245-15,Ellagic acid,0.4444145257946664,0.3344033681009094,0.6044732879673547,0.39436692131573514,481.896,578.676,516.599,,,,0,Aldose Reductase Inhibitor,AKR1B1
1592,NCGC00242511-04,Seocalcitol,0.44472723913827983,0.30832019617152423,0.5748663168609554,0.4509952043823599,479.801,575.705,521.501,,,,0,Vitamin D Analog,VDR
1593,NCGC00263521-07,Deflazacort,0.44542171732586233,0.3440647243859705,0.6318081657003912,0.36039226189122525,482.672,581.419,513.658,,,,0,Corticosteroid,
1594,NCGC00346541-04,XL-765,0.4466668528472001,0.3903794735875509,0.4876398550318359,0.46198122992221347,486.392,566.952,522.452,0.007063,,,1,mTORC1/2 Inhibitor,MTOR
1595,NCGC00159438-03,L-selenomethionine,0.44692890254157464,1.0577974199448468,0.3200231421373097,-0.03703385445743251,539.999,550.132,479.255,0.002385,,,1,dietary supplement,
1596,NCGC00510444-01,Epiblastin A,0.44726177251809696,0.13259805363627974,0.7768833206539288,0.43230394326408234,465.687,595.977,519.883,,,9.327905,1,CK1 Inhibitor,CSNK1A1
1597,NCGC00263224-03,D-NMAPPD,0.4474671949896576,0.5788257219518325,0.7978603230702772,-0.03428446005313694,501.528,598.082,479.493,,46.1,,1,Ceramidase Inhibitor,CERS1
1598,NCGC00378596-08,Entospletinib,0.4478729513322841,0.6705339054515215,0.5012225886629446,0.17186235988238624,508.894,568.315,497.338,,3.341309,,1,Syk Kinase Inhibitor,SYK
1599,NCGC00387848-03,IPI-145,0.4480286915039771,-0.28856735926454685,0.5113373903031313,1.121316043473347,431.859,569.33,579.527,,8.054147,46.1,2,PI3-kinase p110-gamma subunit Inhibitor,
1600,NCGC00164613-04,Epalrestat,0.4490189673214351,0.4797719196271611,0.7555973932613782,0.11168758907576595,493.572,593.841,492.129,,0.002883,,1,Aldose Reductase Inhibitor,AKR1B1
1601,NCGC00016643-13,Trioxsalen,0.45012520450252824,0.3333202005792597,0.6307518415882141,0.38630357134011095,481.809,581.313,515.901,,,,0,phototherapy treatment of skin disorders,
1602,NCGC00263858-10,Carboplatin,0.4503039687997494,0.703203233920593,0.37445372987987313,0.27325494259878197,511.518,555.594,506.115,0.005989,,,1,DNA Alkylating Agent,
1603,NCGC00273984-04,SB-747651-A,0.4512172601043797,0.2759621227374092,0.5741787096558583,0.5035109479198716,477.202,575.636,526.047,,21.754876,18.853815,2,MSK1/2 Inhibitor,MAPK11
1604,NCGC00185071-01,Calcium folinate,0.45259452601101346,0.48746614409129463,0.3341141071808814,0.5362033267608644,494.19,551.546,528.877,,,,0,Antineoplastic Enhancing Agents,
1605,NCGC00262009-03,Bisindolylmaleimide,0.4529005561707784,0.6065025196601959,0.43480371877935203,0.31739543007278737,503.751,561.65,509.936,0.17697,46.1,46.1,3,CDK4 Inhibitor,CDK4
1606,NCGC00378942-03,LY-2090314,0.4538360937591329,-0.2733532131558551,0.311522722630828,1.3233387718024259,433.081,549.279,597.015,0.0729,,46.1,2,GSK-3 beta Inhibitor,GSK3B
1607,NCGC00346533-13,Daclatasvir dihydrochloride,0.45438288198762694,0.6403421670607059,0.42612392348023614,0.2966825554219388,506.469,560.779,508.143,,,,0,HCV NS5A Inhibitor,
1608,NCGC00345807-02,CAA-0225,0.4558456009262734,0.4917241129695043,0.39282978330302976,0.48298290650628617,494.532,557.438,524.27,0.015247,0.677681,,2,Cathepsin L Inhibitor,CTSL1
1609,NCGC00387023-02,AG-13958,0.45826198749340463,0.34670416708240454,0.5364001746628061,0.4916816207350033,482.884,571.845,525.023,,,,0,VEGFR-2 Inhibitor,FLT1
1610,NCGC00016244-21,Isoniazid,0.4590954300831536,0.7338556297631451,-0.18104320394174123,0.8244738644280569,513.98,499.851,553.831,,,,0,Cytochrome P450 CYP1A2 Inhibitor,CYP1A2
1611,NCGC00262945-03,Rivaroxaban,0.45919062188868004,-0.34964804732448107,0.8679165354156109,0.8593033775749103,426.953,605.112,556.846,0.412766,,,1,,F10
1612,NCGC00521070-01,PF-06282999,0.45959066386458525,-0.0853178214377168,0.6189030739525669,0.8451867390789055,448.184,580.124,555.624,7.549223,4.632647,,2,myeloperoxidase Inhibitor,
1613,NCGC00346883-02,6-Bromoindirubin-3'-acetoxime,0.46120407091832666,0.4612709203493255,0.4311564109957971,0.4911848814098574,492.086,561.284,524.98,,13.01368,18.767263,2,GSK-3 Inhibitor,GSK3B
1614,NCGC00345819-01,Estetrol,0.46146068168151344,0.4807679357390229,0.4687456048744034,0.4348685044311141,493.652,565.056,520.105,,,,0,Selective Estrogen Receptor Modulators (SERM),ESR1
1615,NCGC00168109-05,Secin H3,0.4621178924358926,-0.5882437069210115,0.9260940841598589,1.0485033000688302,407.789,610.95,573.224,,,,0,GEF Inhibitor,ARHGEF1
1616,NCGC00015264-24,Clomipramine hydrochloride,0.46243306410999657,0.21793173402005225,0.565977249803766,0.6033902085061715,472.541,574.813,534.693,,42.746266,,1,Serotonin Transporter (SERT) Inhibitor,SLC6A4
1617,NCGC00390606-01,TNKS-656,0.4625434154420798,0.49176146357369965,0.46297568354468044,0.4328930992078592,494.535,564.477,519.934,,,,0,Tachykinin NK2 Antagonist,TACR2
1618,NCGC00262195-03,R-1487,0.46294184069536287,-0.4945683916003949,0.924569389922471,0.9588245237640126,415.313,610.797,565.461,0.375159,,,1,p38 MAPK Inhibitor,MAPK14
1619,NCGC00024309-20,Diltiazem hydrochloride,0.4637719360273678,0.2293236682994736,0.5822605856461951,0.5797315541364348,473.456,576.447,532.645,,,,0,"Ca2+ channel blocker, similar pharmacology to verapamil",
1620,NCGC00345808-01,BP-1-102,0.4653567170286018,0.382984053956976,0.39413524046053144,0.618950856668298,485.798,557.569,536.04,,,,0,STAT-3 Inhibitor,STAT3
1621,NCGC00093354-13,Niacinamide,0.4672659038151234,-0.49602506516399253,0.8969255872132311,1.0008971893961316,415.196,608.023,569.103,0.689474,,,1,Vitamin,
1622,NCGC00344081-06,STF-62247,0.467401681642102,0.526734079301452,0.3115426532744535,0.5639283123504005,497.344,549.281,531.277,37.370506,,,1,Renal cell growth inhibition,
1623,NCGC00024427-09,Naltrexone hydrochloride,0.4680899341722819,-0.5255320424779029,1.0449106161361628,0.8848912288585858,412.826,622.873,559.061,,,,0,mu-Opioid Antagonist,OPRM1
1624,NCGC00250404-06,Veliparib,0.4684564520188738,0.4965423409106365,0.45936823704837765,0.44945877809760737,494.919,564.115,521.368,,,,0,PARP Inhibitor,PARP1
1625,NCGC00250399-02,Vemurafenib,0.4685854524471258,-0.2822800075584183,0.8336657243443572,0.8543706405554385,432.364,601.675,556.419,0.183074,0.003545,,2,Raf kinase B Inhibitor,BRAF
1626,NCGC00390255-01,Maslinic acid,0.46872621510776785,0.28624598909238413,0.5607753518173848,0.5591573044135346,478.028,574.291,530.864,,,21.438631,1,Glycogen Phosphorylase Inhibitor,PYGL
1627,NCGC00346517-10,Daptomycin,0.46887991292291914,0.37832767863402106,0.8768853250473034,0.15142673508743298,485.424,606.012,495.569,,,,0,Lipopeptide Antibiotic,
1628,NCGC00263909-08,Tadalafil,0.4689754072165309,0.47820319425097885,0.4829262578142911,0.44579676958432285,493.446,566.479,521.051,0.001446,0.001535,0.001589,3,Phosphodiesterase 6 Inhibitor,
1629,NCGC00263544-04,Dexrazoxane hydrochloride,0.4694635356981047,0.7551579243555928,0.7019341352984163,-0.04870145255969511,515.691,588.456,478.245,,0.012557,,1,DNA Topoisomerase II Inhibitor,TOP2A
1630,NCGC00241099-04,Saracatinib,0.47214385315057933,1.146940861956491,0.29401365220540154,-0.024522954710154456,547.159,547.522,480.338,,,,0,cSRC Inhibitor,SRC
1631,NCGC00346488-03,MLN-8054,0.47297081222939513,0.6076728385916342,0.40753859829900596,0.40370099979754526,503.845,558.914,517.407,0.001173,,2.267798,2,Aurora-A Inhibitor,AURKA
1632,NCGC00386723-01,GSK-2256294A,0.4738871406143867,0.5226628634442163,0.7483227083378939,0.15067585006104978,497.017,593.111,495.504,,,,0,Soluble Epoxide Hydrolase Inhibitor,
1633,NCGC00505117-01,NCGC00505117,0.47392807668644377,0.5303819883111465,0.2573412679335903,0.6340609738145945,497.637,543.842,537.348,,46.1,46.1,2,CBP/p300 Inhibitor,EP300
1634,NCGC00014670-26,Domperidone,0.47398058153715966,0.1760492565162575,0.5948268564523777,0.6510656316428438,469.177,577.708,538.82,46.1,43.325272,22.403377,3,Dopamine Receptor Antagonist,DRD1
1635,NCGC00346631-02,Orteronel,0.47504608974903834,-0.22654045589834346,0.8036501750436258,0.8480285501018326,436.841,598.663,555.87,0.085726,,,1,Androgen Biosynthesis Inhibitor,
1636,NCGC00185773-02,Clindamycin palmitate,0.4753961301491276,0.42395766675869695,0.6478224378538691,0.3544082858348169,489.089,583.026,513.14,,,,0,Antibacterial,
1637,NCGC00351606-08,PRT-062607,0.4754108556013176,0.46581524385969575,0.53345043940616,0.4269668835380969,492.451,571.549,519.421,,,,0,Syk Kinase Inhibitor,SYK
1638,NCGC00522639-01,BVT-3498,0.4756904557936782,0.3522071561004419,0.6466265992363099,0.4282376120442828,483.326,582.906,519.531,,,,0,11-beta-Hydroxysteroid Dehydrogenase Type 1 (11beta-HSD1) Inhibitor,
1639,NCGC00346837-02,JZL-195,0.4763320546416589,0.9415000886835655,0.38219678492856723,0.10529929031284392,530.658,556.371,491.576,,,46.1,1,Monoacylglycerol lipase (MAGL) Inhibitor,MGLL
1640,NCGC00510527-02,GSK-2982772,0.4765210434443026,1.0081460167685277,-0.4606900646579232,0.8821071782223034,536.011,471.789,558.82,,0.346183,,1,RIP1 kinase Inhibitor,RIPK1
1641,NCGC00091019-19,Dexamethasone,0.47656009342801137,0.7476753533152299,0.695357022901842,-0.013352095933037758,515.09,587.796,481.305,,0.004607,,1,Antiinflammatory agent,NR3C1
1642,NCGC00508900-01,VU-0364849,0.47657255636536355,-0.7479797908608717,1.1884909728177508,0.9892064871392116,394.959,637.281,568.091,,,3.089853,1,TGF-bR1 (ALK5) Inhibitor,TGFBR1
1643,NCGC00263090-09,AZ-3146,0.47738239774215824,-0.10156533426246496,1.0071320811431095,0.5265804463458302,446.879,619.082,528.044,,,,0,MPS1 Inhibitor,TTK
1644,NCGC00482940-01,CEP28122,0.4786627938383109,0.8794731853173627,0.8217372341342056,-0.2652220379366357,525.676,600.478,459.502,,,11.98685,1,ALK Inhibitor,ALK
1645,NCGC00509985-02,Sufugolix,0.4795839654820441,0.9457331571589791,-0.3573895387444482,0.8504082780316014,530.998,482.155,556.076,,0.05461,4.063471,2,GnRH (LHRH) Receptor Antagonist,GNRHR
1646,NCGC00388522-04,Granisetron (AB-1001),0.48059606187791865,0.7006758430367437,0.659182904720681,0.08192943787633129,511.315,584.166,489.553,,11.273721,,1,5-HT3 Receptor Antagonist,HTR3A
1647,NCGC00346607-02,Curcumol,0.4811161719997335,0.4022071649159114,0.3690624907790439,0.6720788603042452,487.342,555.053,540.639,,0.001724,,1,mitochondrial modulator,
1648,NCGC00509989-01,MK-0557,0.4814578030097436,0.46574054265130577,0.8408606866933384,0.13777217968458672,492.445,602.397,494.387,,0.024505,,1,Neuropeptide Y5 (NPY Y5) Receptor Antagonist,
1649,NCGC00163329-11,Clopidogrel bisulfate,0.4848485280351909,0.6840672743714455,0.3279854342658912,0.4424928754682359,509.981,550.931,520.765,0.001464,,,1,P2Y12 (P2T) Antagonist,P2RY12
1650,NCGC00263694-01,Kartogenin,0.48493920999234613,0.7382879014609307,0.6152159048817598,0.10131382363434793,514.336,579.754,491.231,,0.00228,,1,chondrocyte differentiation initiator,
1651,NCGC00178707-06,Ramelteon,0.48611708043026863,0.432224600487151,0.4627066198557303,0.5634200209479246,489.753,564.45,531.233,,,,0,Melatonin MT1/MT2 Agonist,MTNR1A
1652,NCGC00262929-03,BIBR-1048,0.4868273045629419,0.8513730807614567,0.7586368164143403,-0.1495279834869714,523.419,594.146,469.517,,46.1,,1,Thrombin Inhibitor,
1653,NCGC00346620-06,GSK-256066,0.4871238198388705,0.14123849340668168,0.6002978181277101,0.7198351479822197,466.381,578.257,544.773,,,,0,Phosphodiesterase IIII (PDE4) Inhibitor,PDE4A
1654,NCGC00346954-01,TCS-2312,0.4875264629513899,0.5315149566383895,0.3739056371801579,0.5571587950356223,497.728,555.539,530.691,,,,0,Chk1 Inhibitor,CHEK1
1655,NCGC00165855-05,Oxamflatin,0.4880208492687581,0.5223889590134544,0.2583776614021419,0.683295927390678,496.995,543.946,541.61,,,23.0,1,Histone Deacetylase (HDAC) Inhibitor,
1656,NCGC00167488-03,Sorafenib,0.4880464408910706,0.7845154992527231,0.03152707565119159,0.648096747769297,518.049,521.182,538.563,,,,0,VEGFR-1/2/3 Inhibitor,FLT1
1657,NCGC00253562-10,ABT-737,0.48837228530912374,0.32649749021300534,0.5264149222061875,0.6122044435081784,481.261,570.843,535.456,,30.23118,27.991065,2,Bcl-xL Inhibitor,BCL2L1
1658,NCGC00402358-02,Epacadostat,0.4887509065768225,0.8636116287359612,0.7715419081621657,-0.16890081716765934,524.402,595.441,467.84,,0.078028,,1,IDO Inhibitor,IDO1
1659,NCGC00263116-09,ICG-001,0.4892110968171295,0.948584253279183,0.3616383260283648,0.15741071114384067,531.227,554.308,496.087,,7.998267,46.1,2,,CREBBP
1660,NCGC00371137-09,PluriSln 1,0.49037108331962503,0.3539003834906068,0.6016531018942778,0.5155597645739906,483.462,578.393,527.09,,0.005726,,1,SCD1 Inhibitor,SCD1
1661,NCGC00346648-05,GSK-1070916A,0.4909880219197134,0.5078471237802699,0.6009355987237424,0.3641813432551281,495.827,578.321,513.986,,,,0,Aurora-B/C Inhibitor,AURKB
1662,NCGC00507873-02,EAI045,0.49145954912256984,0.606054312409858,0.3919030083744219,0.47642132658342967,503.715,557.345,523.702,,,,0,Allosteric EGFR Inhibitor (L858R/T790M-specific),EGFR
1663,NCGC00016103-16,Lificiguat,0.49240316620244906,0.4658650446652884,0.6243939662715249,0.38695048767053386,492.455,580.675,515.957,,,,0,HIF-1alpha Inhibitor,HIF1A
1664,NCGC00351479-01,(R)-PFI-2,0.49406444783860337,0.9112709996885553,-0.03132420902334921,0.602246552850604,528.23,514.875,534.594,,,,0,Potent and selective SETD7 Inhibitor. Inhibits YAP nuclear translocation and function following activation of the Hippo signaling pathway in MCF7 cells.,SETD7
1665,NCGC00015082-09,AMINOGUANIDINE HYDROCHLORIDE,0.49408474723005835,0.5943760234982767,0.40476823883499397,0.4831099793569045,502.777,558.636,524.281,,,,0,,NOS2
1666,NCGC00346690-04,SB-705498,0.49415496364405354,0.2674088343767946,0.5667744755488058,0.6482815810065602,476.515,574.893,538.579,,,29.744008,1,TRPV1 (Vanilloid VR1 Receptor) Agonist,TRPV1
1667,NCGC00023037-06,Pancuronium bromide,0.49492206508125475,0.5707330910429537,0.6593423498696884,0.2546907543311221,500.878,584.182,504.508,,0.076739,,1,Steroid non-depolarizing Blocker,
1668,NCGC00482383-01,EPZ-020411,0.4950436359116119,0.8102376153415585,-0.06384105409914193,0.7387343464924191,520.115,511.612,546.409,,,,0,PRMT6 Inhibitor,PRMT6
1669,NCGC00238621-08,Sotrastaurin,0.4975743940359966,0.5396075875472677,0.4885466993168182,0.46456889524390393,498.378,567.043,522.676,0.001674,38.07124,46.1,3,Protein kinase C theta Inhibitor,
1670,NCGC00390744-01,Necrostatin 2,0.4986197177341617,0.9463183166246969,-0.06035319146459506,0.6098940280423832,531.045,511.962,535.256,,,,0,RIP1 Kinase Inhibitor,RIPK1
1671,NCGC00165770-04,Cardiogenol,0.4989928763603664,0.5064278008208668,0.5946474806597447,0.3959033476004877,495.713,577.69,516.732,,,,0,Cardiomyocytes differentiation initiator,
1672,NCGC00015478-17,GW-5074,0.49968158317464023,0.5581957382348912,0.6658497050135724,0.274999306275457,499.871,584.835,506.266,,0.045437,,1,Raf Kinase C Inhibitor,BRAF
1673,NCGC00015646-03,Fomepizole,0.5010488765171957,0.4583824736249255,0.5668641634451228,0.47789999248153875,491.854,574.902,523.83,,,,0,Alcohol Dehydrogenase Inhibitor,ADH1
1674,NCGC00015480-17,GW-7647,0.5012679968661677,0.6297843962749691,0.6636772648583394,0.2103423294651948,505.621,584.617,500.669,0.132431,0.350213,,2,PPARalpha Agonist,PPARA
1675,NCGC00015159-22,Betaxolol,0.502595870134095,0.47185359153785833,0.4137370284666866,0.6221969903977401,492.936,559.536,536.321,0.001335,,,1,,ADRB1
1676,NCGC00015766-16,Oxymetazoline hydrochloride,0.5040801192313553,0.7518586209850503,0.6067254506970909,0.15365628601192458,515.426,578.902,495.762,,,,0,alpha2A(2D)-Adrenoceptor Agonist,ADRA1A
1677,NCGC00481564-01,NPS-1034,0.5041059151715336,0.8382381182862778,0.06504045290828316,0.6090391743200397,522.364,524.545,535.182,,,20.344297,1,HGFR Inhibitor,MET
1678,NCGC00510440-01,CPI-4203,0.5064883090166858,0.47128088227353776,0.5897146463623136,0.458469398414206,492.89,577.195,522.148,,,,0,Selective Inhibitor of KDM5 demethylases (H3K4 specific),KDM5A
1679,NCGC00510500-01,PF-06650833,0.5066290039071213,0.2084197801517705,0.735397685946443,0.5760695456231504,471.777,591.814,532.328,,0.001359,21.012006,2,Interleukin-1 Receptor-Associated Kinase 4 (IRAK-4) Inhibitor,
1680,NCGC00167429-10,Temozolomide,0.5067533994059589,-0.6182984930964457,1.0013123332043228,1.1372463581099996,405.375,618.498,580.906,0.506985,0.001921,,2,DNA Topoisomerase II Inhibitor,TOP2A
1681,NCGC00386157-02,Methscopolamine (bromide),0.5076907272709258,0.9396325584738245,0.38094115438013043,0.20249846895882245,530.508,556.245,499.99,0.001968,0.00176,,2,Muscarinic Antagonists,
1682,NCGC00178869-11,Vidarabine,0.507765896126326,0.5101504110389506,0.6338211607066155,0.3793261166334121,496.012,581.621,515.297,30.029186,,,1,Adenosine Receptor Agonist; Anti-Herpes Simplex Virus Drug,
1683,NCGC00346645-06,TAK-901,0.5078270965030557,0.55784713259574,0.24516364467811427,0.7204705122353127,499.843,542.62,544.828,,,46.1,1,Aurora-A/B Inhibitor,AURKA
1684,NCGC00378974-02,DCC-2618,0.5081420919597511,0.546704202344284,0.921380486942313,0.05634158659265642,498.948,610.477,487.338,,46.1,,1,PDGFR alpha Inhibitor,PDGFRA
1685,NCGC00183878-01,Zaltoprofen,0.5085328447337375,0.9995802782065151,0.3546526354374572,0.17136562055724033,535.323,553.607,497.295,0.006056,,,1,Cyclooxygenase Inhibitor,PTGS1
1686,NCGC00346637-05,Odanacatib,0.5094967378888356,0.32860157424931347,0.6895273096412412,0.5103613297759522,481.43,587.211,526.64,46.1,,,1,Cathepsin K Inhibitor,CTSK
1687,NCGC00093802-09,Dehydroepiandrosterone,0.5095522180442565,0.8440648125406698,0.7247447569283549,-0.040152915336255,522.832,590.745,478.985,,,,0,Steroid hormone,
1688,NCGC00346805-02,XRP-44X,0.5102571807697117,-0.14100757229219832,1.2987373280348824,0.373041786566451,443.711,648.344,514.753,0.082152,,4.741709,2,Tubulin polymerization Inhibitor,TUBB
1689,NCGC00018176-05,Estrone,0.5134211394947954,0.7753770514263907,0.4704795708698638,0.2944067961881317,517.315,565.23,507.946,0.004113,,,1,Steroid hormone,
1690,NCGC00522278-02,Oglufanide,0.5147035374478587,0.46996116092532075,0.6572097710017076,0.4169396804165478,492.784,583.968,518.553,,,,0,VEGF Inhibitor,FLT1
1691,NCGC00485951-02,VBY-825,0.5147794277631841,0.9893711130599309,-0.0836222178979312,0.6385893881275525,534.503,509.627,537.74,,,,0,Cathepsin S Inhibitor,CTSS
1692,NCGC00247735-03,Varenicline tartrate,0.515616546931326,1.0097645429503033,-0.3933444198457228,0.9304295176893974,536.141,478.547,563.003,,0.097587,,1,Nicotinic alpha3beta4 Agonist,CHRNA3
1693,NCGC00481573-01,Pexmetinib,0.5161983678393134,0.7790125102346858,0.31148286134357583,0.4580997319396784,517.607,549.275,522.116,46.1,46.1,,2,p38 MAPK Inhibitor,MAPK14
1694,NCGC00346482-01,Mesna disulfide,0.517931838294871,0.17612395772464678,0.6620529174028217,0.7156186397571445,469.183,584.454,544.408,,0.001214,,1,chemoprotective agent,
1695,NCGC00016014-09,Tyrphostin B42,0.5180375162669131,-0.34321129320157256,0.8637111696105291,1.033612672391783,427.47,604.69,571.935,,,1.4177,1,STAT-3 Inhibitor,JAK2
1696,NCGC00346096-02,GSK-429286A,0.51851083936398,0.27018522928860994,0.420822372275724,0.8645249165276061,476.738,560.247,557.298,,,,0,"ROCK 1, ROCK 2 Inhibitor",ROCK1
1697,NCGC00346627-08,CX-5461,0.5193591322615437,0.9105115374032601,-0.18111296119443224,0.8286788205758034,528.169,499.844,554.195,,0.118484,,1,RNA Polymerase Inhibitor,POLR2A
1698,NCGC00164547-18,Zafirlukast,0.5196273337575417,0.7260618036878257,0.7667286577264899,0.06609153985830955,513.354,594.958,488.182,,10.428696,,1,Leukotriene CysLT1 (LTD4) Antagonist,CYSLTR1
1699,NCGC00094201-03,Masoprocol,0.5211428792859816,0.5150806907926675,0.4715159643384143,0.576831982726863,496.408,565.334,532.394,0.001333,,,1,5-Lipoxygenase Inhibitor,ALOX5
1700,NCGC00187481-08,BEZ-235,0.5213754071620835,0.1996050375617926,1.04420307828744,0.32031810563701807,471.069,622.802,510.189,,0.07954,4.39282,2,mTOR Inhibitor,MTOR
1701,NCGC00346651-08,Nepicastat hydrochloride,0.5214433190393226,0.491487559142937,0.29330611435667886,0.7795362836183521,494.513,547.451,549.941,0.678235,,,1,Dopamine beta-monooxygenase Inhibitor,
1702,NCGC00183912-09,FR-180204,0.5222655417047054,0.4241319695782729,0.7718408678165551,0.3708237877192881,489.103,595.471,514.561,,,,0,ERK1/2 Inhibitor,MAPK7
1703,NCGC00386417-06,Lorlatinib,0.5225432662788058,0.9219283720854781,0.3870598619733079,0.2586415647776313,529.086,556.859,504.85,28.216961,46.1,,2,ROS1/ALK Inhibitor,ALK
1704,NCGC00016925-21,Omeprazole,0.5230654011674737,-0.565870695008312,1.0541484694568055,1.0809184290539275,409.586,623.8,576.03,0.034711,,,1,ABCC3 Expression Enhancer,ABCC3
1705,NCGC00346638-03,TWS-119,0.5234148748374164,0.8582580421347025,0.16048830523312155,0.5514982771444253,523.972,534.123,530.201,0.00116,26.719441,12.738206,3,GSK-3 beta Inhibitor,GSK3B
1706,NCGC00347936-06,Ak-7,0.5240402271611676,0.3879641345162854,0.8927301867299611,0.2914263602372562,486.198,607.602,507.688,,,,0,Histone Deacetylase SIRT2 Inhibitor,SIRT2
1707,NCGC00263150-04,Andarine,0.5240902873837222,0.7966046448104477,-0.031872301723063275,0.8075385190637824,519.02,514.82,552.365,,,32.769708,1,Selective Androgen Receptor Modulators (SARM),AR
1708,NCGC00347068-02,KUC103669N,0.524805614577979,0.4374661352758244,0.6814155376854661,0.4555351707726466,490.174,586.397,521.894,,,,0,Rab7 GTPase Inhibitor,
1709,NCGC00510519-01,MI-538,0.5260925195543104,0.8956833475379149,0.46399214636960534,0.21860206475541086,526.978,564.579,501.384,,,,0,In vivo active Menin-MLL Inhibitor,
1710,NCGC00021301-09,Fluocinolone acetonide,0.526584375035782,0.37106921121882747,0.6736126907058931,0.5350712231826255,484.841,585.614,528.779,,,0.701339,1,Glucocorticoid steroid,NRC31
1711,NCGC00346605-03,Sodium Danshensu,0.5286761297144631,0.0598141762619676,0.7106238959193449,0.8155903169620766,459.841,589.328,553.062,,,,0,Pregnane X Receptor (PXR) Regulator,NR1I2
1712,NCGC00346680-05,MK-8245,0.5292000067050554,0.4535393452809966,0.7579691398528697,0.3760915349813,491.465,594.079,515.017,,,,0,Stearoyl-CoA Desaturase Inhibitor,SCD
1713,NCGC00023722-16,Floxuridine,0.529292092619789,0.7619059335134565,0.658624846699153,0.1673454976467576,516.233,584.11,496.947,,0.071295,,1,Pyrimidine Antagonist,TYMS
1714,NCGC00263192-04,Silmitasertib,0.5293589036929078,0.7701479668391146,0.5165791495767647,0.30134959466284444,516.895,569.856,508.547,21.928869,,46.1,2,Casein Kinase 2 Inhibitor,CSNK2A1
1715,NCGC00018100-16,Fasudil hydrochloride,0.5294174583681829,0.5820876747181803,0.41431501713184116,0.5918496832545272,501.79,559.594,533.694,,,,0,ROCK Inhibitor,ROCK1
1716,NCGC00179578-11,Mometasone furoate,0.5313616176611077,-0.4295160892944109,0.9022271384177422,1.1213738038599919,420.538,608.555,579.532,,46.1,,1,Corticosteroid,
1717,NCGC00262603-12,Idelalisib,0.5326442497700945,0.3445378320391044,0.6396309433235896,0.6137639739475896,482.71,582.204,535.591,46.1,,,1,PI3Kdelta Inhibitor,PIK3CD
1718,NCGC00509913-01,LF3,0.533591333772413,0.48132819480194544,0.6516192254646199,0.4678265810506735,493.697,583.407,522.958,,7.315802,46.1,2,Antagonist of the beta-Catenin/TCF4 interaction,
1719,NCGC00386231-04,Evacetrapib (LY2484595),0.5336988680737611,0.42077041520073905,0.6398601457252887,0.5404660432952557,488.833,582.227,529.246,0.028807,0.079927,,2,Cholesteryl Ester Transfer Protein (CETP) Inhibitor,CETP
1720,NCGC00509939-01,IPI-549,0.533783378344482,0.692197255884519,0.8937865108421381,0.01536636830678896,510.634,607.708,483.791,,7.957786,23.0,2,PI3Kgamma Inhibitor,PIK3CG
1721,NCGC00093684-06,BETAMETHASONE,0.5341720285332936,0.2777300513359641,0.5344370062656466,0.79034902799827,477.344,571.648,550.877,0.001503,,,1,,
1722,NCGC00390283-03,Vesatolimod,0.5342977793792166,1.029585263576356,-0.11864035874878524,0.691948433310079,537.733,506.113,542.359,,,44.609621,1,Toll-Like Receptor 7 (TLR7) Agonist,TLR7
1723,NCGC00481107-02,NVS-CECR2-1,0.5348880339289172,0.43462748935701845,0.6155347951797748,0.5545018172499583,489.946,579.786,530.461,,,,0,CECR2 Inhibitor,CECR2
1724,NCGC00178852-04,Tobramycin,0.5361888119656726,0.3880512859260734,0.6094659141956634,0.6110492357752808,486.205,579.177,535.356,,,,0,30S Ribosomal Protein Inhibitor,
1725,NCGC00015623-11,Proglumide,0.5363477834262074,0.6040373797833378,0.5209140645654168,0.4840919059298676,503.553,570.291,524.366,0.001165,0.671651,,2,Cholecystokinin B receptor Antagonist,
1726,NCGC00386324-08,LDN-212854,0.5370575234747386,0.7354368053407254,0.48610519547263514,0.3896305696108553,514.107,566.798,516.189,,24.384762,,1,ALK2 Inhibitor,ACVR1
1727,NCGC00018302-12,Trichlormethiazide,0.5372990134190845,0.27499100702834417,0.7239276005396896,0.6129784326892196,477.124,590.663,535.523,,,,0,Diuretic,
1728,NCGC00159510-16,Aripiprazole,0.5399804276132949,0.16100941322714168,0.7479340607871874,0.7109978088255555,467.969,593.072,544.008,,,11.092756,1,5-HT1A/2A Antagonist,HTR2A
1729,NCGC00018172-18,Indapamide,0.5403308009767064,0.4107480030751281,0.6463276395819205,0.5639167602730706,488.028,582.876,531.276,,,,0,Carbonic Anhydrase Type VII Inhibitor,CA7
1730,NCGC00386224-06,Icotinib hydrochloride,0.5414577989125083,0.08598449960114007,0.8033512153892363,0.7350376817471486,461.943,598.633,546.089,46.1,,,1,EGFR Inhibitor,EGFR
1731,NCGC00246387-08,Arbidol,0.541945213729753,0.2615323393168093,0.8156583878282816,0.5486449140441683,476.043,599.868,529.954,,33.95825,0.001005,2,antiinfluenza drug,
1732,NCGC00390672-01,Seviteronel,0.5422296786989359,0.46367380921919227,0.5866453272439109,0.5763698996337044,492.279,576.887,532.354,46.1,25.306202,46.1,3,Cytochrome P450 CYP17A1 Inhibitor,CYP17A1
1733,NCGC00015675-22,Milrinone,0.5423304064412487,0.9534273816231119,-0.028793017282849047,0.7023568549834832,531.616,515.129,543.26,,,,0,Phosphodiesterase III (PDE3) Inhibitor,PDE3A
1734,NCGC00249759-02,NCGC00249759,0.5433177786299636,1.0921973264082778,0.6814155376854661,-0.14365952820385333,542.762,586.397,470.025,0.001275,46.1,,2,Phosphodiesterase IIII (PDE4) Inhibitor,PDE4A
1735,NCGC00090774-12,Nitazoxanide,0.543334133268022,-0.7659827820827768,1.158674729953279,1.237310451933564,393.513,634.289,589.568,0.085215,17.136604,,2,antiprotozoal agent,
1736,NCGC00384304-02,EPZ011989,0.5433451947589862,1.0068138452189126,-0.1749942536012548,0.798215992659301,535.904,500.458,551.558,,,,0,Histone-lysine N-methyltransferase EZH2 Inhibitor,
1737,NCGC00351593-05,GDC-0623,0.5436014511376348,0.06982413818617988,0.7977208085648952,0.7632594066618293,460.645,598.068,548.532,24.334389,,,1,MEK Inhibitor,MAP2K1
1738,NCGC00346630-05,MP-10,0.543820922842353,0.5032405492629083,0.7916618929025966,0.33656032636155414,495.457,597.46,511.595,,,39.102996,1,Phosphodiesterase PDE10A Inhibitor,PDE10A
1739,NCGC00165740-14,Benazepril,0.5438292265097073,0.457884465568995,0.7348994198557939,0.4387037941043331,491.814,591.764,520.437,,,,0,Angiotensin-I Converting Enzyme Inhibitor,ACE
1740,NCGC00346443-01,Rupintrivir,0.5442078690620495,0.9341918204627785,0.04646509304886685,0.6519666936745034,530.071,522.681,538.898,,,,0,HRV 3C Protease Inhibitor,
1741,NCGC00091062-09,5-Hydroxytryptophan,0.5443688326138285,0.348945203334094,0.3093602477974089,0.9748010467099827,483.064,549.062,566.844,,0.001112,,1,Serotonin modulator,
1742,NCGC00263108-02,Vorapaxar,0.5454629026449187,1.019251596415789,-0.07068723018466755,0.6878243417036347,536.903,510.925,542.002,,,44.532376,1,PAR1 Antagonist,PAR1
1743,NCGC00263206-04,AMG-47a,0.5455439087077465,0.327842111964019,0.5763511498110913,0.7324384643481293,481.369,575.854,545.864,,,33.734555,1,Lck Kinase Inhibitor,LCK
1744,NCGC00017352-22,Resveratrol,0.5456786020794437,0.34161203471051044,0.5540786555590539,0.7413451159687671,482.475,573.619,546.635,,,,0,Cyclooxygenase-2 Inhibitor,PTGS2
1745,NCGC00015520-13,Hydroxyurea,0.5465935444070703,0.591873533017224,0.7176195518320653,0.3302875483719217,502.576,590.03,511.052,,0.006394,,1,Ribonucleoside-Diphosphate Reductase Inhibitor,RRM1
1746,NCGC00016306-09,D-Cycloserine,0.5479980589373153,0.9716420262687869,-0.2123542450781621,0.8847063956213214,533.079,496.709,559.045,,,,0,,GRIN2A
1747,NCGC00165875-04,PB-28,0.5483420346808378,0.5755139683798912,0.7987870979988851,0.27072503766373696,501.262,598.175,505.896,,46.1,38.165352,2,sigma1/2 Receptor Agonist,SIGMAR1
1748,NCGC00510235-01,H3B-6527,0.5487103540432293,1.0180563770815547,0.4818001764494224,0.14627450859871072,536.807,566.366,495.123,0.001279,,,1,,
1749,NCGC00186628-01,Butylscopolamine bromide,0.5504295287683374,-0.4552880061888388,1.1150365857341868,0.991540006759664,418.468,629.91,568.293,0.203539,,,1,Muscarinic acetylcholine receptor Antagonist,CHRM1
1750,NCGC00093985-19,Metolazone,0.5509716485717228,0.49797411407143816,0.8087922810991293,0.34614855054460086,495.034,599.179,512.425,,,,0,Carbonic Anhydrase Type VII Inhibitor,CA7
1751,NCGC00378599-01,Encorafenib,0.5513964057577794,0.5269706331280193,0.4766381397502923,0.6505804443950266,497.363,565.848,538.778,0.001854,,8.623108,2,Raf Kinase Inhibitor B (V600E Mutant),BRAF
1752,NCGC00389621-01,Tivantinib (ARQ 197),0.5533133586712976,0.48633317576405155,0.9301101088504938,0.24349679139934732,494.099,611.353,503.539,,9.310402,0.849698,2,HGFR (MET; c-Met) Inhibitor,
1753,NCGC00263229-03,GSK-837149A,0.5538113683621164,0.5522569921679147,0.4791593661689797,0.630017746749455,499.394,566.101,536.998,0.001179,,,1,Fatty Acid Synthase (FAS) Inhibitor,FAS
1754,NCGC00017112-14,Ciclopirox,0.5545626265950003,0.6167490354109761,0.5173664099999905,0.5295724343740343,504.574,569.935,528.303,,,,0,Antifungal Agent,
1755,NCGC00346622-03,Fostamatinib,0.5552057066571965,0.6047594914644376,0.7197919919872984,0.34106563651985344,503.611,590.248,511.985,38.74171,46.1,26.420013,3,Syk Kinase Inhibitor,SYK
1756,NCGC00351598-04,WHI-P154,0.55541912969569,0.2949984806753707,0.8414785366457428,0.5297803717659563,478.731,602.459,528.321,,11.205201,,1,EGFR Inhibitor,EGFR
1757,NCGC00508901-01,GLPG-0974,0.5555424563677515,0.4363829677541747,0.6543596889631924,0.5758847123858872,490.087,583.682,532.312,0.001929,4.276794,46.1,3,Free Fatty Acid Receptor 2 (FFAR2; GPR43) Antagonist,FFAR2
1758,NCGC00387877-01,Voruciclib,0.5560537453498499,0.2738331382983044,0.7500666396551671,0.6442614580960782,477.031,593.286,538.231,,,22.160508,1,CDK1/2/4/9 Inhibitor,CDK1
1759,NCGC00242487-08,NCGC00242487,0.5570747148955837,0.5600508182432341,0.5331514797517705,0.5780218466917466,500.02,571.519,532.497,,,,0,ERK Inhibitor,MAPK7
1760,NCGC00263237-09,JZL-184,0.5578087799133441,0.49798656427283683,0.5640439773720459,0.6113957980951497,495.035,574.619,535.386,,,,0,Monoacylglycerol lipase (MAGL) Inhibitor,MGLL
1761,NCGC00510440-02,CPI-4203,0.5582718157624968,1.1811664656003475,-0.3082405715627714,0.8018895532499143,549.908,487.087,551.876,,,,0,Selective Inhibitor of KDM5 demethylases (H3K4 specific),KDM5A
1762,NCGC00346947-02,PDPK1 Inhibitor,0.5602029145013462,1.130992153965302,-0.01896720997523902,0.5685837995139756,545.878,516.115,531.68,,45.767359,44.544113,2,Phosphoinositide Dependent Kinase Inhibitor,PDPK1
1763,NCGC00015871-04,Quinidine,0.560219405777753,0.6689900804781351,0.7683330745383823,0.24333506231674157,508.77,595.119,503.525,,,,0,antimalarial agents; Cytochrome P450 CYP2D6 Inhibitor,CYP2D6
1764,NCGC00509997-02,GLPG-0187,0.5628543811533405,1.2294234462200588,-0.770222925491268,1.2293626227312306,553.784,440.728,588.88,,,,0,Integrin Receptor Antagonist,
1765,NCGC00387725-02,A-1210477,0.565025178437912,0.7771947808305383,0.619869710168427,0.29801104431477077,517.461,580.221,508.258,,,0.009591,1,Mcl-1 Inhibitor,MCL1
1766,NCGC00386681-01,PF-4693627,0.5650408012614347,0.3546100449703087,0.7677351552296021,0.5727772035843934,483.519,595.059,532.043,,40.734456,,1,Microsomal Prostaglandin E2 Synthase-1 (mPGES-1) Inhibitor,PTGES
1767,NCGC00186028-04,Levetiracetam,0.5659359938201595,0.9567142347922565,0.020345984577013837,0.720747762091208,531.88,520.06,544.852,,,,0,N-Type Calcium Channel (Ca(v) 2.2) Blocker,
1768,NCGC00506868-01,PF-06273340,0.5668001025603955,0.9614826619277961,0.576909207832618,0.16200843792077219,532.263,575.91,496.485,0.001784,0.003969,,2,Trk A/B/C Inhibitor,NTRK1
1769,NCGC00094381-09,Semaxanib,0.5684273300804245,0.7213929781634728,0.4075884249080709,0.5763005871697297,512.979,558.919,532.348,,,,0,Flt3 Inhibitor,FLT3
1770,NCGC00346891-02,Pyroxamide,0.5703165645855868,0.42378336393912097,0.703518621466682,0.5836477083509574,489.075,588.615,532.984,,,,0,HDAC Inhibitor,HDAC1
1771,NCGC00181754-07,Deferasirox,0.5716485601029186,0.20869368458253243,0.7144705101391606,0.7917814855870628,471.799,589.714,551.001,,,,0,Iron Chelator,
1772,NCGC00015061-27,Aciclovir,0.5717127143244791,-0.4378328238284583,0.9798669606627635,1.1731040061391322,419.87,616.346,584.01,,,,0,DNA Polymerase Inhibitor,
1773,NCGC00509914-01,NMS-P118,0.5723147522248897,1.0673591746187219,-0.3354857613994914,0.9850708434554385,540.767,484.353,567.733,,0.245867,,1,PARP Inhibitor,PARP1
1774,NCGC00507869-01,LY-3314814,0.5724631544042865,0.403912842507475,0.7391745429135672,0.5743020777918173,487.479,592.193,532.175,,0.008573,,1,beta-Secretase Inhibitor,BACE1
1775,NCGC00160217-03,Sophocarpine,0.5725505216623017,1.0699986173151559,-0.08799699417383491,0.7356499418455841,540.979,509.188,546.142,,,,0,HERG Inhibitor,KCNH2
1776,NCGC00095135-12,Almotriptan,0.5729865201720115,0.43345717042558,0.9356109664912656,0.3498914235991889,489.852,611.905,512.749,,0.022939,,1,5-HT1B Agonist,HTR1B
1777,NCGC00346738-05,Pregabalin,0.5734422945407228,0.23520016335945884,0.7675557794369691,0.7175709408257407,473.928,595.041,544.577,46.1,,,1,L-type Ca2+ channel Blocker,
1778,NCGC00015958-18,SP-600125,0.574353701438614,0.4861464227430776,0.6871954243370008,0.5497192572357635,494.084,586.977,530.047,0.689241,,,1,SAPK1 (JNK) Inhibitor,MAPK8
1779,NCGC00510263-01,GS-9901,0.5749156246681454,0.6961190693249754,0.5200570468894993,0.5085707577899616,510.949,570.205,526.485,0.002019,39.617347,46.1,3,PI3Kdelta Inhibitor,PIK3CD
1780,NCGC00386432-02,BLZ-945,0.5751665647684279,0.32494121503822104,0.6486894208516004,0.751869058415462,481.136,583.113,547.546,,,22.445631,1,CSF1R (c-FMS) Inhibitor,CSF1R
1781,NCGC00347935-08,AGI-6780,0.5758368162454827,0.8716046580336526,0.49412727953209323,0.3617785111707021,525.044,567.603,513.778,0.002268,46.1,,2,Mutant IDH2 Inhibitor,IDH2
1782,NCGC00015977-06,SKF-89976A,0.5771271829474761,1.0554443318805717,0.01731652674586453,0.6586206902159921,539.81,519.756,539.474,,,,0,GAT-1 Inhibitor,SLC6A1
1783,NCGC00346468-03,17 alpha-propionate,0.577449571286624,0.657909401233671,0.6635875769620224,0.41085173566417854,507.88,584.608,518.026,,,,0,Androgen Receptor Antagonist,AR
1784,NCGC00485941-02,CGP-74588 (N-Desmethyl imatinib),0.5774646971561509,0.5077599723704819,0.8159772781262965,0.4086568409716743,495.82,599.9,517.836,,,,0,LRRK2 Inhibitor,LRRK2
1785,NCGC00142624-06,Lactulose,0.5775349870752868,0.6546598986687219,0.5078594929903967,0.5700855695667421,507.619,568.981,531.81,,,,0,Synthetic sugar,
1786,NCGC00095161-10,Rebamipide,0.5782692799045639,0.8169109232910329,0.912800344861327,0.005096571561331864,520.651,609.616,482.902,,0.027978,,1,Free Radical Scavenger,
1787,NCGC00346701-09,Laquinimod,0.5788023704902794,0.4260991013992005,0.4738777456080942,0.8364302644635436,489.261,565.571,554.866,,,,0,Immunomodulators,
1788,NCGC00510267-01,PF-06821497,0.5802225155008911,0.5150059895842775,0.603118004200787,0.622543552717609,496.402,578.54,536.351,,,46.1,1,EZH2 Inhibitor,EZH2
1789,NCGC00015887-06,Ritodrine hydrochloride,0.5820108186303072,0.8520204912341672,0.7344410150523957,0.15957094960435875,523.471,591.718,496.274,0.0147,,,1,beta2-Adrenoceptor Agonist,ADRB2
1790,NCGC00253760-02,Albendazole oxide,0.5835097383784191,0.5907156642871843,0.7665094206466048,0.3933041302014685,502.483,594.936,516.507,,,30.058613,1,antiparasitic agent,
1791,NCGC00246966-11,Flubendazole,0.5835937513301745,1.4250659109925434,0.5607055945646933,-0.23499025156671316,569.498,574.284,462.119,0.00176,,0.590265,2,antiparasitic agent,
1792,NCGC00182851-05,Meprednisone,0.584182654578325,0.6912883911824445,0.9932503878576113,0.06800918469491904,510.561,617.689,488.348,,0.005691,,1,Glucocorticoid steroid,NRC31
1793,NCGC00092344-05,GW-0742,0.5843738029483312,1.0436913417606013,-0.24925583175167185,0.9586858988360643,538.866,493.006,565.449,,,,0,PPARgamma Agonist,PPARG
1794,NCGC00025207-15,HA-14-1,0.5853058644290952,-0.32396328183984047,1.0766501661105419,1.0032307090165842,429.016,626.058,569.305,0.174694,0.010547,,2,Bcl-2 Inhibitor,BCL2
1795,NCGC00483168-02,EPZ-015866,0.5858345105674932,0.9273940104993201,0.17389166307159495,0.6562178581315647,529.525,535.468,539.266,0.001007,,,1,PRMT5 Inhibitor,PRMT5
1796,NCGC00346608-02,Astragaloside A,0.586439211302402,0.998273007059696,0.010839067567419947,0.7502055592800899,535.218,519.106,547.402,,0.013566,,1,treatment of degenerative bone diseases,
1797,NCGC00421916-03,PF-05175157,0.5869397339217366,0.14787445075196212,0.6297453440851019,0.9831994069281458,466.914,581.212,567.571,,38.411353,,1,Acetyl-CoA Carboxylase Inhibitor,ACC
1798,NCGC00390788-02,Tirapazamine,0.5870419389859509,0.23237396764205087,0.9867031714264763,0.5420486778893256,473.701,617.032,529.383,,,46.1,1,DNA-Damaging Drugs,
1799,NCGC00508850-01,L-778123,0.5876280524141868,0.803402454773906,0.594029630707339,0.3654520717613153,519.566,577.628,514.096,0.001305,26.107154,10.17808,3,Farnesyltransferase Inhibitor,COX10
1800,NCGC00242597-02,Saxagliptin,0.5879300672583647,0.5626778107382702,0.7996640463184291,0.4014483447183949,500.231,598.263,517.212,,,,0,DPP-IV Inhibitor,DPP4
1801,NCGC00370784-05,Resiquimod,0.5881591148144412,0.6843909796078008,0.43992589419123,0.6401604706442925,510.007,562.164,537.876,0.002095,,46.1,2,Toll-Like Receptor 7 (TLR7) Agonist,TLR7
1802,NCGC00507838-01,Naquotinib mesylate,0.5885447134591918,0.8170354253050155,0.4119333052185358,0.5366654098540241,520.661,559.355,528.917,,,,0,EGFR (Thr790Met Mutant) Inhibitor,EGFR
1803,NCGC00356073-13,RVX-208,0.5891452451920747,0.9578721035222956,0.1351165958972434,0.6744470361566852,531.973,531.577,540.844,,,,0,Brd4 Inhibitor,BRD4
1804,NCGC00508861-01,GSK-2981278,0.5892952956993501,0.13991877205846467,0.6804289708259794,0.9475381442136063,466.275,586.298,564.484,,,46.1,1,ROR-gamma Inverse Agonist,RORC
1805,NCGC00510682-01,GSK-2250665A,0.589568476976016,-0.36848520204006996,1.016070974809364,1.121119658158754,425.44,619.979,579.51,1.017157,,30.638751,2,ITK Inhibitor,ITK
1806,NCGC00242489-02,LG-100268,0.593607806653191,0.6133252300264502,0.7989963697569586,0.3685018201761643,504.299,598.196,514.36,,,,0,RXR Agonist,RXRA
1807,NCGC00161630-03,Novobiocin sodium,0.5937464488745848,1.000265039283421,0.13104077927572974,0.6499335280646037,535.378,531.168,538.722,,,,0,Heat Shock Protein 90 (hsp90) Inhibitor,HSP90AB1
1808,NCGC00350264-01,PRP003-062,0.5938839618066175,0.7152799292769202,0.9681078809234334,0.09826407521949894,512.488,615.166,490.967,,,,0,GPR91 Inhibitor,SUCNR1
1809,NCGC00241411-01,NCGC00241411,0.5947935635263201,0.6345528234105086,0.656552059762051,0.49327580740640065,506.004,583.902,525.161,0.007098,,,1,IRAK Inhibitor,IRAK1
1810,NCGC00345793-01,EMD-1214063,0.5961005429567053,0.2417614194963493,0.77392362007547,0.7726165892982968,474.455,595.68,549.342,,,10.271684,1,HGFR Inhibitor,MET
1811,NCGC00345855-06,Filgotinib,0.596302159309371,0.5216419469295579,0.6599004078912164,0.6073641231073389,496.935,584.238,535.037,,,28.925372,1,Jak1/2 Inhibitor,JAK1
1812,NCGC00420895-01,PU-WS-13,0.596343568461576,0.7022819190171212,0.5393399445976383,0.5474088417699685,511.444,572.14,529.847,0.001323,20.96227,46.1,3,Heat Shock Protein 90 (hsp90) Inhibitor,HSP90AB1
1813,NCGC00346521-01,Risedronate sodium,0.5964333823733028,0.6536265319526647,0.5491956478706878,0.5864779672965558,507.536,573.129,533.229,,,,0,Farnesyl Pyrophosphate Synthase Inhibitor,FDPS
1814,NCGC00162073-12,H-89,0.5966979001042713,0.26232915220629915,0.7674162649315871,0.7603482831749274,476.107,595.027,548.28,,25.594098,,1,AKT Inhibitor,AKT1
1815,NCGC00346959-11,HMSL10038,0.5982536951954903,0.37748106493893857,0.7003097878428985,0.7169702328046339,485.356,588.293,544.525,0.001836,0.001629,0.004524,3,Lck Kinase Inhibitor,LCK
1816,NCGC00168853-03,Lupeol,0.5996161276643347,0.36490636152668154,0.640358411815939,0.7935836096503834,484.346,582.277,551.157,,,,0,Steroid,
1817,NCGC00480922-01,SKLB4771,0.6000633466460015,0.8250284546027082,0.6450819743552965,0.3300796109799999,521.303,582.751,511.034,0.001632,,,1,Flt3 Inhibitor,FLT3
1818,NCGC00016388-04,Noscapine,0.6001744090499403,0.4765846680692025,0.8979420500381561,0.4259965090424625,493.316,608.125,519.337,,,,0,Tubulin Polymerization Inhibitor,TUBB
1819,NCGC00346711-02,Galeterone,0.6002626372665386,1.0617441337880997,-0.023441639469271993,0.762485417480788,540.316,515.666,548.465,,,,0,Selective Androgen Receptor Modulators (SARM),AR
1820,NCGC00509909-01,Avadomide,0.6007745733708947,-0.43218043239364157,1.1680720284229302,1.0664321240833954,420.324,635.232,574.776,0.142507,,,1,TNF-alpha Production Inhibitor,TNF
1821,NCGC00094358-38,Isotretinoin,0.6022478828737929,0.44477440349661207,0.6724467480537724,0.6895224970709943,490.761,585.497,542.149,,,0.005805,1,Retinoid RAR Agonist,RARB
1822,NCGC00179501-09,Aurantiamarin (Methyl Hesperidin),0.6023588588910092,0.3105238818190191,0.7516610911452466,0.744891603708762,479.978,593.446,546.942,,,,0,Free Radical Scavenger,
1823,NCGC00181336-01,2-Fluoroadenosine,0.6026061986805109,0.9053073532187813,0.5856587603844254,0.31685248243832603,527.751,576.788,509.889,0.798014,0.001738,,2,Purine-Nucleoside Phosphorylase Inhibitor,PNP
1824,NCGC00344513-02,J113397,0.603078931669656,0.26037447058676955,0.8417575656565067,0.7071047587656918,475.95,602.487,543.671,,0.327441,46.1,2,"ORL1 (OP4, NOP) Antagonist",OPRL1
1825,NCGC00486932-01,TM-5275,0.6034506697403733,1.0575982167224733,0.11311316533415731,0.6396406271644892,539.983,529.369,537.831,0.001116,,,1,PAI Inhibitor,SERPINE1
1826,NCGC00346537-04,LY-2228820,0.6042148567722279,0.33388045964218155,0.6631391374804382,0.815624973194064,481.854,584.563,553.065,46.1,,,1,p38 MAPK Inhibitor,MAPK14
1827,NCGC00343768-05,Rabusertib,0.6045187738450455,0.3853993930282414,0.9492634573750647,0.47889347113183056,485.992,613.275,523.916,,24.576855,,1,Chk1 Inhibitor,CHEK1
1828,NCGC00094580-10,Allopurinol,0.6055854426588454,0.8311415034892609,0.12722406102135342,0.858390763465922,521.794,530.785,556.767,,,,0,Xanthine Oxidase Inhibitor,XDH
1829,NCGC00160519-13,Acipimox,0.6075047220145892,0.720683316683771,0.6043038774965334,0.4975269718634633,512.922,578.659,525.529,0.001309,,,1,Niacin deravitive,
1830,NCGC00183362-01,Pentagastrin,0.6080730713263934,0.4952724203680128,0.6056691265849138,0.7232776670262537,494.817,578.796,545.071,,,,0,CCK2 receptor Agonist,CCK2
1831,NCGC00164626-07,Tiagabine hydrochloride,0.6081744544782335,0.4079342575591181,0.7449145682778507,0.6716745375977315,487.802,592.769,540.604,,,,0,GAT-1 Inhibitor,SLC6A1
1832,NCGC00090749-19,Diethylstilbestrol,0.6084061907320919,0.7589676859834639,0.6677829774452925,0.3984679087675195,515.997,585.029,516.954,,,23.31049,1,Estrogen Receptor (ER) Agonist,ESR1
1833,NCGC00263118-02,Lirimilast,0.6089237460353238,0.7516594177626769,0.4985917437043146,0.5765200766389802,515.41,568.051,532.367,16.943106,,,1,Phosphodiesterase IIII (PDE4) Inhibitor,PDE4A
1834,NCGC00370768-04,Tolimidone,0.6091462117165727,1.0471898483535171,-0.1874708365111209,0.9677196233073216,539.147,499.206,566.231,,0.06413,,1,Lyn Kinase Activator,LYN
1835,NCGC00016023-19,Theobromine,0.6092478748490908,1.1015100770541877,-0.33722969271676506,1.0634632402098498,543.51,484.178,574.519,,0.133071,,1,Phosphodiesterase Inhibitor,PDE4A
1836,NCGC00015365-22,Daidzein,0.6092888230685605,-0.25780291160941077,1.1360634147596,0.9496059660554922,434.33,632.02,564.663,0.04913,0.001479,,2,Estrogen Receptor (ER) beta Agonist,ESR1
1837,NCGC00484808-01,CPI-703,0.6106917982724565,1.198870651988694,-0.3819939183007254,1.0151986611294008,551.33,479.686,570.341,,0.116699,,1,CBP/p300 Inhibitor,EP300
1838,NCGC00510350-01,MPT-0B098,0.612618302449042,1.5081461049232283,0.44885482253567044,-0.11914602011177251,576.171,563.06,472.147,0.001757,6.385245,0.562567,3,Tubulin polymerization Inhibitor,TUBB
1839,NCGC00480777-01,Rolapitant,0.6131264358868125,1.1862461477708437,0.48004627981033654,0.17308688007925732,550.316,566.19,497.444,,,,0,Tachykinin NK1 Antagonist,TACR1
1840,NCGC00166281-02,,0.6137454955092938,0.5674711382766058,0.8330977010010175,0.440667647250258,500.616,601.618,520.607,,,,0,,
1841,NCGC00178318-05,Mesna,0.6139167433204593,1.0479866612430062,-0.003112382970768646,0.7968759516891404,539.211,517.706,551.442,,,,0,Antineoplastic Enhancing Agents,
1842,NCGC00509904-02,RO-5126766,0.6144309935686879,-0.18052451153032167,0.9271304776284094,1.096687014607976,440.537,611.054,577.395,,,17.390427,1,Raf kinase B/C Inhibitor,BRAF
1843,NCGC00346691-07,Canagliflozin,0.6149194514948436,0.7244059269018547,0.6755260324939877,0.44482639508868843,513.221,585.806,520.967,,,,0,SGLT-2 Inhibitor,SCL5A2
1844,NCGC00189144-02,UNC-0646,0.6149611584723309,0.9860967100921842,0.43867026364279327,0.4201165016820151,534.24,562.038,518.828,0.002522,46.1,,2,EHMT2 Inhibitor,EHMT2
1845,NCGC00386226-04,Pralatrexate ,0.6160672898585393,1.2051829040976185,-0.0898007174219863,0.7328196828999857,551.837,509.007,545.897,,,,0,Dihydrofolate Reductase (DHFR) Inhibitors,
1846,NCGC00263148-07,Abiraterone,0.6171251511542506,0.8369059467366614,0.7022031989873664,0.3122663077387238,522.257,588.483,509.492,,,,0,Androgen Biosynthesis Inhibitor,AR
1847,NCGC00480919-01,GSK-503?EZH2 inhibitor,0.6174581331340476,0.45080030097337664,0.6933141319301781,0.708259966498588,491.245,587.591,543.771,,,,0,,
1848,NCGC00090759-05,Cisplatin,0.6178488893840279,0.9083078517557652,0.5755240281006121,0.36971478829570664,527.992,575.771,514.465,0.002906,,,1,DNA Alkylating Agent,
1849,NCGC00345816-01,GM-1489,0.6199457846507374,-0.2712740295223436,1.034516785485212,1.0965945979893437,433.248,621.83,577.387,,,,0,MMP Inhibitor,MMP1
1850,NCGC00370731-05,OXA-01,0.6230791930594051,0.5375533043165528,0.710434554804898,0.6212497200567644,498.213,589.309,536.239,32.408303,,45.874384,2,Serine/threonine-protein kinase mTOR Inhibitor,
1851,NCGC00263179-09,AR-00341677,0.6255680552779248,0.46612649889465235,0.7664894900029782,0.6440881769361437,492.476,594.934,538.216,,,,0,Raf kinase B Inhibitor,BRAF
1852,NCGC00015790-18,PD-098059,0.6257144238855135,0.6733352007661334,0.723170236081902,0.4806378348085049,509.119,590.587,524.067,,19.810909,21.24863,2,Mek 2 inibitor,MAP2K1
1853,NCGC00484800-01,FX-9847,0.6258028372885563,-0.38983729743811024,1.3473979944477217,0.9198478148560575,423.725,653.227,562.087,,,29.641371,1,DYRK Inhibitor,DYRK1A
1854,NCGC00095460-08,Hematoxylin,0.6259044726007201,1.1292242253667464,0.23653367598806332,0.5119555164473508,545.736,541.754,526.778,,,,0,Iron Chelator,
1855,NCGC00378933-01,Pradigastat,0.6273242027317756,0.6154666646669538,0.6196106118012896,0.6468953317270834,504.471,580.195,538.459,0.001484,,,1,Diacylglycerol Acyltransferase Type 1 (DGAT-1) Inhibitor,DGAT1
1856,NCGC00481574-01,GSK-503,0.6285003936041051,0.4395453189093366,0.7140718972666402,0.7318839646363386,490.341,589.674,545.816,,,,0,EZH2 Inhibitor,EZH2
1857,NCGC00163381-01,KN-62,0.6288386772056498,-0.28767094476387106,1.0887978934005795,1.0853890829802408,431.931,627.277,576.417,0.290633,,46.1,2,CaMK-II Inhibitor,CAMKK2
1858,NCGC00181304-01,Imexon,0.6298787139779999,0.19329278545286743,0.7365138019894989,0.9598295544916332,470.562,591.926,565.548,0.001792,,0.001541,2,Ribonucleoside-Diphosphate Reductase Inhibitor,RRM1
1859,NCGC00182965-11,Biperiden,0.6299693344196505,0.8320254677885386,0.6380663877989506,0.41981614767146236,521.865,582.047,518.802,0.00129,,,1,Anticholinergic,
1860,NCGC00242217-09,GW-843682X,0.6303563936721077,0.7482480625795497,0.8740252776869755,0.2687958407497981,515.136,605.725,505.729,,,0.566536,1,Polo-like Kinase-1 (Plk-1) Inhibitor,PLK1
1861,NCGC00263121-03,MG-149,0.6304669093911373,0.7413008501993127,0.5589317672819807,0.5911681106921183,514.578,574.106,533.635,6.076703,,12.136754,2,Histone acetyltransferase Inhibitor,HAT1
1862,NCGC00165759-02,BAY-41-2272,0.6317840163145069,1.0326355629189332,0.14910790772268415,0.7136085783019034,537.978,532.981,544.234,,,,0,Soluble Guanylate Cyclase (sGC) Activator,GUCY1A2
1863,NCGC00090762-05,Rifabutin,0.6319709113793757,0.4515348628558744,0.891574209399654,0.5528036618825987,491.304,607.486,530.314,,,,0,,PRKDC
1864,NCGC00475735-01,Erdafitinib,0.6319969667405643,0.548111075102289,0.8467601572066294,0.5011196679127743,499.061,602.989,525.84,,,,0,FGFR 1/2/3/4 Inhibitor,FGFR1
1865,NCGC00347303-01,Englerin A,0.6322776306488077,0.45032719332024207,0.7190346275295108,0.7274710710966702,491.207,590.172,545.434,,,,0,PKC Activator,PRKCA
1866,NCGC00181343-04,Ivabradine hydrochloride,0.6327670761968682,0.3867440147792551,0.8287926819778049,0.6827645318335447,486.1,601.186,541.564,,,,0,HCN [I(f)] Blocker,HCN
1867,NCGC00496921-02,GSK-963,0.6329945903173712,1.1653920604287333,-0.25422852733635454,0.9878202378597347,548.641,492.507,567.971,,0.15097,,1,RIP1 kinase Inhibitor,RIPK1
1868,NCGC00522578-01,Etrasimod,0.6331847825232061,0.6385119874551597,0.4959808293893101,0.7650615307251485,506.322,567.789,548.688,,0.001366,0.000988,2,Lysophospholipid edg8 (S1P5) Receptor Agonist,S1PR1
1869,NCGC00263093-04,Apilimod,0.6334690865712462,0.9430439136569517,0.5462459126140417,0.4111174334427452,530.782,572.833,518.049,,,,0,PIKFyve Inhibitor,PIKFYVE
1870,NCGC00182084-01,Clorsulon,0.6353998049310059,0.6265971447170111,0.7145303020700383,0.5650719680059682,505.365,589.72,531.376,0.00186,,,1,antiparasitic agent,
1871,NCGC00482875-01,UNC-2025,0.6362211216909657,0.7244432775060501,0.6710516029999536,0.5131684845668932,513.224,585.357,526.883,,,,0,Flt3 Inhibitor,FLT3
1872,NCGC00246958-03,NSC-207895,0.6373427377360464,-0.3647252412177908,1.1204577208004542,1.156295733625476,425.742,630.454,582.555,0.190343,,,1,MDM4 (MDMX) Inhibitor,MDM4
1873,NCGC00481319-01,AZD-9496 maleate,0.6397852417777805,-0.3158955513337591,0.9619792080084432,1.2732720686586576,429.664,614.551,592.681,0.562092,,,1,Selective Estrogen Receptor Destabilizers (SERD),ESR1
1874,NCGC00346526-03,PHA-680632,0.6399448104384153,-0.36375412550872577,0.9562989745750373,1.3272895822489343,425.82,613.981,597.357,0.030937,21.168085,46.1,3,Aurora-A/B/c Inhibitor,AURKA
1875,NCGC00510779-01,BAY-876,0.640112470988154,0.6355488395223703,0.7040866448100227,0.5807019286320693,506.084,588.672,532.729,,,,0,Orally bioavailable GLUT1 Inhibitor for oncology,GLUT1
1876,NCGC00387801-02,AMG-232,0.6411098473659339,0.47055877059243795,0.6135218001735505,0.8392489713318133,492.832,579.584,555.11,,,,0,MDM2 (hdm2) Inhibitor,MDM2
1877,NCGC00242479-03,Zibotentan,0.6422910192519531,0.8031534507459408,0.8148611620832418,0.30885844492667663,519.546,599.788,509.197,,0.005509,,1,Endothelin ETA Receptor Antagonist,EDNRA
1878,NCGC00346495-14,TGX-221,0.6425021939233183,-0.5089732746181981,1.280530685082546,1.1559491713056071,414.156,646.517,582.525,,,,0,PI3Kbeta Inhibitor,PIK3CB
1879,NCGC00346949-01,ICRF-193,0.6429066983892864,0.412515931673683,0.8704178311906727,0.6457863323035032,488.17,605.363,538.363,,,,0,DNA Topoisomerase II Inhibitor,TOP2A
1880,NCGC00480817-01,FG-2216,0.6443258635135479,0.5373665512955782,0.8557688081255742,0.5398422311194915,498.198,603.893,529.192,,,,0,alpha-Ketoglutarate-Dependent Dioxygenase FTO Inhibitor,HIF2A
1881,NCGC00263127-03,PD-166793,0.6444827370601566,1.15617891139401,-0.030477156669244526,0.8077464564557043,547.901,514.96,552.383,,,,0,MMP13 Inhibitor,MMP13
1882,NCGC00346682-08,PA-824,0.6449163902975453,0.9077973934984368,0.5628680693981124,0.4640837079960867,527.951,574.501,522.634,0.002443,,,1,Nitric Oxide (NO) Donors,
1883,NCGC00371263-02,OICR-9429,0.6459119290503244,0.6563406758574888,0.9159892478414849,0.36540586345199916,507.754,609.936,514.092,,8.653383,,1,Inhibitor of WDR5-MLL interaction.,
1884,NCGC00025346-15,Mirtazapine,0.6471655283774539,0.4847644503878693,0.6066357628007738,0.8500963719437186,493.973,578.893,556.049,,,,0,5-HT2A/3 Antagonist,HTR2A
1885,NCGC00346838-01,Secoisolariciresinol,0.6474420197143951,0.9787012904616086,0.5656882554711893,0.3979365132103874,533.646,574.784,516.908,0.001143,,,1,phenylpropanoid,
1886,NCGC00390699-04,R-1530,0.6478373482498854,1.0358601650810866,0.09855383016537586,0.8090980495031936,538.237,527.908,552.5,,,,0,VEGFR-3 Inhibitor,FLT4
1887,NCGC00378873-04,Reparixin,0.6484261520351391,0.4586439278542894,0.6761040211591411,0.8105305070919866,491.875,585.864,552.624,,,,0,Chemokine CXCR1/CXCR2 (IL-8 Receptor) Receptor Antagonist,CXCR2
1888,NCGC00023193-11,Triamcinolone acetonide,0.6488505932612654,1.1946998345202717,-0.010725888835894645,0.7625778340994189,550.995,516.942,548.473,,,,0,Glucocorticoid steroid,NRC31
1889,NCGC00387089-01,YM-511,0.6491847162580038,-0.5254324408667169,1.143178654534077,1.3298079351066514,412.834,632.734,597.575,,,,0,Aromatase Inhibitor,CYP19A1
1890,NCGC00179649-13,Prednisolone,0.649229825041987,0.5071001116963734,0.7159254471238571,0.7246639163057305,495.767,589.86,545.191,,,,0,Glucocorticoid steroid,NRC31
1891,NCGC00346874-02,PD-134308,0.6497678653308399,0.68764048217275,0.6331933454323971,0.6284697683873725,510.268,581.558,536.864,,,,0,CCK2 (CCKB/Gastrin) Antagonist,CCKB
1892,NCGC00182037-01,Alacepril,0.649863051274693,0.3596897271408048,0.8970152751095483,0.6928841515737261,483.927,608.032,542.44,0.009031,0.004167,0.003364,3,Angiotensin-I Converting Enzyme Inhibitor,ACE
1893,NCGC00344764-12,CPI-613,0.6503810024980459,-0.38717295433887955,1.105938246918925,1.2323777149140922,423.939,628.997,589.141,0.248954,0.007237,,2,altered energy metabolism-directed agent,
1894,NCGC00346696-07,PF-5274857,0.650551571041464,1.002941832584049,0.15859489408865252,0.7901179864516907,535.593,533.933,550.857,,,,0,Smoothened (Smo) receptor Agonist,SMO
1895,NCGC00346475-02,Birinapant,0.6535676077263874,-0.3509926690754941,0.8407211721879563,1.4709743200667003,426.845,602.383,609.795,0.206802,23.488696,,2,IAP Inhibitor,XIAP
1896,NCGC00016407-16,Sulfamethizole,0.6549456342192042,0.5074238169327286,0.7289600880552506,0.7284529976696333,495.793,591.168,545.519,,,,0,Antibacterial,
1897,NCGC00015501-05,Apresoline,0.6554025161221642,0.8743063517370779,0.5013222418810744,0.5905789547483401,525.261,568.325,533.584,,,,0,Smooth Muscle Relaxant,SMO
1898,NCGC00159370-10,Docosanol,0.6558123785152062,1.0325110609049506,0.4404141949600664,0.49451187968060173,537.968,562.213,525.268,,,,0,Anti-Herpes Simplex Virus Drug,
1899,NCGC00507845-01,Netarsudil,0.6558633558787594,0.6462809131276832,0.7257512544314672,0.5955579000771279,506.946,590.846,534.015,,,,0,ROCK Inhibitor,ROCK1
1900,NCGC00025219-10,Purvalanol A,0.6562216113226464,1.1888731402658796,0.7259106995804746,0.053880994121584924,550.527,590.862,487.125,,,,0,CDK1/2/3/4/5 Inhibitor,CDK1
1901,NCGC00263218-08,Teriflunomide,0.6566452420176101,0.5966046095485682,0.8887540233265772,0.4845770931776848,502.956,607.203,524.408,,,,0,DHODH Inhibitor,DHODH
1902,NCGC00183105-01,Lubiprostone,0.6574347850183874,0.48522510783960515,0.809778847958616,0.677300399256941,494.01,599.278,541.091,,,,0,ClC-2 Channel Activator,CLCN2
1903,NCGC00159418-07,Tegafur,0.657712275611656,0.7135867018867539,0.9333289077960911,0.3262212171521229,512.352,611.676,510.7,0.001844,,,1,Pyrimidine Antagonist,TYMS
1904,NCGC00511386-01,RO8994,0.6578873352397892,0.49796166387004015,0.858678682094967,0.6170216597543604,495.033,604.185,535.873,,,,0,MDM2 (hdm2) Inhibitor,MDM2
1905,NCGC00378600-02,Glasdegib,0.6597793043694968,0.3762858456047042,0.762393742737839,0.8406583247659475,485.26,594.523,555.232,,,,0,Hedgehog Antagonist,SHH
1906,NCGC00167740-02,Costunolide,0.6607846343967966,0.18110403828395696,0.801288393773947,0.9999614711324859,469.583,598.426,569.022,,,,0,Telomerase Inhibitor,TERT
1907,NCGC00346877-07,Batimastat,0.6607926868598979,0.30812099294915235,0.775538002209175,0.8987190654213665,479.785,595.842,560.258,,,,0,Matrix Metalloproteinase Inhibitor,MMP1
1908,NCGC00263157-02,BMS-777607,0.6618764454458511,0.8351131177353113,0.5991219101537777,0.5513943084484645,522.113,578.139,530.192,,,23.500497,1,HGFR Inhibitor,MET
1909,NCGC00346895-01,Amastatin,0.662147536301095,1.1042864719660024,0.11843464718229497,0.7637214897549878,543.733,529.903,548.572,,,,0,cytosolic leucine aminopeptidase Inhibitor,LAP3
1910,NCGC00480794-01,LP-533401,0.6623143459462109,1.1318512178617826,0.013440016560610536,0.8416518034162394,545.947,519.367,555.318,,,,0,Tryptophan Hydroxylase 2 (TPH2) Inhibitor,TPH2
1911,NCGC00015092-11,Aminocaproic acid,0.664675402939274,0.6698366941732182,0.6639861898345428,0.6602033248100608,508.838,584.648,539.611,0.001846,,,1,PAI Inhibitor,SERPINE1
1912,NCGC00346519-04,Teicoplanin,0.6654647063839663,0.45590488354666875,0.7504752178495002,0.7900140177557298,491.655,593.327,550.848,,,,0,glycopeptide antibiotic,
1913,NCGC00249393-08,Apatinib,0.6661696130305506,1.1449114791285722,0.12613784094373803,0.7274595190193415,546.996,530.676,545.433,,,,0,VEGFR-2 Inhibitor,FLT1
1914,NCGC00505919-02,S63845,0.6667390728653013,0.6380637802048218,0.8198737189551771,0.5422797194359049,506.286,600.291,529.403,32.639571,,,1,Mcl-1 Inhibitor,MCL1
1915,NCGC00390734-03,Nedaplatin,0.6677202566440393,0.9358352470473501,0.6365117975961232,0.4308137252886446,530.203,581.891,519.754,,,,0,DNA Crosslinking Agent,
1916,NCGC00229704-02,Raltitrexed,0.6681169888719781,0.5956334938395024,0.8324399897613598,0.5762774830150722,502.878,601.552,532.346,,,,0,thymidylate synthase Inhibitor,TYMS
1917,NCGC00346706-07,VU0357121,0.6687704813665372,0.7366942756819511,0.6802396297115325,0.5893775387061277,514.208,586.279,533.48,16.944605,,,1,mgluR5 allosteric modulator,GRM5
1918,NCGC00241103-11,Masitinib,0.6720571957411632,0.5995179566757641,0.6760940558373284,0.740559574710397,503.19,585.863,546.567,,,,0,FGFR 3 Inhibitor,FGFR3
1919,NCGC00242458-15,Selisistat,0.672163386288257,0.50712501209917,0.7875661456374563,0.7217990011281447,495.769,597.049,544.943,,,,0,Histone Deacetylase SIRT1 Inhibitor,SIRT1
1920,NCGC00167462-06,ACAMPROSATE CALCIUM,0.6730868857626443,1.0764602718408602,-0.2474122472162683,1.190212632663341,541.498,493.191,585.491,0.001395,0.260716,0.001954,3,,
1921,NCGC00246971-04,Polydatin,0.6750615092474197,-0.3005818036138813,1.2152976884946998,1.1104686428614405,430.894,639.971,578.588,0.142183,0.006891,,2,V/ICAM1 Expression Inhibitor,ICAM1
1922,NCGC00016611-11,Bufexamac,0.6760411229493083,-0.14002400638173454,1.1225205424157436,1.0456268328139158,443.79,630.661,572.975,0.152082,,,1,non-steroidal antiinflammatory,
1923,NCGC00379255-03,FRAX-486,0.6760528221748228,0.7805438850066742,0.6146279508947936,0.6329866306230005,517.73,579.695,537.255,,,,0,p21-Activated Kinase 1 (PAK1) Inhibitor,PAK1
1924,NCGC00263210-04,SANT-2,0.6773146755365453,0.2754143138758854,0.9914566299312733,0.7650730828024772,477.158,617.509,548.689,0.792208,,,1,Smoothened (Smo) Receptor Antagonist,SMO
1925,NCGC00250390-10,ISOX,0.6775473398743342,0.2930811496600365,0.7993351906986003,0.940225679264366,478.577,598.23,563.851,,,20.552528,1,HDAC Inhibitor,HDAC6
1926,NCGC00263161-11,PF-04217903,0.6779596434925153,0.5164128623422825,0.8146817862906076,0.7027842818446556,496.515,599.77,543.297,,,,0,HGFR Inhibitor,MET
1927,NCGC00159360-03,Betamethasone dipropionate,0.6807072740043573,0.9031161177726859,0.9493531452713818,0.18965255896900424,527.575,613.284,498.878,,,0.018321,1,Glucocorticoid steroid,NRC31
1928,NCGC00389791-02,Olanzapine (LY-170053),0.6808444065421969,1.2626032329464596,-0.054224518549604875,0.8341545052297359,556.449,512.577,554.669,,,,0,Serotonin 2a (5-HT2a) receptor Antagonist,CYP1A2
1929,NCGC00344564-05,Diosmin,0.6815121271795822,0.5822868779405522,0.6411257415955394,0.8211237620026551,501.806,582.354,553.541,0.00589,,,1,Aryl Hydrocarbon Receptor (AhR) Agonist,AHR
1930,NCGC00263172-10,DCC-2036,0.6816082460311815,0.5122046942696662,0.6292570433162655,0.9033630005076129,496.177,581.163,560.66,0.001482,0.00501,,2,Bcr-Abl Inhibitor,ABL1
1931,NCGC00379091-01,BIX-02565,0.6833621872822999,0.7197620017802978,0.5163399818532528,0.8139845782133492,512.848,569.832,552.923,,37.165877,28.996393,2,p70 ribosomal S6 kinase (S6K1) Inhibitor,RPS6KB2
1932,NCGC00507844-01,BQ-123,0.6859246610370092,0.42039690915879047,0.8608212262847607,0.7765558476674767,488.803,604.4,549.683,,,,0,Endothelin ETA Receptor Antagonist,EDNRA
1933,NCGC00181345-01,Temocapril hydrochloride,0.6861817076491624,0.7223142930669445,0.6622920851263334,0.6739387447542092,513.053,584.478,540.8,,,,0,Angiotensin-I Converting Enzyme Inhibitor,ACE
1934,NCGC00167578-04,Mitiglinide calcium,0.6877794311615655,0.7617689812980759,0.8912951803888901,0.4102741317977304,516.222,607.458,517.976,,,,0,Insulin Secretagogues,
1935,NCGC00168459-04,NCGC00168459-01,0.6880388648545994,0.3311663157373582,1.0571978579315815,0.6757524208948584,481.636,624.106,540.957,3.416095,17.113508,19.294725,3,Phosphodiesterase IIII (PDE4) Inhibitor,PDE4A
1936,NCGC00178500-19,Streptozocin,0.6887707257354257,0.5898815007934998,0.7219046402116526,0.7545260362011248,502.416,590.46,547.776,,,,0,,
1937,NCGC00091835-15,Chlormethine,0.6890992480646,1.1216794033193922,0.152346637311907,0.7932717035625007,545.13,533.306,551.13,0.001446,,,1,DNA Alkylating Agent,
1938,NCGC00015209-16,Cyclophosphamide,0.6911215325298189,0.980045912212623,0.5955144636574748,0.4978042217193587,533.754,577.777,525.553,0.001754,0.002407,,2,Bcl-2 Expression Inhibitor,BCL2
1939,NCGC00091014-06,Hydroxyflutamide,0.6956830426569952,0.6188033186416909,0.8379508127239443,0.6302949966053504,504.739,602.105,537.022,,,,0,Androgen Receptor Antagonist,AR
1940,NCGC00485430-01,PF-06250112,0.6972687696136167,0.3937161275622888,0.8826153850897742,0.815474796188787,486.66,606.587,553.052,,,,0,BTK Inhibitor,BTK
1941,NCGC00183128-03,Ammonium Glycyrrhizinate,0.6976166141706561,1.073086267261927,0.0416817385786305,0.9780818366714109,541.227,522.201,567.128,,,,0,,
1942,NCGC00485933-01,TAK-593,0.6982019680797493,0.6932181723991774,0.8770945968053769,0.5242931350346938,510.716,606.033,527.846,46.1,,27.36804,2,PDGFR Inhibitor,PDGFRB
1943,NCGC00081778-05,SID-7969543,0.6986306575391057,0.6201479403927046,0.8339547186769338,0.6417893135476785,504.847,601.704,538.017,,,,0,SF1 (NR5A1) Receptor Antagonist,NR5A1
1944,NCGC00346963-01,HMSL10083,0.6992297824500908,0.804585223906741,0.8184387126141063,0.4746654108294253,519.661,600.147,523.55,,40.098449,31.817774,2,CSF1R (c-FMS) Inhibitor,CSF1R
1945,NCGC00510504-01,TD-139,0.7000023327457069,0.6450981439948468,0.71486912301168,0.7400397312305937,506.851,589.754,546.522,,,,0,Galectin 3 Inhibitor,
1946,NCGC00509915-01,GSK-6853,0.7003325789171894,0.2926329424096986,1.0317165300557607,0.7766482642861089,478.541,621.549,549.691,0.001057,0.06717,,2,BRPF1 bromodomain Inhibitor,BRPF1
1947,NCGC00159406-15,Noradrenaline bitartrate monohydrate,0.7011792652816471,-0.4236769448386203,1.1759545979770076,1.3512601427065538,421.007,636.023,599.432,0.072289,,,1,alpha/beta-adrenoceptor Agonist,ADRA1A
1948,NCGC00094994-10,MEFLOQUINE,0.7017547420307881,0.5742689482400635,1.0111381405119328,0.519857137340368,501.162,619.484,527.462,,,,0,,
1949,NCGC00188689-09,Asenapine maleate,0.7031383481004896,1.2199363927545743,0.06591740122782724,0.8235612503190674,553.022,524.633,553.752,,,,0,Dopamine D1/D2 Antagonist,DRD1
1950,NCGC00346590-02,Artenimol,0.7039959441568693,0.487254490667524,0.8539650848774222,0.7707682569256615,494.173,603.712,549.182,,,,0,antimalarial agents,PfATP6
1951,NCGC00160527-12,Mosapride citrate,0.7043289548120434,1.2282904778928156,0.20158529238989972,0.6831110941534149,553.693,538.247,541.594,,,,0,5-HT4 Antagonist,HTR4
1952,NCGC00346965-01,HMSL10087,0.7050164638376548,0.6096150700097644,0.8696405360892584,0.6357937854139415,504.001,605.285,537.498,,,,0,FLT4,FLT4
1953,NCGC00501212-01,Peficitinib,0.7058574594475975,0.7904542453196998,0.5771782715215693,0.7499398615015233,518.526,575.937,547.379,,46.1,,1,Jak3,JAK3
1954,NCGC00346932-04,SB-3CT,0.7069877123809745,1.4710445047563705,-0.03910712535929547,0.6890257577458484,573.191,514.094,542.106,46.1,46.1,4.578895,3,MMP2/9 Inhibitor,MMP2
1955,NCGC00378579-06,LCL-161,0.7072754441301877,0.8649188998827788,0.5263750609189364,0.7305323715888479,524.507,570.839,545.699,,,,0,IAP Inhibitor,XIAP
1956,NCGC00346573-02,Sapitinib,0.7075437730200679,0.5761240282484064,0.5365994810990657,1.0099078097127314,501.311,571.865,569.883,0.004592,,12.505822,2,HER2/3 Inhibitor,ERBB2
1957,NCGC00508855-01,Danirixin,0.7084623599211625,1.0532779968372723,0.27302668446724043,0.7990823984589746,539.636,545.416,551.633,,,,0,Chemokine CXCR2 (IL-8 beta Receptor) Antagonist,CXCR2
1958,NCGC00163553-03,Evodiamine,0.7091052753665487,0.6406907726998579,1.1459290833544622,0.34069597004532587,506.497,633.01,511.953,,,3.525478,1,Dietary supplement & part of traditional chinese medicines; alkaloid known to have several pharmacological effects including anti-tumor activity; inducer of apoptosis,
1959,NCGC00016270-13,Levodopa,0.7094648289026896,0.6023441523931722,0.9341659948283819,0.5918843394865148,503.417,611.76,533.697,,,,0,Dopamine Precursors,
1960,NCGC00386139-01,R-Etodolac,0.709692478534531,0.777929342713036,0.8626548454983508,0.488493247392206,517.52,604.584,524.747,,9.158505,,1,Cyclooxygenase-2 Inhibitor,
1961,NCGC00346563-03,Teniposide,0.7109447707544214,0.6665000401984804,0.89559023409029,0.5707440379744937,508.57,607.889,531.867,28.664378,,,1,DNA Topoisomerase II Inhibitor,TOP2A
1962,NCGC00263111-11,GSK-3787,0.7113947199921696,0.806390503109492,0.62074665848797,0.7070469983790469,519.806,580.309,543.666,,,,0,PPARdelta Antagonist,PPARD
1963,NCGC00499248-01,CDK8i-51,0.7118771640330293,0.7755638044473646,0.9544952513268853,0.40557243632483797,517.33,613.8,517.569,0.002462,46.1,,2,,CDK8
1964,NCGC00511383-01,RAF-709,0.7125023092824774,1.072102701351464,0.1685103892925796,0.8968938372033886,541.148,534.928,560.1,46.1,,,1,Raf A/B/C kinase Inhibitor,BRAF
1965,NCGC00186009-04,AS-604850,0.7164376689648869,0.705992079033807,0.8094101310515349,0.6339107968093188,511.742,599.241,537.335,,,,0,PI3K gamma Inhibitor,PIK3CG
1966,NCGC00095042-08,ThioTEPA,0.7164811523365155,0.5065647530362475,0.7196923387691685,0.9231863652041306,495.724,590.238,562.376,,,,0,Cytochrome P450 Oxidase Inhibitor,
1967,NCGC00346808-03,GNF-2,0.7174542716499526,0.4088057716569972,1.10202187544642,0.6415351678464406,487.872,628.604,537.995,,46.1,,1,Bcr-Abl Inhibitor,ABL1
1968,NCGC00015418-11,Ethosuximide,0.7177633080603413,0.5179317869128721,0.8439001098463004,0.7914580274218515,496.637,602.702,550.973,,,82.947695,1,T-Type Calcium Channel Blocker,
1969,NCGC00015870-26,Quercetin,0.718053532090192,0.5507007169931304,0.8825157318716444,0.7209441474058012,499.269,606.577,544.869,,,,0,Flavone,CYP75A12
1970,NCGC00344623-17,UNC-1215,0.7181404048362701,0.4688281925980777,0.8314534229018731,0.8541395990088594,492.693,601.453,556.399,,,,0,L3MBTL3 methyllysine (Kme) reader domain Inhibitor,L3MBTL3
1971,NCGC00346501-04,Bleomycin sulfate,0.7185129291210246,0.6558426678015575,0.9539969852362362,0.5456991343252802,507.714,613.75,529.699,,,,0,glycopeptide antibiotic,
1972,NCGC00242504-01,Cortivazol,0.7199338265083045,0.7206584162809736,0.9003636232387137,0.5387794400052262,512.92,608.368,529.1,,,46.1,1,Glucocorticoid Receptor (GR) Agonist,NRC31
1973,NCGC00481596-01,PLX-647,0.7206585639971553,0.6960319179151874,0.7919010606261084,0.6740427134501702,510.942,597.484,540.809,46.1,,23.001876,2,cKit Inhibitor,KIT
1974,NCGC00481546-01,CPI-169 racemate,0.7222442992447359,0.6683675704082219,0.8679663620246757,0.63039896530131,508.72,605.117,537.031,,,,0,EZH2 Inhibitor,EZH2
1975,NCGC00167356-11,Raltegravir,0.7226925249444677,0.7846773518709012,0.4550731833469777,0.9283270396155241,518.062,563.684,562.821,0.001137,0.002783,0.001385,3,Human immunodeficiency virus type 1 integrase Inhibitor,
1976,NCGC00248196-04,Tempol,0.726421002342962,0.7730364135635138,1.0717571931003629,0.33446940036500955,517.127,625.567,511.414,,,,0,Free Radical Scavenger,
1977,NCGC00386198-07,Dalcetrapib,0.7267328351920539,0.7997794461670076,0.747166731007587,0.6332523284015672,519.275,592.995,537.278,0.003266,,,1,Cholesteryl ester transfer protein Modulator,
1978,NCGC00016599-10,Flucytosine,0.7278494303097955,-0.26812412856858037,1.1500746572286675,1.3015977622692994,433.501,633.426,595.133,0.93735,,,1,Pyrimidine Antagonist,TYMS
1979,NCGC00095322-05,Coenzyme Q10,0.7278520945253324,0.5804691485364047,0.7205294258014593,0.8825577092381333,501.66,590.322,558.859,,4.511555,,1,mitochondrial electron transport,
1980,NCGC00094792-07,Tioguanine,0.7279638239722127,0.694649945559979,0.9037916939423823,0.5854498324142766,510.831,608.712,533.14,,,,0,Purine Antagonist,HPRT1
1981,NCGC00160670-08,Mecarbinate,0.7286157577494341,1.0082829689839097,0.7437585909475438,0.43380571331684875,536.022,592.653,520.013,0.007992,0.22699,0.062109,3,antiinfluenza drug,
1982,NCGC00386698-03,Bafetinib (INNO-406),0.7287741240486438,1.171716762739057,0.6583258870447635,0.3562797223621109,549.149,584.08,513.302,,,,0,Tyrosine-protein kinase Lyn  Inhibitor,
1983,NCGC00347934-09,AGI-5198,0.7303104014859324,0.7921225723070687,0.7469574592495145,0.6518511729012139,518.66,592.974,538.888,,0.001093,,1,Mutant IDH1 Inhibitor,IDH1
1984,NCGC00370842-02,PF-670462,0.7306429955443108,0.3115198979308808,1.0250796257283086,0.855329462973743,480.058,620.883,556.502,41.088461,,40.114632,2,Casein Kinase 1 Inhibitor,CSNK1E
1985,NCGC00166414-05,Pemetrexed,0.7313148435967702,0.8498666063922657,0.7174102800739929,0.626667644324052,523.298,590.009,536.708,0.001455,,,1,Thymidylate synthase Inhibitor,
1986,NCGC00373041-02,Favipiravir,0.73293353260987,0.6318884803112779,0.7476251358109851,0.8192869817073473,505.79,593.041,553.382,,0.006978,,1,RNA-dependant RNA polymeriase,
1987,NCGC00016797-15,Amoxicillin sodium,0.7329959929514207,0.6911265385642672,0.7828625137417243,0.7249989265482707,510.548,596.577,545.22,,,,0,beta-lactam antibiotic,
1988,NCGC00475729-01,BMS-906024,0.733904114688347,0.737192283737883,0.9193176653270237,0.5452023950001342,514.248,610.27,529.656,0.001474,,,1,Notch Signaling Inhibitor,
1989,NCGC00263168-03,PHA-793887,0.7347096217194103,0.7291245532318009,0.5551449449930438,0.9198593669333862,513.6,573.726,562.088,,,0.284379,1,CDK Inhibitor,CDK1
1990,NCGC00346732-02,Hydroxocobalamin,0.7358110670829127,0.49738895460571964,0.7642273619514292,0.9458168846915893,494.987,594.707,564.335,,,,0,Vitamin,
1991,NCGC00015149-25,Bumetanide,0.7379218176198763,0.6255264273967593,0.7748204990386396,0.8134185264242298,505.279,595.77,552.874,,,,0,Loop Diuretics,SLC12A2
1992,NCGC00386712-01,TMP-195,0.7380493608787148,1.277655526436974,0.6674541218254636,0.2690384343737067,557.658,584.996,505.75,0.001409,,,1,HDAC Inhibitor,HDAC9
1993,NCGC00025357-13,Nicorandil,0.7381178863133578,1.3816894093209549,0.8693515417566817,-0.03668729213756297,566.014,605.256,479.285,0.001256,,,1,K(ATP) Channel Activator,
1994,NCGC00389508-01,XL-019,0.739476407153073,0.5768834905337016,0.8248464145398593,0.8166993163856581,501.372,600.79,553.158,,,,0,Jak2 Inhibitor,JAK2
1995,NCGC00510750-02,JPH203,0.7395443989825718,0.4129641389240209,0.5905616987164172,1.2151073593072776,488.206,577.28,587.646,,,,0,LAT1 Inhibitor,SLC7A5
1996,NCGC00476170-03,Ivosidenib,0.7396930917153222,0.38492628537510687,0.9425268998294828,0.8916260899413767,485.954,612.599,559.644,,,,0,IDH1 Inhibitor,IDH1
1997,NCGC00522052-01,CPI-444,0.7413908387784721,0.8098018582926192,0.5126827087478851,0.9016879492949119,520.08,569.465,560.515,0.003811,,,1,Adenosine A2A Antagonist,ADORA2A
1998,NCGC00509936-02,CCT-251545,0.7429448451078203,0.8188656049105624,1.0398382673333497,0.370130663079549,520.808,622.364,514.501,0.001858,,,1,CDK 8/19 Inhibitor,CDK8
1999,NCGC00510501-01,(▒)-BGB-3111,0.74301332025031,0.4545104609900624,0.9544454247178203,0.8200840750430473,491.543,613.795,553.451,25.776662,,,1,,BTK
2000,NCGC00181034-04,Liarozole,0.7439620339500905,0.9780912305930934,1.1506327152501943,0.10316215600698389,533.597,633.482,491.391,,,,0,Cytochrome P450 CYP17A1 Inhibitor,CYP17A1
2001,NCGC00017248-18,Embelin,0.7443787077557135,0.9814403347692293,0.7476649970982361,0.504030791399675,533.866,593.045,526.092,0.001747,,0.003051,2,IAP Inhibitor,XIAP
2002,NCGC00163505-09,Go-6983,0.7458099032362058,0.7327102112345041,0.7598625509973388,0.7448569474767746,513.888,594.269,546.939,,,,0,PKC Inhibitor,PRKCA
2003,NCGC00508865-03,Ezutromid,0.7459102477105526,1.035524009643334,0.8374824425987335,0.36472429088959013,538.21,602.058,514.033,10.808539,1.442416,,2,enhances expression of utrophin,
2004,NCGC00016423-15,(-)-Gossypol,0.7463266674592944,0.9223641291344172,0.7772819335264493,0.5393339397170168,529.121,596.017,529.148,,,,0,Bcl-xl Inhibitor,BCL2L1
2005,NCGC00263145-02,BI-78D3,0.7487513195388591,0.9267216996238136,0.9245992858879093,0.3949329731048546,529.471,610.8,516.648,,0.011043,,1,SAPK1 (JNK) Inhibitor,MAPK8
2006,NCGC00165727-10,AKT Inhibitor VIII,0.7490068143054912,1.27840253852087,0.8580508668207486,0.11056703757485514,557.718,604.122,492.032,0.005236,,42.166168,2,AKT Inhibitor,AKT1
2007,NCGC00178698-12,Oseltamivir phosphate,0.7501293471465448,0.6608227483608671,0.8396947440412175,0.7498705490375497,508.114,602.28,547.373,,,,0,Neuraminidase (Sialidase) Inhibitor,
2008,NCGC00390733-04,PF-06447475,0.7501656554659683,0.6604492423189191,0.7709340235315728,0.8191137005474128,508.084,595.38,553.367,,,,0,LRRK2 Inhibitor,LRRK2
2009,NCGC00181785-01,Aprepitant,0.7511639160702499,0.6160767245354689,0.8597848328162102,0.7776301908590707,504.52,604.296,549.776,,,,0,Tachykinin NK1 Antagonist,TACR1
2010,NCGC00370783-06,GSK-2578215A,0.7525613084753116,0.7395329216007585,0.9627365724662297,0.5554144313589465,514.436,614.627,530.54,9.831497,,0.001009,2,LRRK2 Inhibitor,LRRK2
2011,NCGC00371045-07,AMD-3465,0.7541913076393826,0.7391843159616065,0.8316029027290679,0.6917867042274733,514.408,601.468,542.345,0.001299,,,1,Chemokine CXCR4 (SDF-1 Receptor) Antagonist,CXCR4
2012,NCGC00016564-17,Metformin,0.7551243156633991,1.1845778207834747,0.5358122206758388,0.5449829055308837,550.182,571.786,529.637,0.001788,,0.005537,2,AMPK Activator,PRKAA1
2013,NCGC00346618-07,Omecamtiv mecarbil,0.7558054802632245,0.3867315645778564,0.8302177229970619,1.0504671532147551,486.099,601.329,573.394,,,,0,Cardiac Myosin Activator,MYH7
2014,NCGC00274038-02,AZ-TAK1 Inhibitor,0.7562921299691506,1.0569259058469669,0.7844868611972421,0.42746362286324285,539.929,596.74,519.464,,10.189076,24.255126,2,TGF-bR1 (ALK5) Inhibitor,MAP3K7
2015,NCGC00390264-01,Cilengitide,0.7572867666259923,-0.15420478577436922,1.0579851183548072,1.3680799672975388,442.651,624.185,600.888,,1.251434,,1,Integrin alphavbeta3 (Vitronectin) Antagonist,
2016,NCGC00025060-22,Methotrexate,0.7583994494798226,0.66195571668811,0.9634939369240173,0.6497486948273405,508.205,614.703,538.706,,,,0,Dihydrofolate Reductase (DHFR) Inhibitor,DHFR
2017,NCGC00510484-01,Pemafibrate,0.7587729390993101,1.331303444262138,0.5265046101025045,0.41851076293328776,561.967,570.852,518.689,0.006293,46.1,,2,PPARalpha Agonist,PPARA
2018,NCGC00263135-02,Piraxostat,0.7598009422465222,0.9048217953642488,0.7043158472117218,0.670265184163596,527.712,588.695,540.482,,,,0,Xanthine Oxidase Inhibitor,XDH
2019,NCGC00250387-06,KU-0060648,0.7620295676519022,1.240105719019779,0.9125312811723769,0.13345170276355056,554.642,609.589,494.013,,23.0,3.703591,2,DNA-PK Inhibitor,PRKDC
2020,NCGC00263170-02,Taladegib,0.7622213551455362,0.5019208279146912,0.822972934039017,0.9617703034829007,495.351,600.602,565.716,,,,0,Smoothened (Smo) Receptor Antagonist,SMO
2021,NCGC00167972-02,Ciclesonide,0.7635277191249817,0.8466295540287145,0.8801639159237784,0.5637896874224522,523.038,606.341,531.265,0.095136,5.192268,3.78164,3,Glucocorticoid receptor Agonist,
2022,NCGC00346937-01,Ombrabulin,0.7637891767540457,1.0855862694657947,0.7611281468675883,0.444653113928754,542.231,594.396,520.952,0.001772,0.975212,34.129516,3,Tubulin polymerization Inhibitor,TUBB
2023,NCGC00092364-11,PNU-282987,0.7640074250402615,0.49802391487703146,0.9718349112814915,0.8221634489622618,495.038,615.54,553.631,,,,0,Nicotinic alpha7 Agonist,CHRNA7
2024,NCGC00164590-08,Drospirenone,0.7645369740409267,0.677879524276503,0.8418671841964505,0.7738642136498266,509.484,602.498,549.45,,,,0,Synthetic progesterone,PGR
2025,NCGC00347937-02,AR-7,0.7648409116798711,0.6153048120487765,0.9422279401750921,0.7369899828157448,504.458,612.569,546.258,0.001177,,19.928194,2,RARalpha Antagonist,RARA
2026,NCGC00179302-06,Indirubin,0.7665445156069676,1.2654045282610715,0.7116004974570188,0.3226285211028125,556.674,589.426,510.389,0.00125,,0.001623,2,CDK1/2/4/5 Inhibitor,CDK1
2027,NCGC00420882-01,LY-341495,0.7668067615830745,0.9346524779145137,1.0277403666523768,0.33802744018233316,530.108,621.15,511.722,,,,0,mgluR3 Receptor Antagonist;Signal Transduction Modulators;mgluR2 Receptor Antagonist,GRM3
2028,NCGC00347956-02,SR-9011,0.7670048056659879,0.6659646815383545,0.8180500650633986,0.8169996703962108,508.527,600.108,553.184,,39.832571,,1,Rev-erb alpha Agonist,NR1D1
2029,NCGC00510705-01,ASP-9521,0.7670171252524826,0.35802140015343586,0.9040109310222686,1.039019044581743,483.793,608.734,572.403,,,,0,AKR1C3 Inhibitor,AKR1C3
2030,NCGC00522303-03,Elagolix,0.7672451398538361,0.6545976476617298,0.7985778262408126,0.848559945658966,507.614,598.154,555.916,,,,0,GnRH (LHRH) Receptor Antagonist,GNRHR
2031,NCGC00378567-02,MK-8033,0.7676115213314926,0.5103869648655179,0.94551649637338,0.8469311027555799,496.031,612.899,555.775,21.656541,34.230127,23.065502,3,HGFR Inhibitor,MET
2032,NCGC00068236-11,Gatifloxacin,0.7678521397018826,1.094077306819418,0.9065122267973293,0.3029668854889005,542.913,608.985,508.687,,0.004506,,1,DNA Topoisomerase IV Inhibitor,TOP2B
2033,NCGC00263209-09,ML-141,0.7710883354702255,-0.18419732094281213,1.3000527505141968,1.1974095768392918,440.242,648.476,586.114,1.144088,,46.1,2,Cdc42 GTPase Inhibitor,CDC42
2034,NCGC00015529-22,Ibuprofen lysine,0.7719773297044229,1.0441270988095406,0.6431387366017637,0.6286661537019643,538.901,582.556,536.881,0.004327,,0.002045,2,Cyclooxygenase-1/2 Inhibitor,PTGS1
2035,NCGC00390592-01,BMS-983970,0.7729621250663121,1.0909149556642561,0.5502320413392382,0.677739378195442,542.659,573.233,541.129,0.004843,,,1,Notch Signaling Inhibitor,
2036,NCGC00015608-22,Loperamide hydrochloride,0.7759919829750757,0.63425401857695,0.9227457360306935,0.7709761943175834,505.98,610.614,549.2,,,,0,mu-Opioid Antagonist,OPRM1
2037,NCGC00015697-01,Myricetin,0.7781867108971148,1.218965277045508,0.8207606325965329,0.29483422304930346,552.944,600.38,507.983,0.003251,0.001521,,2,Cytochrome P450 CYP1A2 Inhibitor,CYP1A2
2038,NCGC00510704-01,LY-3214996,0.7789564972047313,0.9117939081472831,0.7103349015867683,0.7147406818801423,528.272,589.299,544.332,0.001154,1.280453,,2,ERK1/2 Inhibitor,ERK
2039,NCGC00346663-04,Geniposidic acid,0.7792322653588041,1.0332331725860504,0.7535545022897144,0.5509091212006473,538.026,593.636,530.15,,,0.001006,1,radioprotectant,
2040,NCGC00522584-01,MKC-3946,0.7797281969472549,0.5532779086825731,0.9412513386374194,0.8446553435217722,499.476,612.471,555.578,,,,0,IRE1 Inhibitor,ERN1
2041,NCGC00390587-01,G-007-LK,0.7813822255137755,1.0191395446032046,0.8432025373193904,0.4818045946187312,536.894,602.632,524.168,0.001285,0.005104,,2,Tachykinin NK1 Antagonist,TACR1
2042,NCGC00025329-02,SB-239063,0.7816694409676674,0.8422844337407162,0.7199414718144931,0.782782417347793,522.689,590.263,550.222,6.32713,,,1,p38 MAPK Inhibitor,MAPK14
2043,NCGC00390724-02,E-7449,0.7820323263928791,1.0254766971149263,0.8182991981087243,0.5023210839549866,537.403,600.133,525.944,0.031532,46.1,46.1,3,PARP Inhibitor,PARP1
2044,NCGC00015580-22,Ketotifen,0.7824614202057095,1.26974964854907,0.1923275084256304,0.8853071036424282,557.023,537.318,559.097,,,31.340512,1,Histamine H1 Receptor Antagonist,HRH1
2045,NCGC00379021-02,SU-014813,0.7827175206043265,0.8678695976141708,0.8312042898565486,0.6490786743422602,524.744,601.428,538.648,,,,0,VEGFR-2 Inhibitor,KDR
2046,NCGC00241455-04,GW-501516,0.7827488283774929,0.7773192828445209,0.9016092884653376,0.6693179138226203,517.471,608.493,540.4,,,,0,PPARdelta Agonist,PPARD
2047,NCGC00183109-05,Maraviroc,0.78307577816715,1.3239827258399532,0.14604855392609542,0.8791960547354015,561.379,532.674,558.568,3.042422,,,1,,CCR5
2048,NCGC00346703-08,Torcetrapib,0.784096473601354,0.5872420580970658,1.1802097903911553,0.584837572315841,502.204,636.45,533.087,,,,0,Cholesteryl Ester Transfer Protein (CETP) Inhibitor,CETP
2049,NCGC00263096-16,Iniparib,0.7846616259841229,1.171903515760031,0.6519082197971966,0.5301731423951412,549.164,583.436,528.355,0.003476,11.915539,0.004588,3,PARP Inhibitor,PARP1
2050,NCGC00092310-14,Amisulpride,0.7847985188795843,1.3139105129087496,0.7307139846943376,0.3097710590356656,560.57,591.344,509.276,0.001409,,0.001848,2,Dopamine D2/D3 Antagonist,DRD2
2051,NCGC00015448-06,Salirasib,0.7859091548205945,0.9007132289028177,0.7958174320986134,0.6611968034603526,527.382,597.877,539.697,0.00243,7.666432,0.006374,3,mTOR Inhibitor,MTOR
2052,NCGC00387244-01,NIBR-189,0.7861777395041004,0.546691752142886,1.199094075226775,0.6127473911426404,498.947,638.345,535.503,0.003226,,,1,G-Protein Coupled Receptor 183 (GPR183; EBI2) Modulators,
2053,NCGC00163650-04,Cryptotanshinone,0.7865180327146654,0.8695752752057337,0.8289321964831868,0.6610466264550756,524.881,601.2,539.684,,7.955885,40.54727,2,STAT-3 Inhibitor,STAT3
2054,NCGC00263565-06,Gestodene,0.7885659512052654,-0.06824859532068284,1.047302293371281,1.386644155565198,449.555,623.113,602.495,0.100982,,,1,Progestogen hormone,PGR
2055,NCGC00386433-04,CH-5183284,0.7913995065084978,1.1847521236030507,0.764974761087404,0.4244716348350387,550.196,594.782,519.205,0.001603,26.591415,,2,FGFR 1/2/3 Inhibitor,FGFR1
2056,NCGC00016960-07,Glimepiride,0.7915209347015193,0.6651803188502633,0.8209101124237277,0.8884723728305668,508.464,600.395,559.371,0.012046,0.038459,,2,K(ATP) Channel Blocker,KCNJ8
2057,NCGC00249888-03,Vitamin B12,0.7917372189022719,0.6595154772140487,0.8081744311467236,0.9075217483460433,508.009,599.117,561.02,18.768768,,,1,,
2058,NCGC00346875-02,BMS-299897,0.7917682026848809,0.7931808394259224,0.7720900008618797,0.8100337677668407,518.745,595.496,552.581,0.001303,,,1,g-Secretase Inhibitor,NOTCH1
2059,NCGC00016872-19,Ticlopidine hydrochloride,0.7924467311523873,0.6814527320778082,0.9911277743114444,0.7047596870679093,509.771,617.476,543.468,,,,0,P2Y12 (P2T) Antagonist,P2RY12
2060,NCGC00507868-01,CPI-637,0.7937329610051431,0.7665872092392088,0.832938255852009,0.7816734179242115,516.609,601.602,550.126,,,,0,CBP/p300 Inhibitor,EP300
2061,NCGC00346580-02,Vinflunine,0.7937676702971798,1.0283153430337322,0.8351405919726802,0.5178470758851269,537.631,601.823,527.288,,7.443321,1.05688,2,Tubulin polymerization Inhibitor,TUBB
2062,NCGC00507850-01,RO-9021,0.7943521073662884,0.7610966704225693,0.6337812994193635,0.9881783522569323,516.168,581.617,568.002,,0.001615,,1,Syk Kinase Inhibitor,SYK
2063,NCGC00094575-01,Tolterodine tartrate,0.7947627990465039,0.444874005107798,1.065289699243731,0.8741246927879828,490.769,624.918,558.129,,,,0,Muscarinic M3 Antagonist,
2064,NCGC00015150-07,Betaine,0.7949094767840319,0.5700981307716418,0.9244597713825273,0.8901705281979264,500.827,610.786,559.518,,,,0,Nitric Oxide (NO) Donors,
2065,NCGC00015955-22,Salbutamol sulfate,0.7950722889749872,0.6144955489578879,0.7977108432430825,0.9730104747239909,504.393,598.067,566.689,0.001647,,,1,beta2-Adrenoceptor Agonist,ADRB2
2066,NCGC00346655-06,Linagliptin,0.7954691490647497,0.6008874788295745,0.8803432917164126,0.9051766766482621,503.3,606.359,560.817,,,,0,DPP-IV Inhibitor,DPP4
2067,NCGC00013822-04,NSC-75503,0.7955513909637668,1.168554411583895,0.2591250605381156,0.9589747007692897,548.895,544.021,565.474,,,,0,Hedgehog Antagonist,SHH
2068,NCGC00378921-05,Merestinib,0.7986570607039463,0.6589178675469315,1.0782246869569947,0.6588286276079127,507.961,626.216,539.492,,4.497617,12.330634,2,MET Inhibitor,MET
2069,NCGC00015191-21,Chlormezanone,0.8023740158794095,1.22155491893635,0.1550273088796019,1.0305398198222766,553.152,533.575,571.669,,,,0,GABA Modulators,GABRA1
2070,NCGC00163125-13,Pregnenolone,0.8034559134758689,0.7719905966460595,1.0909105416249338,0.5474666021566132,517.043,627.489,529.852,,0.001728,,1,Steroid,
2071,NCGC00159509-02,Perindopril,0.804544456196955,0.9473143327365594,0.7099562193578745,0.7563628164964313,531.125,589.261,547.935,,,,0,Angiotensin-I Converting Enzyme Inhibitor,ACE
2072,NCGC00015554-13,ML-7,0.8074331469156264,0.050974533269192324,1.3044075961464745,1.0669173113312125,459.131,648.913,574.818,0.107189,,0.016285,2,MLCK Inhibitor,MYLK
2073,NCGC00496843-02,Ripasudil,0.8082152527527707,0.9320005850166817,0.7053921019675243,0.7872530712741062,529.895,588.803,550.609,0.000572,,,1,ROCK1/ROCK2 Inhibitor,ROCK1
2074,NCGC00378991-02,Efatutazone,0.8090592845431684,0.7047346086925813,0.875569902567989,0.8468733423689351,511.641,605.88,555.77,,0.011731,,1,PAPRgamma Agonist,PPARG
2075,NCGC00347944-06,Hg-10-102-01,0.809810245976896,0.6985717590004354,0.8914944868251498,0.8393644921051029,511.146,607.478,555.12,,,,0,LRRK2 Inhibitor,LRRK2
2076,NCGC00015599-10,L-165041,0.8110661284723656,0.7843411964331471,0.8909463941254357,0.7579107948585139,518.035,607.423,548.069,,,,0,PPARdelta Agonist,PPARG
2077,NCGC00496839-01,ON-123300,0.8121229034573628,1.15387562413533,0.6965927228066521,0.5859003634301063,547.716,587.92,533.179,0.001414,5.694454,0.00176,3,RET Inhibitor,RET
2078,NCGC00386314-03,GSK-2656157,0.8137622173303517,0.39423903602101595,1.256952733673006,0.7900948822970333,486.702,644.151,550.855,,29.522044,0.520882,2,PERK Inhibitor,EIF2AK3
2079,NCGC00510233-01,BMS-986205,0.8139046823685119,0.4159023864540135,1.0809651504555673,0.9448465101959549,488.442,626.491,564.251,,,26.227113,1,IDO Inhibitor,IDO1
2080,NCGC00091533-17,Ethinylestradiol,0.8145131462252576,0.8699363310462837,0.9312361902153625,0.6423669174141267,524.91,611.466,538.067,,,26.67049,1,Estrogen Receptor (ER) Agonist,ESR1
2081,NCGC00167472-10,Amlexanox,0.8166319071960134,1.0934796971523009,0.8802834997855338,0.4761325246502056,542.865,606.353,523.677,0.00171,,0.001747,2,Mediator Release Inhibitor,
2082,NCGC00159339-04,Streptomycin (sulfate),0.8171395586502165,0.7633875074798515,0.8719325601062468,0.8160986083645513,516.352,605.515,553.106,,,,0,30S Ribosomal Protein Inhibitors,
2083,NCGC00510488-01,EPZ-031686,0.81845468282392,0.8747296585846192,0.9223371578363603,0.6582972320507806,525.295,610.573,539.446,,,,0,SMYD3 Inhibitor,SMYD3
2084,NCGC00509990-02,Iberdomide,0.81913814704512,0.7761863145172778,0.8796158232240632,0.8016123033940189,517.38,606.286,551.852,0.001647,,,1,IL-2 Production Enhancers,
2085,NCGC00015256-17,Chloroquine,0.8193597451303828,0.10772255124252762,1.1937028361259459,1.156653848022675,463.689,637.804,582.586,,,,0,antimalarial agents,
2086,NCGC00522303-02,Elagolix,0.8207027020794909,0.6575856959973158,0.9690047598866018,0.8355176503545553,507.854,615.256,554.787,,,,0,GnRH (LHRH) Receptor Antagonist,GNRHR
2087,NCGC00509947-01,NVP-FGF-401,0.8216444703957748,1.207137585717148,0.3170734068806647,0.9407224185895119,551.994,549.836,563.894,,,,0,FGFR4 Inhibitor,FGFR4
2088,NCGC00346684-02,AG-1024,0.8218742348206953,1.2097396778093867,0.6444641244028909,0.6114189022498083,552.203,582.689,535.388,0.002638,0.0011,0.025199,3,EGFR Inhibitor,EGFR
2089,NCGC00346547-03,PHT-427,0.8237281540905973,1.0940524064166208,0.8592965320473727,0.5178355238077983,542.911,604.247,527.287,0.001268,,,1,Phosphoinositide Dependent Kinase Inhibitor,PDPK1
2090,NCGC00379236-08,ML-347,0.8246694814363792,-0.35323370532718357,1.5230567220453326,1.3041854275909885,426.665,670.854,595.357,0.286324,0.002099,0.007813,3,ALK1/2 Inhibitor,ACVR1
2091,NCGC00015989-22,Thalidomide,0.8268799624884712,1.0005015931099883,0.8382796683437732,0.6418586260116521,535.397,602.138,538.023,,0.001722,,1,TNF-alpha Production Inhibitor,TNF
2092,NCGC00164569-08,Capecitabine,0.8272126594203505,0.7138606063175166,0.8800443320620219,0.887733039881513,512.374,606.329,559.307,,,,0,Pyrimidine Antagonist,TYMS
2093,NCGC00346556-03,Semagacestat,0.8282769642310583,0.8286141126054114,0.5895651665351177,1.0666516135526458,521.591,577.18,574.795,,,,0,g-Secretase Inhibitor,NOTCH1
2094,NCGC00188962-04,Pravastatin sodium,0.8290889603028497,1.1110220309224694,0.5749560047572725,0.8012888452288074,544.274,575.714,551.824,0.001278,,46.1,2,HMG-CoA Reductase Inhibitor,HMGCR
2095,NCGC00346502-06,Dienogest,0.8317249335324454,-0.23254145297231207,1.3023148785657457,1.4254013750039025,436.359,648.703,605.85,0.150162,,,1,Synthetic progesterone,PGR
2096,NCGC00421877-04,AG-120,0.8327183966466101,0.5566768136643023,0.8387380731471702,1.1027403031283578,499.749,602.184,577.919,,,,0,,
2097,NCGC00095188-04,Pantoprazole,0.8328893406024646,1.232212291333273,0.6650524792685327,0.6014032512055879,554.008,584.755,534.521,0.001409,,0.002065,2,H+/K+-ATPase Inhibitor,
2098,NCGC00253740-06,Lacosamide,0.8329186956718809,0.5913879751626907,1.0108092848921038,0.8965588269608484,502.537,619.451,560.071,,,,0,NMDA Glycine-Site Antagonist,GRIN2A
2099,NCGC00263234-01,IDH-001,0.835444054747806,0.8957331483435083,1.1534927626105234,0.4571062532893866,526.982,633.769,522.03,,0.007158,92.2,2,IDH1 Inhibitor,IDH1
2100,NCGC00381605-01,MKC-1,0.8368610586943906,1.9433677952027062,0.892600637546393,-0.32538525666592727,611.128,607.589,454.294,0.001098,46.1,2.216139,3,PKC Inhibitor,PRKCA
2101,NCGC00263122-02,MK-0354,0.8397453289303919,1.1044981253897737,1.051677069647184,0.36306079175421796,543.75,623.552,513.889,,,,0,Nicotinic Acid Receptor Partial Agonist,NIACR1
2102,NCGC00510699-01,GSK9311,0.8412795311668575,1.1065399584190905,1.1010353085869333,0.3162633264945485,543.914,628.505,509.838,,0.004145,,1,BRPF1 bromodomain Inhibitor,BRPF1
2103,NCGC00481108-02,BI-9564,0.8418220256820895,0.7638232645287907,0.7836996007740151,0.9779432117434627,516.387,596.661,567.116,,,44.42784,1,Brd9 Inhibitor,BRD9
2104,NCGC00164587-01,Isepamicin sulfate,0.8420378229568641,0.8856858358151006,0.8309252608457846,0.8095023722097073,526.175,601.4,552.535,,,,0,30S Ribosomal Protein Inhibitors,
2105,NCGC00263132-03,PF-477736,0.8428916067611554,0.9366569603396366,0.7522490451322128,0.8397688148116166,530.269,593.505,555.155,,19.433155,,1,Chk1 Inhibitor,CHEK1
2106,NCGC00345496-08,Lomeguatrib,0.8429148528029118,0.7567640003359705,0.9737183571041478,0.7982622009686171,515.82,615.729,551.562,,,,0,MGMT Inhibitor,MGMT
2107,NCGC00015889-21,Raloxifene hydrochloride,0.8449180912800576,0.8424462863588942,0.8272978837058551,0.8650101037754233,522.702,601.036,557.34,,,,0,Selective Estrogen Receptor Modulators (SERM),ESR1
2108,NCGC00507890-02,MX-69,0.8450121444926981,0.8768461928223268,0.8152099483466961,0.8429802923090713,525.465,599.823,555.433,,,,0,MDM2 (hdm2) Inhibitor,MDM2
2109,NCGC00179244-11,Dorzolamide hydrochloride,0.8451438506843327,0.7287385969884537,0.9354216253768187,0.8712713296877257,513.569,611.886,557.882,,,,0,Carbonic Anhydrase Type II Inhibitor,CA2
2110,NCGC00262641-04,S31-201,0.8465174958487239,1.0966420483074628,0.7062092583561896,0.7367011808825193,543.119,588.885,546.233,,,,0,STAT-3 Inhibitor,STAT3
2111,NCGC00370919-02,Prinaberel,0.8467910691324443,1.0654418436033875,0.6914904780384007,0.7834408857555446,540.613,587.408,550.279,0.038599,46.1,0.038899,3,Selective Estrogen Receptor beta Agonist,ESR2
2112,NCGC00347945-09,ID-8,0.8468675371097394,0.7998541473753968,0.9682473954288142,0.7725010685250072,519.281,615.18,549.332,0.027354,,20.73069,2,DYRK Inhibitor,DYRK1A
2113,NCGC00386692-01,UNC-569,0.8471815854924171,0.8426081389770721,0.9232240714777171,0.7757125460224619,522.715,610.662,549.61,,,,0,Mer Receptor Inhibitor,MERTK
2114,NCGC00346578-08,OSI-420,0.849496818623395,0.9103123341808882,0.9654870012866161,0.6726911204026808,528.153,614.903,540.692,0.013961,46.1,46.1,3,EGFR Inhibitor,EGFR
2115,NCGC00094763-03,Polymyxin B sulphate,0.850736181694511,0.6183053105857604,1.1221019988995988,0.8118012355981737,504.699,630.619,552.734,,,,0,Peptide Antibiotic,
2116,NCGC00015754-17,Nilutamide,0.8511821203161413,0.6973640894648024,1.152346750602029,0.7038355208815923,511.049,633.654,543.388,,,,0,Androgen Receptor Antagonist,AR
2117,NCGC00346639-03,Dimethyl fumarate,0.8513753223390804,0.8717540604504326,0.8977527089237092,0.7846191976430996,525.056,608.106,550.381,,,,0,NFkappaB-inducing kinase Inhibitor,NFKB1
2118,NCGC00241101-10,Neratinib,0.8567065352152934,1.3342167913893348,0.5417017258673171,0.6942010883892281,562.201,572.377,542.554,0.002144,,2.379299,2,EGFR Inhibitor,EGFR
2119,NCGC00253646-08,Agomelatine,0.8572519373905576,0.7482107119753558,0.7057408882309788,1.1178042119653382,515.133,588.838,579.223,,,,0,5-HT2C Antagonist,HTR2C
2120,NCGC00161408-07,Anagrelide,0.8576691648172331,0.8023939884606456,1.07973941587257,0.6908740901184838,519.485,626.368,542.266,,,,0,Phosphodiesterase III (PDE3) Inhibitor,PDE3A
2121,NCGC00263606-06,Tubastatin A,0.8599812836401799,1.2211938630958001,0.7690605430307305,0.5896894447940092,553.123,595.192,533.507,0.001144,24.190868,,2,HDAC Inhibitor,HDAC6
2122,NCGC00263214-02,HC-067047,0.8601745911477848,1.4723642261045875,0.9192578733961461,0.188901673942621,573.297,610.264,498.813,0.001905,46.1,,2,TRPV4 Antagonist,TRPV4
2123,NCGC00263101-07,CP-724714,0.8610637561381187,0.8359348310275964,0.9445697908011454,0.8026866465856143,522.179,612.804,551.945,,0.005773,29.373222,2,HER2 Inhibitor,ERBB2
2124,NCGC00263203-06,Danusertib,0.8617506190105605,1.0497421396401625,0.7687615833763409,0.766748134015178,539.352,595.162,548.834,,46.1,5.987378,2,Aurora-A/B/C Kinase Inhibitor,AURKA
2125,NCGC00163169-05,Pizotifen,0.861941154728701,-0.017165418983562893,1.408236284116038,1.1947525990536279,453.658,659.332,585.884,0.111778,,46.1,2,Antimigraine drugs,CHRM1
2126,NCGC00167768-11,KI-8751,0.8626030691350526,1.1604244300708217,1.0507502947185752,0.37663448261576066,548.242,623.459,515.064,0.014487,3.537347,3.145969,3,VEGFR-2 Inhibitor,FLT1
2127,NCGC00024717-10,L-NAME,0.863159839763554,0.8088680931877481,0.919078497603512,0.8615329284994019,520.005,610.246,557.039,,,,0,Nitric Oxide Synthase Inhibitor,NOS3
2128,NCGC00390577-02,Omaveloxolone,0.863776734055324,0.8374164049939914,0.8796158232240632,0.8742979739479172,522.298,606.286,558.144,,,,0,Nuclear Factor Erythroid 2-Related Factor 2 (NFE2-Related Factor 2; NFE2L2; NRF2) Activator,NRF2
2129,NCGC00253867-11,Prucalopride,0.864145221979688,1.3326978668187444,0.3105361557713413,0.9492016433489785,562.079,549.18,564.628,,,,0,5-HT4 Agonist,HTR4
2130,NCGC00387868-02,MK-8776,0.8645589940830919,0.7540747568339431,0.982378221759637,0.8572240036556957,515.604,616.598,556.666,2.342975,41.03152,0.018597,3,Chk1 Inhibitor,CHEK1
2131,NCGC00498439-01,LY-3177833,0.8655126615474226,0.9047470941558595,0.9594679469115686,0.7323229435748397,527.706,614.299,545.854,0.002259,46.1,17.585735,3,CDK 7 Inhibitor,CDK7
2132,NCGC00485486-02,Nastorazepide,0.8658050600895221,0.7811165942709939,0.9376339268193028,0.8786646591782695,517.776,612.108,558.522,,,,0,CCK2 (CCKB/Gastrin) Receptor Antagonist,CCK2
2133,NCGC00164604-06,Fluvastatin,0.8669750040665727,0.6377151745656698,0.9829562104247904,0.9802536272092577,506.258,616.656,567.316,,18.504045,,1,HMG-CoA Reductase Inhibitor,HMGCR
2134,NCGC00017159-23,Curcumin,0.867386870467245,1.154996142261175,0.7260701447294833,0.7210943244110769,547.806,590.878,544.882,,,,0,NF-kappaB Activation Inhibitor,NFKB1
2135,NCGC00167328-03,Aloxistatin,0.8684550930458351,1.3840051467810344,0.7065281486542058,0.5148319837022654,566.2,588.917,527.027,0.001401,,,1,Calpain Inhibitor,CAPN1
2136,NCGC00346894-04,Valspodar,0.8708757176242784,0.9866320687523101,1.14502223906948,0.4809728450510451,534.283,632.919,524.096,,0.003163,,1,P-Glycoprotein (MDR-1; ABCB1) Inhibitor,ABCBA
2137,NCGC00274061-07,Trilostane,0.8714193457317553,1.4469035642451153,0.7135636658541783,0.45379080709597225,571.252,589.623,521.743,0.001573,46.1,0.002305,3,Estrogen Receptor (ER) beta Modulators,ESR1
2138,NCGC00348107-03,c-FMS Inhibitor,0.8717843096931994,1.078688857891151,0.8201328173223145,0.7165312538661328,541.677,600.317,544.487,0.002527,,,1,CSF1R (c-FMS) Inhibitor,CSF1R
2139,NCGC00371093-04,Marimastat,0.8734350005106273,0.7197620017802978,0.9655966198265588,0.9349463799250254,512.848,614.914,563.394,,,,0,Matrix Metalloproteinase Inhibitor,MMP1
2140,NCGC00263193-02,KI-20227,0.8770592181235274,0.8269831362222378,1.1370599469408995,0.6671345712074448,521.46,632.12,540.211,46.1,46.1,22.582744,3,CSF1R (c-FMS) Inhibitor,CSF1R
2141,NCGC00378857-02,Preladenant,0.8772723703589912,1.2029045172417343,0.878061233021237,0.5508513608140024,551.654,606.13,530.145,0.001272,,0.901358,2,Adenosine A2A Antagonist,ADORA2A
2142,NCGC00378793-02,NBI-74330,0.8792383360447741,0.7583202755107548,0.8776426895050911,1.0017520431184763,515.945,606.088,569.177,0.002757,,,1,Chemokine CXCR3 Receptor Antagonist,CXCR3
2143,NCGC00185916-05,DASA-58,0.8834485379457157,0.7624537423749818,1.1576483018065413,0.7302435696556239,516.277,634.186,545.674,,,,0,PKM2 Activator,PKM2
2144,NCGC00371153-09,RKI-1447,0.8846007336472649,1.1356485292882557,0.6388536482221765,0.8793000234313625,546.252,582.126,558.577,46.1,,46.1,2,ROCK1/ROCK2 Inhibitor,ROCK1
2145,NCGC00092360-02,Cordycepin,0.8847263898775634,1.1846898725960593,0.9382418114498956,0.5312474855867353,550.191,612.169,528.448,,0.173224,,1,Purine Antagonist,HPRT1
2146,NCGC00475723-01,AM-5992,0.88547062364271,0.14802385316874142,1.3967064067784059,1.1116816109809828,466.926,658.175,578.693,,,,0,CDK4 Inhibitor,CDK4
2147,NCGC00351597-13,EPZ-5676,0.8866497652325,1.0975011122039433,0.8019959316226686,0.7604522518708883,543.188,598.497,548.289,0.001647,,0.001537,2,DOT1L Inhibitor,DOT1L
2148,NCGC00262061-03,Ro-31-8425,0.8870561506125374,0.7659148983637009,1.0131810314835954,0.882072521990316,516.555,619.689,558.817,0.000391,0.00931,,2,PKC Inhibitor,PRKCA
2149,NCGC00091104-10,Aspartame,0.8875348623831071,0.7879891054428416,0.9992893728762845,0.8753261088301951,518.328,618.295,558.233,,,,0,Synthetic sugar substitute,
2150,NCGC00346716-20,Dabrafenib,0.8880806680996673,1.078713758293947,0.898639622565066,0.686888623439989,541.679,608.195,541.921,42.472444,,,1,Raf kinase B Inhibitor,BRAF
2151,NCGC00345790-03,Laropiprant,0.8884699362617343,1.0092914352971687,0.9473501155869702,0.7087682579010639,536.103,613.083,543.815,0.001617,0.279879,1.87416,3,prostaglandin D2 DP1 Inhibitor,PTGDR
2152,NCGC00263235-01,ACC1 BMS,0.8889834662008816,1.0490324781604607,0.8705772763396802,0.7473406441025041,539.295,605.379,547.154,,1.854804,31.717341,2,Acetyl-CoA Carboxylase Inhibitor,ACACA
2153,NCGC00185778-06,Nitisinone,0.8894996884417019,1.3669483708653984,0.5827090251277793,0.718841669331928,564.83,576.492,544.687,0.001581,,,1,4-Hydroxyphenylpyruvate Dioxygenase (4HPPD) Inhibitor,HPD
2154,NCGC00346722-06,ADX-47273,0.8895463537626741,0.5358227263221925,1.0537000299752213,1.0791163049906085,498.074,623.755,575.874,,,19.798794,1,mgluR5 Antagonist,GRM5
2155,NCGC00390660-02,LDN-214117,0.8920768249011124,1.1586938520764614,0.6717491755268635,0.8457874471000124,548.103,585.427,555.676,0.00127,,,1,ALK2 Inhibitor,ACVR1
2156,NCGC00346592-02,Icariin,0.8954699814023207,0.6878396853951226,1.0600080786828456,0.9385621801289938,510.284,624.388,563.707,,,,0,Phosphodiesterase V (PDE5) Inhibitor,PDE5A
2157,NCGC00510695-01,Belizatinib,0.8971863611819764,0.11911448552194824,1.0716774705258585,1.5007671274981222,464.604,625.559,612.374,,9.891628,23.0,2,ALK Inhibitor,ALK
2158,NCGC00379246-01,Phortress (NSC-710305),0.9008811372869137,1.249368668860094,0.8074768586198149,0.645797884380832,555.386,599.047,538.364,46.1,,,1,Aryl Hydrocarbon Receptor (AhR) Agonist,AHR
2159,NCGC00509935-01,AG-881,0.9009063245783434,1.140927414681125,0.8765664347492884,0.6852251243046169,546.676,605.98,541.777,0.001606,,0.001762,2,Mutant IDH1 Inhibitor,IDH1
2160,NCGC00522603-01,TAK-242,0.9010877003914436,0.7751653980026194,0.8845386921996815,1.0435590109720299,517.298,606.78,572.796,,40.055068,24.173499,2,,TLR4
2161,NCGC00263140-03,Talmapimod,0.9028239041481777,0.7481484609683644,1.1550373874915367,0.8052858639846321,515.128,633.924,552.17,,,,0,p38 MAPK Inhibitor,MAPK14
2162,NCGC00092290-11,SL-327,0.9041726618721019,0.9738208115134859,0.5556930376927579,1.1830041364100619,533.254,573.781,584.867,0.001455,,25.686005,2,Mek 1/2 Inhibitor,MAP2K1
2163,NCGC00263230-01,FASN MRK,0.9049067401514013,1.0882008117594328,0.7059900212763045,0.9205293874184666,542.441,588.863,562.146,0.002079,,,1,Fatty Acid Synthase (FAS) Inhibitor,FAS
2164,NCGC00346730-07,Ambrisentan,0.9068503577597774,0.9420354473436914,0.6801997684242803,1.0983158575113605,530.701,586.275,577.536,,,,0,Endothelin ETA Receptor Antagonist,EDNRA
2165,NCGC00346596-02,Oxymatrine,0.9076319638169991,1.0065648411909474,0.9121426336216693,0.8041884166383807,535.884,609.55,552.075,,,,0,mu/kappa-Opioid Agonist,OPRM1
2166,NCGC00509910-02,Umbralisib,0.9087638505819708,0.7566519485233858,1.2265385714997552,0.7431010317227714,515.811,641.099,546.787,46.1,,22.353506,2,Casein Kinase 1 Inhibitor,CSNK1E
2167,NCGC00094818-13,Hexestrol,0.9090544693538337,-0.09587559222345364,1.379177405709354,1.4438615945756008,447.336,656.416,607.448,0.165772,,46.1,2,17-betahydroxysteroid dehydrogenase Inhibitor,AKR1C1
2168,NCGC00510492-02,Anlotinib,0.9107491199572789,0.9774811707245783,0.8908766368727453,0.8638895522745131,533.548,607.416,557.243,0.001457,,,1,VEGFR-3 Inhibitor,FLT4
2169,NCGC00346467-01,VCH-916 ,0.9123020116499683,0.7400807304622823,0.9460346931076558,1.0507906113799668,514.48,612.951,573.422,,,,0,,
2170,NCGC00476204-01,PFI-4,0.9147060199098613,1.0157032890172812,0.8371236910134663,0.8912910796988366,536.618,602.022,559.615,0.001673,39.786508,46.1,3,BRPF1 bromodomain Inhibitor,BRPF1
2171,NCGC00022567-15,Cladribine,0.9148879569053123,1.2820753479333618,0.8278459764055703,0.6347425463770049,558.013,601.091,537.407,0.001586,0.001542,,2,Adenosine Deaminase Inhibitor,ADA
2172,NCGC00522632-01,Tussilagone,0.9158115400359329,0.9006883285000218,0.9909085372315581,0.8558377543762189,527.38,617.454,556.546,,,,0,Platelet-Activating Factor Receptor (PAFR) Antagonist,
2173,NCGC00387775-03,D-942,0.9159657258662346,1.0118561767852134,0.978730913976082,0.7573100868374084,536.309,616.232,548.017,0.037102,46.1,0.081986,3,AMPK Activator,PRKAA1
2174,NCGC00521942-01,Milademetan,0.9163790809035968,0.5784024151042911,1.1377575194678093,1.03297730813869,501.494,632.19,571.88,21.777921,31.266158,,2,MDM2 (hdm2) Inhibitor,MDM2
2175,NCGC00345853-03,JNJ-28312141,0.9183015006148154,0.8564154123277575,1.0876120201048332,0.8108770694118554,523.824,627.158,552.654,,46.1,,1,CSF1R (c-FMS) Inhibitor,CSF1R
2176,NCGC00242503-02,Meclinertant,0.9201706190056667,0.7253272418053265,1.0298629801985448,1.0053216350131287,513.295,621.363,569.486,,0.69624,,1,Carboxypeptidase A Inhibitor,CPA1
2177,NCGC00179250-03,Halofantrine,0.9202882077594733,1.0373043884432862,0.9671512100293861,0.7564090248057475,538.353,615.07,547.939,,23.020147,,1,antimalarial agents,
2178,NCGC00250393-01,CAP-232,0.9223210611122543,0.8410394136008899,0.9238020601428706,1.0021217095930026,522.589,610.72,569.209,30.348984,,45.17438,2,Somatostatin srif2B (sst4) Agonist,SSTR4
2179,NCGC00274063-05,Pimobendan,0.92261999010723,0.960349693600553,1.1363324784485513,0.6711777982725856,532.172,632.047,540.561,,,,0,Phosphodiesterase III (PDE3) Inhibitor,PDE3A
2180,NCGC00483118-01,SRT-3025,0.9233882869721176,1.3395828281919901,0.45737517268577876,0.973206860038584,562.632,563.915,566.706,,,,0,SIRT1 Activator,SIRT1
2181,NCGC00162225-11,L-tetramisol,0.9240044799311878,0.6290124837882766,1.072953031717922,1.070047924287365,505.559,625.687,575.089,,,,0,Nicotinic Receptor Agonist,CHRNA3
2182,NCGC00024901-04,BD-1047,0.9268826610586953,1.4792989882834264,0.6315689979768794,0.6697799969157802,573.854,581.395,540.44,0.001624,,0.002142,2,sigma Receptor Antagonist,SIGMAR1
2183,NCGC00346544-09,BIX-02189,0.9273783554471263,0.7239577196515161,1.1832093522568652,0.8749679944329976,513.185,636.751,558.202,46.1,38.671978,16.232062,3,Mek 5 Inhibitor,MAP2K5
2184,NCGC00389618-01,BYL-719,0.928032356294763,0.9430065630527564,1.0793906296091145,0.7616998762224181,530.779,626.333,548.397,,1.356463,,1,PI3K alpha Inhibitor,
2185,NCGC00022858-10,Sodium cromoglycate,0.9289584197906768,0.8991445035266354,1.0526636365066697,0.8350671193387255,527.256,623.651,554.748,,,,0,Mediator Release Inhibitor,
2186,NCGC00188865-05,Pazopanib,0.9290657803160175,0.7593785426296071,1.0155428127532753,1.0122759855651702,516.03,619.926,570.088,0.001467,,12.609154,2,VEGFR-1/2/3 Inhibitor,FLT1
2187,NCGC00351549-05,GSK-J2,0.9291465217276381,1.0316644472098682,1.17256638856059,0.5832087294124563,537.9,635.683,532.946,0.013997,,,1,Inhibitor of H3K27me3/me2-demethylases JMJD3/KDM6B and UTX/KDM6A,KDM6B
2188,NCGC00164632-07,TIBOLONE,0.9305085389498414,1.3058925832082608,0.738257733306772,0.7473753003344915,559.926,592.101,547.157,0.001591,,,1,Steryl-sulfatase  Inhibitor,
2189,NCGC00161410-03,CCT-018159,0.9323122052347066,0.9159896260185015,0.927748327580815,0.9531986621048032,528.609,611.116,564.974,,,39.969033,1,Heat Shock Protein 90 (hsp90) Inhibitor,HSP90AB1
2190,NCGC00022735-16,Methylprednisolone,0.9323523299624805,0.8110842290366409,1.1680720284229302,0.8179007324278704,520.183,635.232,553.262,,0.001541,,1,Glucocorticoid steroid,NRC31
2191,NCGC00092288-05,(-)-Blebbistatin,0.933424470944019,1.020919923403158,0.9795779663301868,0.7997755230987122,537.037,616.317,551.693,,,,0,myosin II ATPase Inhibitor,MYH2
2192,NCGC00346598-02,Shikimic acid,0.9351342241796076,0.7087186731400291,0.9552326851410474,1.1414513142577463,511.961,613.874,581.27,,,,0,plant biochemical intermediate,
2193,NCGC00507893-01,UK-371804,0.9372627653632789,0.8983227902343504,0.907727996058514,1.0057375097969723,527.19,609.107,569.522,,,,0,Urokinase (u-PA) Inhibitor,PLAU
2194,NCGC00510487-01,Navoximod,0.9375561807789403,1.2238706563964281,0.975831005328502,0.612966880611891,553.338,615.941,535.522,0.010024,0.131436,,2,IDO Inhibitor,IDO1
2195,NCGC00165815-06,NSC-724771,0.9390192684855767,1.113151015361575,1.254690605621457,0.4492161844736981,544.445,643.924,521.347,,0.001393,,1,Nitric Oxide (NO) Donors,
2196,NCGC00159349-15,Levonorgestrel,0.9418490491030223,0.7962435889698978,0.9600758315421615,1.0692277267970076,518.991,614.36,575.018,,,,0,Progestogen hormone,PGR
2197,NCGC00250379-21,CT-99021,0.9426122942067838,1.033320323995839,0.9262834252743058,0.8682331333502067,538.033,610.969,557.619,,46.1,,1,GSK-3 Inhibitor,GSK3B
2198,NCGC00160421-04,Tetrabenazine,0.9449405470268857,0.6342166679727547,1.2252032183768142,0.9754017547310883,505.977,640.965,566.896,,7.063414,,1,Vesicular Monoamine Transporter 2 (VMAT2) Inhibitor,SLC18A2
2199,NCGC00386776-01,AGN-194204,0.9449927186046755,0.8719781640756005,1.3157580976914725,0.6472418940469535,525.074,650.052,538.489,0.122408,0.148045,46.1,3,RXR Agonist,RXRA
2200,NCGC00387263-04,Oltipraz,0.9480309827624943,0.8541121250690774,0.9919947573091746,0.9979860659092309,523.639,617.563,568.851,,46.1,,1,Nuclear Factor Erythroid 2-Related Factor 2 (NFE2-Related Factor 2; NFE2L2; NRF2) Activator,NRF2
2201,NCGC00161634-09,Artemisinin,0.951322808084839,1.1448616783229788,0.8560876984235892,0.8530190475079492,546.992,603.925,556.302,0.455841,,,1,antimalarial agents,PfATP6
2202,NCGC00181296-08,Seratrodast,0.9513927923914958,1.1253024119262907,0.9482768905155792,0.7805990747326175,545.421,613.176,550.033,0.001417,0.001082,,2,Prostanoid TP Agonist,TBXA2R
2203,NCGC00510506-01,RG-7845 (GDC-0853),0.9522565324879617,0.9567764857992478,0.9994488180252931,0.9005442936393444,531.885,618.311,560.416,,,,0,BTK Inhibitor,BTK
2204,NCGC00186035-08,IRAK-1-4 Inhibitor I,0.9528590736721856,0.8911016734233507,1.1974697277712572,0.7700058198219489,526.61,638.182,549.116,,0.007454,,1,IRAK Inhibitor,IRAK1
2205,NCGC00168785-05,Diclazuril,0.9529808960878999,0.8606733812059686,1.074667067069757,0.9236022399879743,524.166,625.859,562.412,,,43.58776,1,antiprotozoal agent,
2206,NCGC00178734-10,Sitagliptin,0.9536545659396661,1.2345155785919528,0.7879846891536023,0.8384634300734434,554.193,597.091,555.042,,,,0,DPP-IV Inhibitor,DPP4
2207,NCGC00181796-03,Octreotide,0.9545251816751782,0.07245113068121593,1.2951398468603912,1.4959845674839276,460.856,647.983,611.96,0.070729,,,1,Growth Hormone Release Inhibitor,SSTR1
2208,NCGC00507848-01,GSK-583,0.9559224425881379,0.8815648191522729,1.0811644568918268,0.9050380517203137,525.844,626.511,560.805,,,18.915616,1,RIP2 kinase Inhibitor,RIPK2
2209,NCGC00387310-02,A-196,0.962873820871746,1.5644708160490217,0.9107574538896632,0.4133931926765529,580.695,609.411,518.246,0.001244,,,1,Inhibitor of SUV420H1 and SUV420H2,
2210,NCGC00095099-11,Sildenafil citrate,0.9635008309121382,1.3199488605869114,0.9154909817508347,0.6550626503986685,561.055,609.886,539.166,0.00142,,,1,Phosphodiesterase V (PDE5) Inhibitor,PDE5A
2211,NCGC00379339-01,Brincidofovir,0.9663798558213528,1.1923840970601922,0.9048081567673072,0.801947313636559,550.809,608.814,551.881,0.001258,,0.001105,2,DNA polymerase Inhibitor,
2212,NCGC00345084-02,Robotnikinin,0.967942565911583,0.8811166119019344,1.0183829294699778,1.0043281563628368,525.808,620.211,569.4,,,,0,Hedgehog Antagonist,SHH
2213,NCGC00345847-02,JNJ-38158471,0.9703573332528102,0.6697619929648283,1.2651342628814726,0.9761757439121295,508.832,644.972,566.963,0.001655,,46.1,2,VEGFR-2 Inhibitor,FLT1
2214,NCGC00480730-01,AMG PERK 44,0.9717799313220052,0.9439527783590256,1.1527353981527357,0.8186516174542543,530.855,633.693,553.327,0.002324,0.001653,0.006931,3,PERK Inhibitor,EIF2AK3
2215,NCGC00370984-01,M-475271,0.9733357190922326,0.7218785360180053,1.0651103234510968,1.1330182978075958,513.018,624.9,580.54,,,,0,Src Kinase Inhibitor,SRC
2216,NCGC00015089-14,Amiloride hydrochloride,0.9736864013098516,-0.0002580454847062134,1.3928597925585913,1.5284574568556697,455.016,657.789,614.771,,,,0,Epithelial Sodium Channels (ENaC) Blocker,SCNN1D
2217,NCGC00161825-08,GSK-3965,0.9738479937483268,0.9902799777620046,0.979428486502992,0.9518355169799838,534.576,616.302,564.856,,39.554221,46.1,2,ABCA1 Expression Enhancer,ABCA1
2218,NCGC00159341-17,Lamivudine,0.9742543672466366,0.9843412316950281,0.936288608374549,1.0021332616703327,534.099,611.973,569.21,,,,0,Reverse Transcriptase Inhibitor,
2219,NCGC00347279-01,AIM-100,0.9746442265498836,0.7768461751913863,1.1078017620979546,1.0392847423603098,517.433,629.184,572.426,,46.1,21.715249,2,ACK1 Inhibitor,TNK2
2220,NCGC00165898-11,SD-208,0.9780456799786077,1.22509077613346,0.9405537661105094,0.7684924976918538,553.436,612.401,548.985,0.001259,,,1,TGF-bR1 (ALK5) Inhibitor,TGBR1
2221,NCGC00163683-02,Metenkephalin,0.978159244354183,0.9926081654234821,0.9787707752633342,0.9630987923757327,534.763,616.236,565.831,,,,0,Opioid growth factor,
2222,NCGC00507962-02,GSK2795039,0.9782141736435053,0.7579343192674074,1.1930351595644753,0.983673042098633,515.914,637.737,567.612,,,,0,NADPH Oxidase 2 Inhibitor,
2223,NCGC00371019-02,PF-04418948,0.9782991926872304,1.2591171765549432,0.8749420872937705,0.8008383142129776,556.169,605.817,551.785,0.006961,0.571721,0.697255,3,Prostaglandin EP2 receptor Antagonist,PTGER2
2224,NCGC00475743-01,Motolimod,0.979066057193547,0.5542365741902402,1.2400316172345456,1.1429299801558552,499.553,642.453,581.398,,41.589213,28.978237,2,Toll-Like Receptor 8 (TLR8) Agonist,TLR8
2225,NCGC00159549-16,Zebularine,0.9813610279901623,0.8761863321482182,0.9027752311174574,1.1651215207048116,525.412,608.61,583.319,,,,0,Cytidine Deaminase Inhibitor,CDA
2226,NCGC00024929-02,ICI-D7288,0.9817841979360828,1.4848517781070558,0.8159274515172317,0.6445733641839609,574.3,599.895,538.258,0.002035,,0.001556,2,HCN [I(h)] Blocker,HCN
2227,NCGC00262306-10,ML323,0.9822823658016345,1.056365646784045,0.9552924770719251,0.9351889735489334,539.884,613.88,563.415,46.1,0.002168,0.004159,3,USP1/UAF1 Inhibitor,USP1
2228,NCGC00346507-07,AMG-208,0.9824990367589889,0.8074736706311417,0.9062132671429398,1.2338101725028852,519.893,608.955,589.265,,,,0,HGFR Inhibitor,MET
2229,NCGC00263198-07,Lenvatinib,0.9829493117829593,0.7565025461066057,1.0435354017259695,1.1488099875163027,515.799,622.735,581.907,,,,0,VEGFR-1/2/3 Inhibitor,FLT1
2230,NCGC00179511-08,Racecadotril,0.9835589552089823,1.2602625950835842,0.6418532100878875,1.0485610604554751,556.261,582.427,573.229,,,,0,"Neprilysin (Enkephalinase, Neutral Endopeptidase, NEP) Inhibitor",
2231,NCGC00015615-15,Lansoprazole,0.9844986841743781,0.8774064518852486,1.0530124227701252,1.0230771778677605,525.51,623.686,571.023,,,,0,H+/K+-ATPase Inhibitor,
2232,NCGC00346520-02,Bimatoprost,0.9866716770305133,0.6617067126601448,1.2716615486689822,1.0266467697624129,508.185,645.627,571.332,,,,0,prostaglandin,
2233,NCGC00013841-13,Cyclobenzaprine hydrochloride,0.9904405824353057,0.9480737950218546,1.1313099562548032,0.8919379960292595,531.186,631.543,559.671,,38.453402,,1,5-HT2A Receptor Ligands,HTR2A
2234,NCGC00261977-03,Nimorazole,0.9917739112605868,1.1190150602201623,0.9293427790708935,0.9269638944907047,544.916,611.276,562.703,0.010266,,14.394151,2,Radiosensitizers,
2235,NCGC00390563-02,GDC-0834 racemate,0.9922237103608161,0.9081335489361892,0.940902552373965,1.1276350297722941,527.978,612.436,580.074,,,,0,BTK Inhibitor,BTK
2236,NCGC00384474-01,Pralnacasan,0.9964627095755428,1.4109847332110939,0.7580189664619347,0.8203844290536,568.367,594.084,553.477,0.001388,,1.008099,2,Caspase-1 Inhibitor,CASP1
2237,NCGC00163532-06,Daidzin,0.9978111179652247,1.1899438575861314,0.7254821907425159,1.078007305567027,550.613,590.819,575.778,0.001261,,,1,Alcohol Dehydrogenase Inhibitor,ADH1
2238,NCGC00345800-03,CVT-6883,0.9978218309235753,0.667919363157884,1.1484104484858975,1.1771356811269444,508.684,633.259,584.359,,,,0,Adenosine A2B Antagonist,ADORA2B
2239,NCGC00016543-13,Phenformin hydrochloride,0.9985459348117254,0.8670727847246803,1.0780054498771083,1.0505595698333874,524.68,626.194,573.402,45.683616,,2.828484,2,antidiabetic drug,
2240,NCGC00015919-17,Sotalol,1.0000138057610135,0.9310917203146079,1.059111199719676,1.0098384972487566,529.822,624.298,569.877,,,,0,beta-Adrenoceptor Antagonist,ADRB1
2241,NCGC00179492-08,FLUNISOLIDE,1.0003754609189675,0.7480737597599737,1.0325735477316782,1.2204790752652503,515.122,621.635,588.111,,,,0,,
2242,NCGC00510354-01,RUSKI-201,1.000460317167908,0.9429069614415697,1.0400176431259827,1.0184563469361716,530.771,622.382,570.623,,,,0,Protein-Cysteine N-Palmitoyltransferase HHAT Inhibitor,HHAT
2243,NCGC00480775-01,INCB8761 (PF-4136309),1.001150829676376,1.2295479482340415,0.8797254417640069,0.8941790990310798,553.794,606.297,559.865,0.001608,,,1,Chemokine CCR2 (MCP-1 Receptor) Antagonist,CCR2
2244,NCGC00015437-22,Fenofibrate,1.001406987440839,1.713425025577976,0.8935872044058785,0.3972087323386623,592.659,607.688,516.845,0.001784,,,1,PPARalpha Agonist,PPARA
2245,NCGC00025330-09,SB-408124,1.005214308487946,0.015292256061738091,1.4869224651514226,1.5134282042506768,456.265,667.228,613.47,0.082422,,,1,Orexin OX-1 Antagonist,HCRTR1
2246,NCGC00016612-13,Sulfadoxine,1.009041047417723,1.7143089898772537,0.8594161159091291,0.45339803646678595,592.73,604.259,521.709,0.001229,,0.01836,2,Dihydropteroate Synthase (DHPS) Inhibitor,
2247,NCGC00346491-08,Varespladib,1.0103919374139665,1.4508502780883685,0.8024643017478794,0.7778612324056513,571.569,598.544,549.796,,,,0,Secretory Phospholipase A2 (sPLA2) Inhibitor,PLA2G5
2248,NCGC00164588-06,Malotilate,1.0139835964484447,0.7716295408055096,1.1969116697497293,1.0734095787900955,517.014,638.126,575.38,,,,0,Liver Protein Metabolism,
2249,NCGC00402376-02,CEP-37440,1.0156776079751852,1.1590051071114194,1.252199275168209,0.6358284416459277,548.128,643.674,537.501,0.001134,,0.001657,2,ALK Inhibitor,ALK
2250,NCGC00346551-05,Pomalidomide,1.0165987260972145,0.8063282521025007,1.2694293165828725,0.9740386096062702,519.801,645.403,566.778,,,,0,TNF-alpha Production Inhibitor,TNF
2251,NCGC00347948-15,IWP-2,1.0176581547076329,1.0279791875959798,1.1465270026632424,0.8784682738636764,537.604,633.07,558.505,0.001139,,,1,Wnt Signaling Inhibitor,PORCN
2252,NCGC00346490-06,OSU-03012,1.0203552760785506,0.9617565663585573,1.3102771706943261,0.789032091182768,532.285,649.502,550.763,,,,0,Phosphoinositide Dependent Kinase Inhibitor,PDPK1
2253,NCGC00263226-01,BAY-60-7550,1.0233553240076465,0.6813282300638256,1.2832711485811186,1.1054665933779952,509.761,646.792,578.155,,,,0,Phosphodiesterase II (PDE2A) Inhibitor,PDE2A
2254,NCGC00345492-06,PCI-34051,1.024167266346041,0.8576977830717806,1.0701527762884706,1.1446512396778723,523.927,625.406,581.547,,3.304665,46.1,2,HDAC Inhibitor,HDAC8
2255,NCGC00346615-02,TAME,1.0243981817598529,1.412802462615243,1.0787428836912705,0.581649198973045,568.513,626.268,532.811,0.001394,,0.001126,2,Anaphase Promoting Complex (APC) Inhibitor,ANAPC1
2256,NCGC00263126-04,Cutamesine hydrochloride,1.024588655186831,1.0646699311166945,1.086695210498038,0.9224008239457606,540.551,627.066,562.308,,,,0,sigma1 Receptor Agonist,SIGMAR1
2257,NCGC00015163-09,Benserazide,1.0251406433041337,1.3308303366090035,1.0841341227920986,0.6604574705112988,561.929,626.809,539.633,0.001264,,0.012563,2,DOPA decarboxylase Inhibitor,DDC
2258,NCGC00015818-25,Praziquantel,1.0280508065108007,1.2478621944909032,1.123975479400441,0.7123147456410576,555.265,630.807,544.122,0.051311,,,1,antiparasitic agent,
2259,NCGC00346839-01,4-Quinazolinamine,1.0281076234246957,0.9769458120644524,1.1440356722099945,0.9633413859996407,533.505,632.82,565.852,,,,0,EGFR Inhibitor,EGFR
2260,NCGC00507866-01,MK-8931,1.02909102882333,1.3467416939959984,0.922815493283384,0.8177158991906073,563.207,610.621,553.246,0.001121,,0.001752,2,beta-Secretase Inhibitor,BACE1
2261,NCGC00095124-31,Rosiglitazone,1.0296972014296082,0.7522570274297941,1.2556273458718787,1.0812072309871517,515.458,644.018,576.055,,,,0,PPARgamma Agonist,PPARG
2262,NCGC00142615-10,Epinephrine,1.0301785851446836,0.9298591503761782,0.8996959466772432,1.2609806583806293,529.723,608.301,591.617,,0.001974,,1,alpha/beta-adrenoceptor Agonist,ADRA1A
2263,NCGC00015897-20,Ranolazine,1.0302693190203949,0.9960444210094053,1.0904122755342835,1.0043512605174956,535.039,627.439,569.402,,,,0,Sodium channel Inhibitor,SCN9A
2264,NCGC00485024-02,PF-06454589,1.0304273395759291,1.0928198364781925,0.9144246923168449,1.08403748993275,542.812,609.779,576.3,0.001141,,,1,LRRK2 Inhibitor,LRRK2
2265,NCGC00250373-04,A-769662,1.030622539279672,0.9995304774009217,1.0789521554493429,1.0133849849887515,535.319,626.289,570.184,,,,0,AMPK Activator,PRKAA1
2266,NCGC00022037-07,Medroxyprogesterone acetate,1.0308906372875404,1.227555916010318,0.9997477776796826,0.8653682181726209,553.634,618.341,557.371,0.001947,,5.775552,2,Progesterone Receptor Agonist,PGR
2267,NCGC00095165-08,Carmofur,1.0311510710664356,0.7165373996181459,1.1495863564598299,1.227329457121331,512.589,633.377,588.704,,,,0,Pyrimidine Antagonist,TYMS
2268,NCGC00507846-01,BFH-772,1.0318867298934122,0.7607978655890107,1.2154870296091467,1.1193752944820794,516.144,639.99,579.359,,,23.831051,1,VEGFR-2 Inhibitor,KDR
2269,NCGC00093926-10,Doxifluridine,1.0324082547809486,1.2885245522576667,1.026345221598558,0.7823549904866206,558.531,621.01,550.185,0.007779,0.00239,0.076833,3,thymidylate synthase Inhibitor,TYMS
2270,NCGC00159541-03,S-Trityl-L-cysteine,1.0328999011131828,0.926759050228009,1.2347300660300347,0.9372105870815044,529.474,641.921,563.59,,0.156981,,1,Mitotic Kinesin Eg5 Inhibitor,KIF11
2271,NCGC00167485-02,Doripenem,1.0339329794505667,0.7595030446435898,1.243021213778444,1.0992746799296664,516.04,642.753,577.619,,,,0,Carbapenem Antibiotic,
2272,NCGC00250382-06,Sonidegib,1.034581699051945,0.7939527519126156,1.270565363269554,1.039226981973665,518.807,645.517,572.421,46.1,42.608475,,2,Smo Receptor Antagonist,SMO
2273,NCGC00163510-01,Aloe-emodin,1.035346717147473,0.6574487437819352,1.3765565260725368,1.0720348815879472,507.843,656.153,575.261,21.803078,,,1,Caspase 3 Activator,CASP3
2274,NCGC00346492-03,XL-147,1.0353918393517882,1.281166483231288,1.2143410176006526,0.6106680172234245,557.94,639.875,535.323,,0.001579,,1,PI3K Inhibitor,PIK3CA
2275,NCGC00018199-09,Rhein,1.0368044630962325,0.9218163202728934,1.035951791826283,1.1526452771895215,529.077,621.974,582.239,,,,0,component of rhubarb,
2276,NCGC00163489-03,Shikonin,1.036961435069456,1.4035893135805197,0.8494009674870722,0.8578940241407761,567.773,603.254,556.724,0.001408,,0.001495,2,Drugs Acting on Chemokine Receptors,CCR5
2277,NCGC00510507-01,Evobrutinib,1.038502223891719,1.1802576008982737,0.9674601350055884,0.9677889357712951,549.835,615.101,566.237,0.001421,,,1,BTK Inhibitor,BTK
2278,NCGC00164336-05,L-Thyroxine,1.0388913148194467,1.1543611819898625,1.0182633456082213,0.9440494168602562,547.755,620.199,564.182,0.001422,,,1,synthetic hormone,
2279,NCGC00016017-20,AG-1478,1.0412928699483865,1.2840673801570852,0.9157700107615987,0.9240412189264754,558.173,609.914,562.45,,,46.1,1,EGFR Inhibitor,EGFR
2280,NCGC00346889-03,PF-03716556,1.0427380925322682,0.9774313699189849,1.0140679451249521,1.1367149625528676,533.544,619.778,580.86,,,,0,H+/K+-ATPase Inhibitor,
2281,NCGC00384181-05,SP2509,1.0444757843401162,0.58879833327185,1.2174203020408667,1.3272087177076322,502.329,640.184,597.35,,,,0,,
2282,NCGC00022678-08,Rifampicin,1.0455978438395022,1.1851131794436007,1.056380701542916,0.8952996505319899,550.225,624.024,559.962,0.129698,0.020832,,2,DNA-Directed RNA Polymerase Inhibitor,PRKDC
2283,NCGC00351594-01,BCL6 Inhibitor,1.0472364435232153,1.4228622253450485,0.7435493191894703,0.9752977860351273,569.321,592.632,566.887,0.001118,,,1,Bcl-6 Inhibitor,BCL6
2284,NCGC00346623-04,BMS-378806,1.0473632129789228,1.1168736255796587,1.134040454431563,0.8911755589255469,544.744,631.817,559.605,0.012846,,,1,HIV Attachment Inhibitor,
2285,NCGC00025099-02,CI-966,1.0488119528753668,1.15351456829478,0.9947850474168121,0.998136242914508,547.687,617.843,568.864,,5.378061,,1,GAT-1 Inhibitor,SLC6A1
2286,NCGC00345856-01,AZD-26,1.0492733412420865,1.0237087685163706,1.2918512906621047,0.8322599645477844,537.261,647.653,554.505,46.1,,32.283184,2,AKT Inhibitor,AKT1
2287,NCGC00096081-05,beta-Carotene,1.04933632349841,1.1046973286121455,0.9854973674871034,1.0578142743959817,543.766,616.911,574.03,,1.404263,,1,Vitamin/Supplement,
2288,NCGC00263159-10,OSI-930,1.0505348702851702,0.8723516701175498,1.2016153016454614,1.0776376390924993,525.104,638.598,575.746,,,42.676201,1,PDGFR beta Inhibitor,PDGFRB
2289,NCGC00016268-21,Niacin,1.0506688718132273,1.5387736003629824,0.8569048548122544,0.7563281602644453,578.631,604.007,547.932,,,,0,Nicotinic acid,
2290,NCGC00386367-02,GNE-9605,1.0506999107486084,1.3372297401277167,0.8530881365578793,0.9617818555602294,562.443,603.624,565.717,0.001251,0.017257,,2,LRRK2 Inhibitor,LRRK2
2291,NCGC00095133-09,Famciclovir,1.0526262587039177,1.3639478723284144,0.7795639922216238,1.0143669115617147,564.589,596.246,570.269,0.00112,,,1,antiviral,
2292,NCGC00241410-02,NCGC00241410,1.054172687666387,0.8274562438753724,1.2524683388571602,1.0825934802666286,521.498,643.701,576.175,,,,0,IRAK Inhibitor,IRAK1
2293,NCGC00389582-02,FRAX-597,1.0563209587398632,1.3280290412943916,0.8542341485663735,0.9866996863588245,561.704,603.739,567.874,0.001586,,,1,p21-Activated Kinase 1/2 (PAK1/2) Inhibitor,PAK1
2294,NCGC00016889-15,Tenoxicam,1.0584344638360172,1.1595902665771372,0.9714263330871594,1.044286791843755,548.175,615.499,572.859,0.001273,,,1,non-steroidal antiinflammatory,
2295,NCGC00021191-15,Cortisone acetate,1.0612979668173552,0.9497919228148155,0.9905996122553559,1.2435023653818942,531.324,617.423,590.104,,,0.001085,1,Glucocorticoid steroid,NRC31
2296,NCGC00378675-01,ONO-4817,1.0620334991292397,0.709092179181977,1.1737124005690842,1.3032959176366576,511.991,635.798,595.28,,,,0,Matrix Metalloproteinase (MMP) Inhibitor,MMP1
2297,NCGC00379063-03,Vosaroxin,1.0636497502706663,0.9296101463482129,1.137966791225882,1.123372313237904,529.703,632.211,579.705,0.000511,,9.22,2,DNA Topoisomerase II Inhibitor,TOP2A
2298,NCGC00164634-07,Balsalazide disodium,1.0638684943979617,0.797613111123708,1.1660391027730805,1.2279532692970965,519.101,635.028,588.758,,,,0,agents for IBS and constipation,ADORA1
2299,NCGC00510491-01,Elafibranor,1.0662049383652938,1.0634000105740693,1.1117679601795256,1.0234468443422868,540.449,629.582,571.055,92.2,,,1,PPARalpha Agonist,PPARA
2300,NCGC00094419-03,TPCK,1.0664521097255144,0.93634570530468,1.0949664276028208,1.1680441962690422,530.244,627.896,583.572,,,,0,Cysteine Protease Inhibitor,
2301,NCGC00159422-10,Tiopronin,1.0666467575385983,1.1425832914670946,1.13090137806047,0.92645560308823,546.809,631.502,562.659,46.1,19.739881,,2,Copper Chelator,
2302,NCGC00167521-07,Tenatoprazole,1.0673347961534378,1.0824737191162261,1.1811764266070153,0.9383542427370719,541.981,636.547,563.689,0.001612,,0.004462,2,Potassium-transporting ATPase Inhibitor,
2303,NCGC00015970-10,Sulindac,1.069409594176241,0.8794607351159633,1.2825636107323959,1.0462044366803638,525.675,646.721,573.025,,,,0,ABCC1 Expression Enhancer,ABCC1
2304,NCGC00480786-02,Brequinar,1.0709095606902421,1.7479245336525937,1.0187416810552448,0.4460624673628882,595.43,620.247,521.074,0.001104,,,1,DHODH Inhibitor,DHODH
2305,NCGC00346579-03,PIK-293,1.0717583169601685,1.5948866580650058,0.9546746271195194,0.6657136656959806,583.138,613.818,540.088,0.001238,,0.003015,2,PI3K Inhibitor,PIK3CA
2306,NCGC00188429-03,Acitazanolast,1.0720626135562763,1.1438283116069223,1.2631113025534355,0.8092482265084707,546.909,644.769,552.513,,,,0,Mediator Release Inhibitor,
2307,NCGC00532324-01,VX-984,1.07660644035098,0.94514799769326,1.101782707722908,1.1828886156367722,530.951,628.58,584.857,,,,0,DNA-PK Inhibitor,PRKDC
2308,NCGC00345844-02,Bayer-18,1.0789013668086462,0.8716793592420419,1.336864649291389,1.028160091892508,525.05,652.17,571.463,46.1,,,1,Tyk 2 Inhibitor,TYK2
2309,NCGC00345826-04,CC-401,1.0790537881164375,0.8697993788309031,1.4358003642507735,0.9315616212676362,524.899,662.098,563.101,,9.771958,,1,JNK Inhibitor,MAPK8
2310,NCGC00346695-02,MK-2461,1.0791707727229227,1.1431186501272206,0.9961702271488181,1.0982234408927296,546.852,617.982,577.528,,26.612913,14.739535,2,VEGFR-1 (Flt-1) Inhibitors,
2311,NCGC00345824-02,BMS-2,1.0794469787433192,1.6509499149614346,0.9777742430820348,0.6096167781864879,587.641,616.136,535.232,0.001225,,,1,HGFR Inhibitor,MET
2312,NCGC00016410-25,Thiabendazole,1.0795484186873046,1.26678650061628,1.1169798234877206,0.8548789319579132,556.785,630.105,556.463,0.00127,,,1,Methionine Aminopeptidase-1 (MetAP1) Inhibitor,METAP1
2313,NCGC00347949-11,KY-02111,1.0827799699212115,1.4956461027193606,0.8182095102124072,0.934484296831867,575.167,600.124,563.354,0.001394,,25.254808,2,Wnt Signaling Inhibitor,WNT5A
2314,NCGC00095107-18,Gliclazide,1.0829078656689994,1.0242067765723026,1.104702547014115,1.1198142734205805,537.301,628.873,579.397,,,8.230564,1,K(ATP) Channel Blocker,
2315,NCGC00242501-03,ITX3,1.083569014116469,1.4178074435773482,1.0643031323842445,0.7685964663878148,568.915,624.819,548.994,0.001653,4.819476,46.1,3,Triple Functional Domain Protein (TRIO) Inhibitor,TRIO
2316,NCGC00167532-05,Balofloxacin,1.0841355439111338,0.938038932694845,1.3679963146351761,0.9463713844033801,530.38,655.294,564.383,,,,0,Antibacterial,
2317,NCGC00499351-01,GGTI-2418,1.0851564853310687,1.503626681815654,1.0237940992144323,0.7280486749631196,575.808,620.754,545.484,0.001113,,,1,Geranyl Geranyl Transferase Inhibitor,GGTI
2318,NCGC00345843-02,AMG-25,1.089248918988607,1.1491445476039859,1.0640340686952943,1.0545681406665408,547.336,624.792,573.749,0.001127,3.060263,19.484026,3,KIT Inhibitor,KIT
2319,NCGC00510443-01,Incyclinide,1.0901742944822401,0.858893002406015,1.2161148448833652,1.1955150361573406,524.023,640.053,585.95,45.198311,,12.195306,2,MMP-9 (Gelatinase B) Inhibitor,MMP
2320,NCGC00263575-10,Ezetimibe,1.090286831960877,1.0062286857531935,1.3114331480246342,0.9531986621048032,535.857,649.618,564.974,,,,0,NPC1L1 Inhibitor,
2321,NCGC00498442-01,SHP-099,1.0915421616363523,1.0969408531410214,1.0833667930124982,1.0943188387555371,543.143,626.732,577.19,,,,0,Protein Tyrosine Phosphatase SHP-2 (PTP2C) Inhibitor,PTP2C
2322,NCGC00025220-11,Purvalanol B,1.0919385581110401,0.9174462995820991,1.0721358753292567,1.2862334994217648,528.726,625.605,593.803,,,,0,CDK1/2/3/4/5 Inhibitor,CDK1
2323,NCGC00185956-04,UNC-0224,1.0921193506673288,1.107212269294597,1.2304449776504476,0.9387008050569422,543.968,641.491,563.719,,,,0,EHMT2 Inhibitor,EHMT2
2324,NCGC00092372-12,Necrostatin-1,1.0932189271977222,1.0900932423719696,1.2071958818607373,0.9823676573604597,542.593,639.158,567.499,,,,0,RIP1 Kinase Inhibitor,RIPK1
2325,NCGC00346474-01,NMP,1.0965444111938643,0.8738456942853428,1.2886723530037594,1.1271151862924909,525.224,647.334,580.029,,,,0,Bacterial Efflux Pump Inhibitor,
2326,NCGC00346739-06,Retigabine,1.0975476541332863,1.0900060909621825,1.0958533412441775,1.1067835301934985,542.586,627.985,578.269,,0.002331,,1,Voltage-Gated K(V) 7 (KCNQ) Channel Activator,KCNQ1
2327,NCGC00015452-23,Flutamide,1.098171304367842,1.1974762294320864,1.086794863716168,1.0102428199552715,551.218,627.076,569.912,0.001133,,,1,Androgen Receptor Antagonist,AR
2328,NCGC00263196-01,S6K-18,1.099406108053901,1.1899189571833342,0.9563587665059149,1.1519406004724537,550.611,613.987,582.178,0.001263,,,1,p70 ribosomal S6 kinase (S6K1) Inhibitor,RPS6KB1
2329,NCGC00346942-01,WHI-P97,1.0997141410028406,0.8467789564454931,1.3192758562914582,1.1330876102715706,523.05,650.405,580.546,,,,0,EGFR Inhibitor,EGFR
2330,NCGC00384167-11,Galunisertib,1.1011909781021325,1.1344782103568185,1.0969096653563548,1.0721850585932244,546.158,628.091,575.274,,,,0,TGF-bR1 (ALK5) Inhibitor,TGBR1
2331,NCGC00015605-13,Lamotrigine,1.1025632363095403,1.347401554670107,1.1184746217596693,0.841813532498845,563.26,630.255,555.332,0.001257,,0.001111,2,Sodium Channel Blocker,
2332,NCGC00095486-03,Ergosterol,1.1063623563308058,0.8241320401020324,1.1718588507118672,1.323096178178518,521.231,635.612,596.994,,,,0,Sterol (fungal cell wall),
2333,NCGC00481603-01,Fruquintinib,1.1096630507736653,0.9992441227687625,1.0519560986579481,1.2777889308942856,535.296,623.58,593.072,,,,0,VEGFR-1/2/3 Inhibitor,FLT1
2334,NCGC00091268-11,Oxytetracycline,1.1109638085143614,1.7145953445094142,1.063436149386514,0.5548599316471559,592.753,624.732,530.492,0.001237,0.001704,,2,Tetracycline Antibiotic,
2335,NCGC00181033-02,Taltirelin,1.1130137784777645,1.025265043691155,1.0857883662130559,1.2279879255290826,537.386,626.975,588.761,,0.001059,,1,Thyrotropin-Releasing Hormone (TRH) Analogs,TRHR
2336,NCGC00384193-03,SCH-51344,1.1135033735631286,1.114831792550342,1.1626309627130373,1.0630473654260062,544.58,634.686,574.483,,0.027673,,1,MTH1 Inhibitor,MTH1
2337,NCGC00160530-12,Toremifene citrate,1.114932753341261,1.0455962225745374,1.1726760071005324,1.1265260303487128,539.019,635.694,579.978,46.1,46.1,,2,Selective Estrogen Receptor Modulators (SERM),ESR1
2338,NCGC00015884-15,Rilmenidine,1.1196526440612027,1.077045431306578,1.0319756284228991,1.249936872454131,541.545,621.575,590.661,,0.008215,,1,Imidazoline I1 Receptor Agonist,NISCH
2339,NCGC00346070-02,GSK-2606414,1.123117338115497,0.8425832385742748,1.4347141441731583,1.0920546315990582,522.713,661.989,576.994,,0.006429,,1,PERK Inhibitor,EIF2AK3
2340,NCGC00167785-11,PAC-1,1.1256183081457733,0.8494931003503179,1.317302722572486,1.2100591015145163,523.268,650.207,587.209,,14.339022,,1,Procaspase 3 Activator,CASP3
2341,NCGC00522520-01,GNE-495,1.126903838472798,1.0279169365889884,1.2900475674139527,1.0627470114154534,537.599,647.472,574.457,,,,0,MAP4K4 Inhibitor,MAP4K4
2342,NCGC00015116-20,Aniracetam,1.1289740288862564,0.9700733008926047,1.368923089563784,1.0479256962023809,532.953,655.387,573.174,,,,0,AMPA receptor modulator,
2343,NCGC00167490-03,Lumefantrine,1.134072517106718,1.1294234285891185,1.1274035501041098,1.145390572626926,545.752,631.151,581.611,,,,0,antimalarial agents,
2344,NCGC00378840-01,TG-100801,1.1345410540910366,0.4589925334934414,1.4510373413028383,1.4935932874768303,491.903,663.627,611.753,,,,0,Src Kinase Inhibitor,SRC
2345,NCGC00482518-02,Ginsenoside Rb1,1.135706323485826,0.9754642380980574,1.1824918490863299,1.249162883273091,533.386,636.679,590.594,0.000646,,0.057939,2,apoptotic process Inhibitor,
2346,NCGC00379068-03,MK591,1.1371414146617196,1.528166028771653,1.0552147588907965,0.8280434563227091,577.779,623.907,554.14,0.001241,,,1,5-lipoxygenase activating protein Inhibitor,
2347,NCGC00346721-04,GW-791343,1.1396721178173266,0.9414378376765742,1.1673744558960215,1.3102040598793843,530.653,635.162,595.878,,,,0,P2X7 Receptor Antagonist,P2RX7
2348,NCGC00263228-01,FASN BI,1.1409127722046701,1.1583701468401069,1.426413031102935,0.8379551386709687,548.077,661.156,554.998,,0.004728,0.055593,2,Fatty Acid Synthase (FAS) Inhibitor,FAS
2349,NCGC00142483-07,Cytidine,1.1437502062188118,1.58345737318139,0.9120728763689788,0.9357203691060667,582.22,609.543,563.461,0.001243,,0.001606,2,Cytidine Deaminase Inhibitor,CDA
2350,NCGC00167798-06,Oxaliplatin,1.1455298221819092,1.3575484688097013,1.1224806811284926,0.9565603166075336,564.075,630.657,565.265,0.000705,,,1,DNA Alkylating Agent,
2351,NCGC00242491-03,SB-265610,1.1457886852300487,1.4657033683565097,1.1910520605236903,0.7806106268099462,572.762,637.538,550.034,0.0014,0.158797,0.00166,3,CXCR2 Antagonist,CXCR2
2352,NCGC00263190-11,KU-0064,1.1460829284336889,1.1865947534099957,1.3155986525424639,0.9360553793486068,550.344,650.036,563.49,,8.276337,41.569836,2,ATM Kinase Inhibitor,ATM
2353,NCGC00095158-04,Secnidazole,1.150974425590242,1.227020557350192,1.2573513465455264,0.9685513728750077,553.591,644.191,566.303,,,,0,antiprotozoal agent,
2354,NCGC00178529-07,Levofloxacin,1.1509858382554183,0.8373043531814067,1.319704365129417,1.295948796455431,522.289,650.448,594.644,,,,0,DNA Topoisomerase IV Inhibitor,TOP2B
2355,NCGC00164549-12,Dofetilide,1.1513087096419063,1.0720030997402772,1.1902548347786506,1.1916681944067915,541.14,637.458,585.617,,,,0,K(V)11.1 (erg1) Channel Blocker,
2356,NCGC00162385-04,Olprinone,1.1529023926488162,1.6382631597365929,1.0600379746482838,0.7604060435615722,586.622,624.391,548.285,0.001381,,0.020981,2,Phosphodiesterase III (PDE3) Inhibitor,PDE3A
2357,NCGC00021336-14,Diclofenac sodium,1.1532317994065118,1.0119059775908068,1.2644964822854414,1.183292938343287,536.313,644.908,584.892,,,,0,Cyclooxygenase-1/2/3 Inhibitor,PTGS1
2358,NCGC00347947-04,ITD-1,1.156620530321679,1.2134249374232766,1.2690207383885395,0.987415915153221,552.499,645.362,567.936,,46.1,44.555174,2,TGF-bR1 (ALK5) Inhibitor,TGBR1
2359,NCGC00015840-09,Phloretin,1.1572916797927364,0.9417615429129287,1.34405961164037,1.1860538848249107,530.679,652.892,585.131,,,,0,VCAM1 Expression Inhibitor,ICAM1
2360,NCGC00015924-24,Synephrine,1.1573129373672295,1.3663507611982812,0.9926126072615802,1.1129754436418273,564.782,617.625,578.805,0.00189,,,1,alpha1-Adrenoceptor Agonist,ADRA1A
2361,NCGC00015725-27,Nimesulide,1.1596640479215534,1.1070877672806143,1.2060897311394954,1.1658146453445506,543.958,639.047,583.379,,,,0,Prostaglandin G/H Synthase 2 (PTGS2; COX-2) Inhibitor,PTGS2
2362,NCGC00142599-02,Stigmasterol,1.1647860041313578,1.183133597421275,0.9361092325819159,1.3751151823908825,550.066,611.955,601.497,,,,0,Steroid hormone,
2363,NCGC00356803-11,EPZ004777,1.1648243895829942,1.0166619545249485,1.3721020272221294,1.1057091870019045,536.695,655.706,578.176,,,,0,DOT1L Inhibitor,DOT1L
2364,NCGC00345810-01,Tetrahydrouridine,1.1659043044754185,1.0399936319453136,1.277441435320518,1.1802778461604242,538.569,646.207,584.631,,,,0,Cytidine Deaminase Inhibitor,CDA
2365,NCGC00263219-03,Elacridar,1.169463059553464,1.498908055485708,1.0308794430234698,0.9786016801512143,575.429,621.465,567.173,,,,0,P-Glycoprotein (MDR-1) Inhibitor,ABCBA
2366,NCGC00015242-16,Chlorothiazide,1.170217468428545,1.1609722389323456,1.2736944743188332,1.075985692034456,548.286,645.831,575.603,,,,0,Hypertension treatment,
2367,NCGC00480774-04,Pexidartinib,1.1709867121796498,1.248235700532851,1.1196804256990411,1.1450440103070572,555.295,630.376,581.581,0.001812,,,1,CSF1R (c-FMS) Inhibitor,CSF1R
2368,NCGC00186464-04,Aliskiren hemifumarate,1.1712091852903592,1.3612461786249876,1.2963356854779504,0.8560456917681395,564.372,648.103,556.564,0.001585,,0.00175,2,Renin Inhibitor,REN
2369,NCGC00350511-01,PRP003-073,1.1712506700383702,1.1425832914670946,1.084761938066317,1.2864067805816992,546.809,626.872,593.818,,14.156344,,1,GPR91 Inhibitor,SUCNR1
2370,NCGC00166323-05,Trifluridine,1.1716573557072896,1.0315025945916902,1.3202424925073182,1.16322698002286,537.887,650.502,583.155,,,,0,thymidylate synthase Inhibitor,TYMS
2371,NCGC00346448-03,Tariquidar,1.1726373187014085,1.3031535389006401,1.2146698732204815,1.0000885439831042,559.706,639.908,569.033,0.001594,,,1,P-Glycoprotein (MDR-1) Inhibitor,ABCBA
2372,NCGC00384204-04,SGC-707,1.1729114194147312,1.364869187231886,1.1501145185159185,1.0037505524963888,564.663,633.43,569.35,0.001122,,,1,PRMT3 Inhibitor,PRMT3
2373,NCGC00164615-05,Prulifloxacin,1.1736118175133006,1.63041953285568,0.9328505723490675,0.9575653473351542,585.992,611.628,565.352,0.003472,,,1,Antibacterial,
2374,NCGC00263239-03,FMK,1.17507191100956,1.026572314837974,1.3628641739014855,1.1357792442892205,537.491,654.779,580.779,,,,0,RSK Inhibitor,RPS6KA1
2375,NCGC00501213-01,PF-06651600,1.179936318448554,1.6462312886314883,1.039449619782643,0.8541280469315307,587.262,622.325,556.398,0.001107,,0.003519,2,Jak3,JAK3
2376,NCGC00164637-06,Nifekalant,1.1823442511486297,1.1016719296723656,1.2467382788146892,1.1986225449588344,543.523,643.126,586.219,,,,0,K(ATP) Channel Blocker,
2377,NCGC00250389-02,CDIBA,1.1834945588157975,1.0114577703404697,1.1839766820364657,1.3550492240704568,536.277,636.828,599.76,,1.445421,,1,Phospholipase C Inhibitor,PLCG1
2378,NCGC00179619-17,Erythromycin,1.1835077846327593,1.102692846187024,1.156283052718161,1.2915474549930928,543.605,634.049,594.263,,,,0,Bacterial 70S ribosome Binding Agent,
2379,NCGC00185997-11,AS-252424,1.1835400336502468,1.5581087631345025,0.9235031004884812,1.0690082373277572,580.184,610.69,574.999,0.001612,7.338769,13.955335,3,PI3K gamma Inhibitor,PIK3CG
2380,NCGC00163409-07,Betulinic acid,1.1837938878549914,1.0761614670073016,1.2719306123579333,1.2032895841997393,541.474,645.654,586.623,,,,0,Caspase 3/8 Activator,CASP3
2381,NCGC00016107-09,ZM-39923,1.1867611636034927,1.2656286318862409,0.9075486202658809,1.3871062386583566,556.692,609.089,602.535,0.00521,27.950486,32.308795,3,Jak1/3 Inhibitor,JAK1
2382,NCGC00507842-01,BMS-582949,1.1869136059165395,1.0477999082220324,1.356287061504911,1.156653848022675,539.196,654.119,582.586,,,,0,p38 MAPK Inhibitor,MAPK14
2383,NCGC00346736-01,Testosterone cypionate,1.192667810180856,1.573335359444593,0.9994388527034792,1.0052292183944964,581.407,618.31,569.478,0.001239,,,1,Androgen Receptor Activator,AR
2384,NCGC00387042-02,AZD-1208,1.1939818092594656,1.3393213739626268,1.2972923563719976,0.9453316974437721,562.611,648.199,564.293,0.001414,18.505271,46.1,3,Pim-1/2/3 kinase Inhibitor,PIM1
2385,NCGC00522465-01,GNF-6231,1.1940562208319407,1.1885867856337191,1.247116961043583,1.14646491581852,550.504,643.164,581.704,,,,0,Wnt Signaling Inhibitor,PORCN
2386,NCGC00492296-02,eFT508,1.1967832183706462,1.7338433558711457,1.2261997505581135,0.6303065486826791,594.299,641.065,537.023,0.00061,,,1,MNK1/2 Inhibitor,MKNK1
2387,NCGC00090766-15,Prednisone,1.2016789207768503,1.1392341872909588,1.334921411537856,1.1308811635017364,546.54,651.975,580.355,,,,0,Glucocorticoid steroid,NRC31
2388,NCGC00090808-05,Amphotericin B,1.2066908228774937,1.1764727396731973,1.1486097549221572,1.2949899740371267,549.531,633.279,594.561,0.001132,,,1,Macrolide Antibiotic,
2389,NCGC00164571-04,Dutasteride,1.2093945860238,1.2634622968429414,1.2618656373268116,1.1028558239016473,556.518,644.644,577.929,,,,0,Steroid 5alpha-Reductase Inhibitors,
2390,NCGC00167805-03,Ivachtin,1.2103953844970656,1.1478248262557686,1.349869394257344,1.1334919329780841,547.23,653.475,580.581,,,,0,Caspase 3 Inhibitor,CASP3
2391,NCGC00024999-04,Procaterol hydrochloride,1.2124315561243078,1.378141101922447,1.317761127375884,0.9413924390745922,565.729,650.253,563.952,0.00099,,,1,beta2-Adrenoceptor Agonist,ADRB2
2392,NCGC00488781-01,BAY-1161909,1.2130263064551898,1.3660270559619252,1.2907650705844882,0.9822867928191562,564.756,647.544,567.492,0.001119,,,1,MPS1 Inhibitor,TTK
2393,NCGC00093560-13,Finasteride,1.2130667420026613,2.033382751312229,1.0335601145911648,0.5722573601045902,618.358,621.734,531.998,0.001517,,0.00148,2,Androgen Receptor Antagonist,AR
2394,NCGC00347939-08,BAM-7,1.2156527570746138,1.4203223842597996,1.209796830853928,1.0168390561101142,569.117,639.419,570.483,0.001695,,0.642529,2,BAX Activator,BCL2
2395,NCGC00168114-09,IC-87114,1.2168899287668427,1.2458452618643823,1.2472465102271524,1.1575780142089933,555.103,643.177,582.666,,,,0,PI3K Inhibitor,PIK3CA
2396,NCGC00159455-27,Gefitinib,1.2228937400128421,1.3278422882734175,1.0572277538970207,1.283611177868088,561.689,624.109,593.576,0.001253,,37.237144,2,EGFR Inhibitor,EGFR
2397,NCGC00402377-02,PCI-27483,1.2275011409805758,1.7394210460975723,1.0204158551198277,0.9226665217243273,594.747,620.415,562.331,0.001099,,,1,Coagulation Factor VIIa Inhibitor,F7
2398,NCGC00015121-25,Phenoxybenzamine hydrochloride,1.232674361588808,1.1748542134914217,1.3461025026120328,1.1770663686629694,549.401,653.097,584.353,0.012827,0.588195,,2,Adrenergenic Receptor Antagonist,ADORA1
2399,NCGC00181011-02,Gimeracil,1.2338692088627683,1.279186901208961,1.2251035651586843,1.1973171602206596,557.781,640.955,586.106,,,,0,Dihydropyrimidine Dehydrogenase Inhibitor,DPYD
2400,NCGC00091585-03,Octocrylene,1.2345363421914624,1.0542864631505329,1.4840624177910946,1.1652601456327598,539.717,666.941,583.331,,,,0,photosensitizer,
2401,NCGC00178127-11,Ramipril,1.2384293235932395,1.114831792550342,1.305304475109644,1.2951517031197324,544.58,649.003,594.575,,,,0,Angiotensin-I Converting Enzyme Inhibitor,ACE
2402,NCGC00015672-15,Morin hydrate,1.244906329497266,1.042334269808189,1.4391786083453784,1.2532061103382306,538.757,662.437,590.944,0.11109,0.001391,,2,Cytochrome P450 CYP1A2 Inhibitor,CYP1A2
2403,NCGC00017337-22,Capsaicin,1.2600552492997097,1.0818263086435156,1.3473680984822833,1.35097134077333,541.929,653.224,599.407,0.001432,,,1,,NFKB1
2404,NCGC00181767-12,Tolcapone,1.2635165091571614,1.1890847936896496,1.2639284589421007,1.3375362748397341,550.544,644.851,598.244,,,,0,catechol-O-methyltransferase (COMT),COMT
2405,NCGC00167520-05,Cilomilast,1.263982913277501,1.1588059038890461,1.2021733596669892,1.4309694762764673,548.112,638.654,606.332,,0.001665,,1,Phosphodiesterase IIII (PDE4) Inhibitor,PDE4A
2406,NCGC00015110-20,Aminoglutethimide,1.271106278190346,1.6985096843028433,1.1226799875647522,0.9921291627034422,591.461,630.677,568.344,0.0011,,,1,Aromatase Inhibitor,CYP19A1
2407,NCGC00346614-07,PIK-294,1.2785500530243816,1.0945255140697552,1.5685982427307055,1.1725264022726842,542.949,675.424,583.96,,9.887257,,1,PI3K Inhibitor,PIK3CA
2408,NCGC00168774-04,Rasagiline mesylate,1.2822793996996273,1.3719782522303012,1.2382079633427683,1.2366519835258123,565.234,642.27,589.511,0.001252,,,1,MAO-B Inhibitor,MAOB
2409,NCGC00263227-02,BAY-41-8543,1.2827377756757437,1.8695879017165318,0.803361180711049,1.1752642445996504,605.202,598.634,584.197,0.001932,2.294792,0.001697,3,Soluble Guanylate Cyclase (sGC) Activator,GUCY1A2
2410,NCGC00381477-05,SAR-405,1.283368729731014,1.1850260280338119,1.427469355215112,1.237610805944118,550.218,661.262,589.594,,,,0,VPS34 Inhibitor,PIK3C3
2411,NCGC00181773-01,Parecoxib sodium,1.2851900381586814,1.1753024207417602,1.378011463057233,1.3022562306770509,549.437,656.299,595.19,,,,0,Cyclooxygenase-2 Inhibitor,
2412,NCGC00015785-10,Progesterone,1.2868556232859027,1.1595778163757393,1.2639085282984752,1.437080525183494,548.174,644.849,606.861,,,,0,Progestogen hormone,PGR
2413,NCGC00095150-16,Telmisartan,1.2874830913862352,1.3196998565589462,1.2021633943451764,1.3405860232545832,561.035,638.653,598.508,,,,0,Angiotensin AT1 Antagonist,AGT
2414,NCGC00344620-03,C-646,1.2893507616079023,1.2589304235339691,1.4220282895052192,1.1870935717845186,556.154,660.716,585.221,0.00175,,,1,Histone N-Acetyltransferase (HAT) Inhibitor,HAT1
2415,NCGC00263123-02,MK-767,1.290033779732257,1.4281286605365187,1.2619951865103807,1.1799774921498716,569.744,644.657,584.605,0.001411,,,1,PPARalpha/gamma Agonist,PPARA
2416,NCGC00164353-11,Mannitol,1.2911628116771152,1.3377401983850465,1.2688413625959063,1.2669068740503928,562.484,645.344,592.13,,,,0,Osmotic diuretic agent,
2417,NCGC00023509-18,Lovastatin,1.2917995963904143,1.5118313645371169,1.2845666404168075,1.0790007842173188,576.467,646.922,575.864,0.001114,,,1,HMG-CoA Reductase Inhibitor,HMGCR
2418,NCGC00271534-03,Nateglinide,1.292397704890135,1.1905290170518492,1.3381302451616395,1.3485338524569164,550.66,652.297,599.196,,,26.439164,1,Insulin Secretagogues,
2419,NCGC00274068-07,Itraconazole,1.2938533425444902,1.255494167948046,1.5732420826955598,1.0528237769898652,555.878,675.89,573.598,,,,0,cytochrome Inhibitor,
2420,NCGC00016794-14,Gemfibrozil,1.293989300548421,1.4148069450403644,1.4270906729862194,1.0400702836186797,568.674,661.224,572.494,,,,0,PPARalpha Agonist,PPARA
2421,NCGC00016777-10,Probucol,1.2963950783630809,1.1842416653457208,1.3323005319010388,1.3726430378424828,550.155,651.712,601.283,,0.008952,,1,Serine Protease Hepsin Inhibitor,
2422,NCGC00510683-01,PF-04937319,1.3002530444338232,1.3604369155341005,1.2493292624860672,1.290992955281302,564.307,643.386,594.215,0.001574,,,1,Glucokinase Activator,GCK
2423,NCGC00242497-14,Vismodegib,1.3064085333842768,1.113001612944795,1.5533413350350151,1.2528826521730203,544.433,673.893,590.916,0.438355,,,1,Hedgehog Antagonist,SHH
2424,NCGC00379220-07,SR-2211,1.3112365838056192,1.6070629550325177,1.1921382806013068,1.1345085157830335,584.116,637.647,580.669,0.001111,,,1,ROR-gamma Inverse Agonist,RORC
2425,NCGC00506803-01,Belotecan,1.3140422892634216,1.0301953234448726,0.9263930438142485,1.985538500531144,537.782,610.98,654.338,,,0.017154,1,DNA Topoisomerase I Inhibitor,TOP1
2426,NCGC00378640-02,Alvimopan,1.3149268918849186,1.4150061482627376,1.433249241866648,1.0965252855253702,568.69,661.842,577.381,,,,0,mu-Opioid Antagonist,OPRM1
2427,NCGC00167467-03,Vecuronium bromide,1.3152588472474593,1.332797468429931,1.1384351613510928,1.474543911961354,562.087,632.258,610.104,0.001255,,,1,Steroid non-depolarizing neuromuscular Blocker,
2428,NCGC00346606-02,Cyclovirobuxin D,1.3194948145557215,1.1353995252602904,1.3183092200755981,1.5047756983312757,546.232,650.308,612.721,,0.000378,,1,acute myocardial ischemia drug,
2429,NCGC00091057-08,Silybin,1.321408804323115,1.6166122595049948,1.13939183224514,1.2082223212192098,584.883,632.354,587.05,22.897878,28.651923,29.360982,3,P-Glycoprotein (MDR-1) Inhibitor,ABCBA
2430,NCGC00475741-01,TAK-441,1.3269374951001618,1.4584822515455114,1.2394237326039539,1.2829065011510203,572.182,642.392,593.515,0.001117,,,1,Hedgehog Antagonist,SHH
2431,NCGC00347903-02,Ro-51,1.328744157722426,1.2743313226636341,1.4239117353278743,1.2879894151757691,557.391,660.905,593.955,,,,0,P2X3/P2X2 Receptor Antagonist,P2RX3
2432,NCGC00167811-13,GW-9508,1.3406927905194739,1.1309050025555134,1.5404561739308165,1.3507171950720918,545.871,672.6,599.385,,0.001327,,1,Free Fatty Acid Receptor 1 Agonist,FFAR1
2433,NCGC00378765-02,MK-0812,1.3425966179429167,1.6957706399952226,1.2111421492986818,1.1208770645348458,591.241,639.554,579.489,0.00038,,0.001201,2,Chemokine CCR2 (MCP-1 Receptor) Antagonist,CCR2
2434,NCGC00263019-01,WAY-204688,1.3492604844558924,1.3760245676847396,1.4651980635991004,1.2065588220838375,565.559,665.048,586.906,,,0.005279,1,NF-kappaB Activation Inhibitor,NFKB1
2435,NCGC00167803-13,GSI-IX,1.3502999248391252,1.4330464900888367,1.5824500400507642,1.0354032443777748,570.139,676.814,572.09,,,,0,g-Secretase Inhibitor,NOTCH1
2436,NCGC00486944-01,NVS-PAK1-1,1.3530664820504739,1.5502402358507938,1.3781011509535501,1.1308580593470776,579.552,656.308,580.353,,5.28718,,1,p21-Activated Kinase 1 (PAK1) Inhibitor,PAK1
2437,NCGC00015471-09,Ganciclovir,1.3578754726942224,1.3949488738101163,1.2632109557715654,1.4154665885009856,567.079,644.779,604.99,,,,0,DNA Polymerase Inhibitor,
2438,NCGC00181765-03,Pranlukast hydrate,1.3607724522001585,1.6091296884646318,1.2722893639432016,1.200898304192642,584.282,645.69,586.416,0.001376,,,1,Leukotriene CysLT1/2 (LTD4) Antagonist,CYSLTR1
2439,NCGC00249661-03,NCGC00249661,1.3612864995329688,1.4989205056871058,1.2844271259114255,1.3005118670003752,575.43,646.908,595.039,0.00112,,,1,HPGD Inhibitor,HPGD
2440,NCGC00095164-06,Protionamide,1.3634305179156454,1.6383503111463815,1.3097390433164249,1.14220219928413,586.629,649.448,581.335,0.001225,,,1,tuberculosis treatment,
2441,NCGC00016959-17,Ciprofloxacin,1.364258482103781,1.4442018705416901,1.7424034204710994,0.9061701552985538,571.035,692.865,560.903,,,,0,DNA Topoisomerase IV Inhibitor,TOP2B
2442,NCGC00387306-01,PT-2385,1.3656295382358938,1.4407158141501737,1.2684427497233859,1.3877300508341222,570.755,645.304,602.589,,,,0,HIF-2alpha Inhibitor,HIF2A
2443,NCGC00015245-12,Bethanechol chloride,1.3698396387689753,1.4153423037004902,1.437574191533486,1.2566024210729496,568.717,662.276,591.238,0.001407,,,1,Muscarinic receptor Agonist,
2444,NCGC00346440-02,Sumanirole maleate,1.3829716605609848,1.509963834327376,1.4008320500089857,1.2381190973465928,576.317,658.589,589.638,0.001107,,,1,Dopamine D2 Agonist,DRD2
2445,NCGC00186037-10,Ibandronate sodium hydrate,1.3862314822498507,1.9548095302877202,0.7219245708552781,1.4819603456065538,612.047,590.462,610.746,,,,0,Treatment of Osteoporosis,
2446,NCGC00384220-02,AMG-925 (FLX925),1.386919120192121,1.8142343062998034,1.0376359312126784,1.308887123063881,600.756,622.143,595.764,0.000236,,,1,CDK4/6 Inhibitor,CDK4
2447,NCGC00346933-01,SU-6656,1.3937770421013742,1.7309175585425511,1.364169631058987,1.0862439367025842,594.064,654.91,576.491,0.039201,,,1,Lyn Kinase Inhibitor,LYN
2448,NCGC00387463-02,MPS1-IN-1,1.396246370600741,1.6204842721398571,1.3535864592935896,1.2146683803687766,585.194,653.848,587.608,,0.002198,,1,MPS1 Inhibitor,TTK
2449,NCGC00161834-01,Budesonide,1.3981738437551985,1.3266470689391832,1.426831574619081,1.4410428877073311,561.593,661.198,607.204,,,,0,Glucocorticoid steroid,NRC31
2450,NCGC00510689-01,YU-238259,1.4137552073205693,1.3733228739813141,1.3510951288403414,1.516847619140052,565.342,653.598,613.766,0.001419,,,1,homology-dependent DNA repair Inhibitor,
2451,NCGC00015034-15,INO-1001,1.4162934311653705,1.5777800813437766,1.375151415696904,1.295948796455431,581.764,656.012,594.644,0.001107,,,1,PARP Inhibitor,PARP1
2452,NCGC00016463-08,Cytisine,1.4167411692267216,1.7162512212953838,1.4481673286206977,1.0858049577640831,592.886,663.339,576.453,0.001229,,,1,Nicotinic alpha3beta4 Partial Agonist,CHRNA3
2453,NCGC00480972-03,GSK-864,1.418720729718323,1.395733236498209,1.2778500135148512,1.582578939141909,567.142,646.248,619.456,,,0.000373,1,IDH1 Inhibitor,IDH1
2454,NCGC00263221-03,Ezatiostat,1.4252862045156107,1.7287138728950562,1.166796467230868,1.3803482734209083,593.887,635.104,601.95,0.001376,,,1,Glutathione-s-transferase P1 (GSTP1) Inhibitor,GSTP1
2455,NCGC00159458-11,Atorvastatin calcium,1.4253263144287573,1.1023691409506682,1.4125512684610635,1.7610585338745406,543.579,659.765,634.906,8.048021,1.731208,,2,HMG-CoA Reductase Inhibitor,
2456,NCGC00507861-01,FRAX-1036,1.4336746981558206,2.371218966254406,1.051637208359932,0.8781679198531236,645.493,623.548,558.479,0.000119,,,1,p21-Activated Kinase 1/2 (PAK1/2) Inhibitor,PAK1
2457,NCGC00015680-33,Melatonin,1.4348915542105978,1.7060296059474016,1.4928319009865276,1.105813155697864,592.065,667.821,578.185,0.001225,,0.005462,2,NOS2 Expression Inhibitor,MTNR1B
2458,NCGC00015054-20,Tacrine hydrochloride,1.44641002641353,1.5896949240819251,1.3409305005910899,1.408604654567575,582.721,652.578,604.396,0.001905,,30.002262,2,Acetylcholinesterase Inhibitor,ACHE
2459,NCGC00263212-05,SJ-172550,1.4475034949083896,1.6439529017756043,1.45663785216174,1.2419197307878242,587.079,664.189,589.967,0.001105,,,1,MDM4 (MDMX) Inhibitor,MDM4
2460,NCGC00167433-06,Rocuronium bromide,1.4816167541399898,1.7663881823262353,1.2022431169196797,1.4762189631740548,596.913,638.661,610.249,0.001242,,,1,Steroid non-depolarizing neuromuscular Blocker,
2461,NCGC00347940-04,Bioymifi,1.4891570584573486,1.3445006577443097,1.5619015464723744,1.5610689711553616,563.027,674.752,617.594,,,,0,TRAIL Receptor DR5 Agonist,TNFRSF10B
2462,NCGC00015603-14,Lomefloxacin hydrochloride,1.4933449647826211,1.5144210064279575,1.5514180279251077,1.4141958599947984,576.675,673.7,604.88,,,,0,Quinoline Antibiotic,
2463,NCGC00094594-17,Bacitracin (Zinc),1.5034713892764646,1.720011182117663,1.6385548018579092,1.1518481838538215,593.188,682.444,582.17,,,,0,,
2464,NCGC00247029-02,2-Deoxyglucose,1.5101605679050591,1.3336440821250135,1.7580589410393102,1.4387786805508536,562.155,694.436,607.008,,,,0,sugar,
2465,NCGC00494684-01,Basmisanil,1.5264978149877966,1.7581212485977813,1.2766840708627303,1.544688125502878,596.249,646.131,616.176,0.006911,,,1,GABA(A) Receptor Subunit alpha-5 (GABRA5) Inverse Agonist,GABRA1
2466,NCGC00165782-07,GW-4869,1.5560873101588417,2.24095250902426,0.9208124635989724,1.5064969578532927,635.03,610.42,612.87,,,3.083042,1,Neutral Sphingomyelinase (N-SMase) Inhibitor,NSMAF
2467,NCGC00263531-10,Linezolid,1.5624648483248422,1.3742441888847874,1.8149708939133076,1.4981794621764317,565.416,700.147,612.15,,,,0,50S Ribosomal Protein Inhibitor,
2468,NCGC00346842-04,Indoximod,1.5848220359544376,2.0433553626322474,1.3902787742090263,1.3208319710220389,619.159,657.53,596.798,0.000276,,0.000362,2,IDO Inhibitor,IDO1
2469,NCGC00162383-05,Vancomycin hydrochloride,1.5878333907071243,1.665429499187628,1.5745575051748752,1.5235131677588694,588.804,676.022,614.343,0.000698,,,1,glycopeptide antibiotic,
2470,NCGC00346539-05,CCT-129202,1.5958603415266979,2.0331337472842637,1.3985200953483707,1.355927181947459,618.338,658.357,599.836,0.000602,,23.0,2,Aurora Kinase Inhibitor,AURKA
2471,NCGC00159521-16,Zoledronic acid monohydrate,1.6917391196237976,2.1488210186770296,1.6037160367996892,1.3226803033946741,627.63,678.948,596.958,0.000114,,0.000764,2,Farnesyl Pyrophosphate Synthase Inhibitor,FDPS
2472,NCGC00408796-01,EMPM,1.8501945251836,2.157673111871203,1.8050753293530062,1.5878351343265908,628.341,699.154,619.911,0.000308,0.075541,,2,Protein Phosphatase 2A (PP-2A) Inhibitor,PPP2CA
2473,NCGC00386394-01,UNC2250,1.8655956951482124,1.956851363317037,2.020505656306268,1.619430065821332,612.211,720.772,622.646,,,,0,Tyrosine-protein kinase Mer Inhibitor,MERTK
2474,NCGC00070736-17,Imiquimod,1.8857539916658748,2.301858894264619,1.6462480302975395,1.7091550504354658,639.922,683.216,630.413,0.001804,,0.114023,2,TLR 7 Receptor Antagonist,TLR7
2475,NCGC00238454-10,PIK-90,1.9794328713732503,2.570720993460355,1.7920107924561732,1.5755668282032227,661.517,697.843,618.849,0.00017,,,1,PI3K Inhibitor,PIK3CA
2476,NCGC00510693-01,TAK-659,2.0488615225630142,2.093567024871488,1.9981434741579136,2.0548740686596405,623.192,718.528,660.34,,,,0,Syk Kinase Inhibitor,SYK
2477,NCGC00510518-01,CFI-402257,2.242667980708564,2.134216932436854,2.5587825140350313,2.0350044956538067,626.457,774.787,658.62,,,,0,MPS1 Inhibitor,TTK
2478,NCGC00508871-01,HM-30181,2.402103825615817,3.4803078072154854,1.3566358477683655,2.3693678218636003,734.575,654.154,687.564,,,,0,P-Glycoprotein (MDR-1) Inhibitor,ABCBA
2479,NCGC00024359-10,Penicillamine,2.513178743896692,2.2658653620222067,2.632216970474969,2.641453899192901,637.031,782.156,711.117,,0.875081,,1,Copper Chelator,
2480,NCGC00346575-02,Dabigatran,3.797555484179486,3.2380019876022694,4.0986240405785574,4.05604042435763,715.113,929.307,833.57,,,,0,Thrombin Inhibitor,
