drug_a,drug_b,intersection_n,union_n,jaccard,n_a,n_b,shared_genes
axitinib,cabozantinib,1,1,1.0,1,1,ZNF521
bosutinib,lapatinib,1,1,1.0,1,1,MLLT10
binimetinib,trametinib,20,25,0.8,23,22,ACSL3;ASXL2;ATIC;ATP1A1;BIRC6;EML4;ETNK1;ETV1;ETV4;ETV5;IDH1;MAP3K1;NFE2L2;RNF43;SH2B3;SHTN1;SLC45A3;SRSF2;STAT6;TNFRSF14
cobimetinib,trametinib,22,29,0.7586206896551724,29,22,ACSL3;ASXL2;ATIC;ATP1A1;BIRC6;CASP8;EML4;ERBB3;ETNK1;ETV1;ETV4;ETV5;IDH1;MAP3K1;NFE2L2;RNF43;SH2B3;SHTN1;SLC45A3;SRSF2;STAT6;TNFRSF14
cobimetinib,selumetinib,24,32,0.75,29,27,ACSL3;ASXL2;ATIC;ATP1A1;BIRC6;BLM;CASP8;CHD4;CREB3L2;ETNK1;ETV1;ETV4;ETV5;IDH1;MAP3K1;NFE2L2;PALB2;PTCH1;SH2B3;SLC45A3;SND1;SRSF2;STAT6;TNFRSF14
binimetinib,cobimetinib,22,30,0.7333333333333333,23,29,ACSL3;ASXL2;ATIC;ATP1A1;BIRC6;CREB3L2;EML4;ETNK1;ETV1;ETV4;ETV5;IDH1;MAP3K1;NFE2L2;RNF43;SH2B3;SHTN1;SLC45A3;SND1;SRSF2;STAT6;TNFRSF14
binimetinib,selumetinib,20,30,0.6666666666666666,23,27,ACSL3;ASXL2;ATIC;ATP1A1;BIRC6;CREB3L2;EP300;ETNK1;ETV1;ETV4;ETV5;IDH1;MAP3K1;NFE2L2;SH2B3;SLC45A3;SND1;SRSF2;STAT6;TNFRSF14
teniposide,valrubicin,7,12,0.5833333333333334,8,11,CTCF;IKZF1;P2RY8;SUB1;TAF15;WAS;ZEB1
selumetinib,trametinib,18,31,0.5806451612903226,27,22,ACSL3;ASXL2;ATIC;ATP1A1;BIRC6;CASP8;ETNK1;ETV1;ETV4;ETV5;IDH1;MAP3K1;NFE2L2;SH2B3;SLC45A3;SRSF2;STAT6;TNFRSF14
carmustine,lomustine,20,36,0.5555555555555556,29,27,AMER1;ARID1A;BCLAF1;BCOR;CBFB;CHD4;CNTRL;DDX5;DDX6;EWSR1;FUBP1;LCP1;MYB;NONO;RBM10;SPEN;THRAP3;TRIM24;ZNF521;ZRSR2
acalabrutinib,tucatinib,1,2,0.5,1,2,ERBB4
afatinib,neratinib,5,10,0.5,9,6,LASP1;MGMT;MPL;PAX5;PDGFB
gilteritinib,lorlatinib,1,2,0.5,1,2,BCL3
sirolimus,temsirolimus,1,2,0.5,2,1,FAS
docetaxel,paclitaxel,7,15,0.4666666666666667,12,10,AMER1;CNTRL;EWSR1;FEN1;KDM5C;PHF6;TERT
mercaptopurine,tioguanine,13,30,0.43333333333333335,27,16,BAZ1A;CHD4;LARP4B;MAX;MEN1;MSH2;POLE;SPEN;SPOP;TERT;TOP1;TRIM27;U2AF1
gemcitabine,thiotepa,2,5,0.4,4,3,FLT3;KDM5A
afatinib,dacomitinib,5,13,0.38461538461538464,9,9,ERBB4;LASP1;PAX5;PDGFB;SLC34A2
dacomitinib,ibrutinib,6,16,0.375,9,13,ERBB4;LASP1;NUTM1;PDGFB;PREX2;WIF1
encorafenib,vemurafenib,10,27,0.37037037037037035,15,22,ACVR1;CREB3L2;GAS7;IDH1;NFATC2;NFE2L2;SH2B3;SND1;TNFRSF14;WWTR1
cytarabine,trifluridine,4,11,0.36363636363636365,9,6,FLT3;POLR2A;TAF15;TERT
duvelisib,idelalisib,4,11,0.36363636363636365,6,9,AFF3;CALR;CDKN2C;NBEA
etoposide,teniposide,4,11,0.36363636363636365,7,8,SUB1;TAF15;WAS;ZEB1
daunorubicin,irinotecan,6,17,0.35294117647058826,12,11,ATF1;FUBP1;RFWD3;SUB1;TAF15;TERT
dabrafenib,selumetinib,17,50,0.34,40,27,ACSL3;ASXL2;ATIC;BIRC6;BLM;CASP8;CNBD1;ETV4;MAP3K1;NFE2L2;PALB2;SH2B3;SLC45A3;SND1;SRSF2;STAT6;TNFRSF14
bosutinib,sunitinib,1,3,0.3333333333333333,1,3,MLLT10
chlorambucil,melphalan,3,9,0.3333333333333333,6,6,FNBP1;KDM5A;TAF15
chlorambucil,topotecan,2,6,0.3333333333333333,6,2,FNBP1;TAF15
lapatinib,sunitinib,1,3,0.3333333333333333,1,3,MLLT10
melphalan,topotecan,2,6,0.3333333333333333,6,2,FNBP1;TAF15
pemetrexed,pralatrexate,1,3,0.3333333333333333,2,2,TERT
pemetrexed,trifluridine,2,6,0.3333333333333333,2,6,RFWD3;TERT
raloxifene,tamoxifen,8,24,0.3333333333333333,14,18,BCOR;BLM;CHD4;CHEK2;CNTRL;CRTC1;EWSR1;MYB
cobimetinib,dabrafenib,17,52,0.3269230769230769,29,40,ACSL3;ASXL2;ATIC;BIRC6;BLM;CASP8;ERBB3;ETV4;MAP3K1;NFE2L2;PALB2;SH2B3;SLC45A3;SND1;SRSF2;STAT6;TNFRSF14
encorafenib,selumetinib,10,32,0.3125,15,27,ASXL2;CASP8;CREB3L2;IDH1;MAP3K1;NFE2L2;SH2B3;SND1;STAT6;TNFRSF14
binimetinib,encorafenib,9,29,0.3103448275862069,23,15,ASXL2;CREB3L2;IDH1;MAP3K1;NFE2L2;SH2B3;SND1;STAT6;TNFRSF14
mitoxantrone,valrubicin,4,13,0.3076923076923077,6,11,FLI1;SMARCE1;TAF15;ZEB1
carboplatin,cisplatin,3,10,0.3,7,6,LCP1;QKI;TET1
cytarabine,gemcitabine,3,10,0.3,9,4,FANCA;FLT3;TERT
abiraterone,fruquintinib,16,54,0.2962962962962963,39,31,ACKR3;CDH11;COL1A1;COL2A1;COL3A1;CREB3L1;FLNA;IL6ST;ITGAV;JAZF1;JUN;MN1;NDRG1;RUNX1T1;TMEM127;TPM4
cobimetinib,encorafenib,10,34,0.29411764705882354,29,15,ASXL2;CASP8;CREB3L2;IDH1;MAP3K1;NFE2L2;SH2B3;SND1;STAT6;TNFRSF14
crizotinib,raloxifene,7,24,0.2916666666666667,17,14,BCOR;BLM;CHD4;CNTRL;LCP1;MYB;TRIM24
dabrafenib,trametinib,14,48,0.2916666666666667,40,22,ACSL3;ASXL2;ATIC;BIRC6;CASP8;ERBB3;ETV4;MAP3K1;NFE2L2;SH2B3;SLC45A3;SRSF2;STAT6;TNFRSF14
carfilzomib,vinblastine,4,14,0.2857142857142857,9,9,AMER1;CNTRL;KDM5C;PHF6
chlorambucil,thiotepa,2,7,0.2857142857142857,6,3,KDM5A;TAF15
etoposide,valrubicin,4,14,0.2857142857142857,7,11,SUB1;TAF15;WAS;ZEB1
fludarabine,umbralisib,2,7,0.2857142857142857,4,5,JAK3;LARP4B
melphalan,thiotepa,2,7,0.2857142857142857,6,3,KDM5A;TAF15
thiotepa,trifluridine,2,7,0.2857142857142857,3,6,FLT3;TAF15
daunorubicin,idarubicin,5,18,0.2777777777777778,12,11,ARID2;ATF1;BRCA1;RFWD3;TAF15
encorafenib,trametinib,8,29,0.27586206896551724,15,22,ASXL2;CASP8;IDH1;MAP3K1;NFE2L2;SH2B3;STAT6;TNFRSF14
nilotinib,raloxifene,6,22,0.2727272727272727,14,14,BLM;CHD4;CHEK2;LCP1;MYB;TRIM24
carfilzomib,paclitaxel,4,15,0.26666666666666666,9,10,AMER1;CNTRL;KDM5C;PHF6
imatinib,nilotinib,4,15,0.26666666666666666,5,14,BLM;CHD4;LCP1;MYB
imatinib,raloxifene,4,15,0.26666666666666666,5,14,BLM;CHD4;LCP1;MYB
paclitaxel,vinblastine,4,15,0.26666666666666666,10,9,AMER1;CNTRL;KDM5C;PHF6
daunorubicin,mitomycin,5,19,0.2631578947368421,12,12,BRCA1;CTCF;RFWD3;TAF15;XPO1
actinomycin d,crizotinib,6,23,0.2608695652173913,12,17,BRCA1;CHD4;CNTRL;LCP1;MYB;RAD17
dexrazoxane,idarubicin,6,23,0.2608695652173913,18,11,ARID2;ATF1;BRD3;PPM1D;TAF15;ZCCHC8
binimetinib,dabrafenib,13,50,0.26,23,40,ACSL3;ASXL2;ATIC;BIRC6;ETV4;MAP3K1;NFE2L2;SH2B3;SLC45A3;SND1;SRSF2;STAT6;TNFRSF14
actinomycin d,lomustine,8,31,0.25806451612903225,12,27,BCLAF1;CHD4;CNTRL;DDX5;EWSR1;LCP1;MYB;PHF6
brigatinib,lorlatinib,2,8,0.25,8,2,BCL3;EPAS1
crizotinib,tamoxifen,7,28,0.25,17,18,BCOR;BLM;CHD4;CNTRL;MYB;RALGDS;SRSF2
dabrafenib,encorafenib,11,44,0.25,40,15,ASXL2;ATR;CASP8;GAS7;MAP3K1;NFATC2;NFE2L2;SH2B3;SND1;STAT6;TNFRSF14
dacomitinib,neratinib,3,12,0.25,9,6,LASP1;PAX5;PDGFB
dasatinib,erdafitinib,7,28,0.25,25,10,ABL1;EGFR;ELF4;FGFR1;FLNA;JUN;MYH9
daunorubicin,teniposide,4,16,0.25,12,8,CTCF;IKZF1;SUB1;TAF15
epirubicin,mitoxantrone,2,8,0.25,4,6,FLI1;ZEB1
epirubicin,valrubicin,3,12,0.25,4,11,FLI1;TCF12;ZEB1
gemcitabine,trifluridine,2,8,0.25,4,6,FLT3;TERT
thiotepa,topotecan,1,4,0.25,3,2,TAF15
crizotinib,nilotinib,6,25,0.24,17,14,BLM;CHD4;FOXO4;LCP1;MYB;TRIM24
dacarbazine,tioguanine,6,25,0.24,15,16,BRAF;CHD4;MAX;SPEN;TRIM27;U2AF1
actinomycin d,raloxifene,5,21,0.23809523809523808,12,14,CHD4;CNTRL;EWSR1;LCP1;MYB
actinomycin d,carfilzomib,4,17,0.23529411764705882,12,9,CNTRL;PHF6;RAD17;SF3B1
carfilzomib,docetaxel,4,17,0.23529411764705882,9,12,AMER1;CNTRL;KDM5C;PHF6
docetaxel,vinblastine,4,17,0.23529411764705882,12,9,AMER1;CNTRL;KDM5C;PHF6
cytarabine,hydroxyurea,3,13,0.23076923076923078,9,7,BAZ1A;FLT3;TERT
fruquintinib,lenvatinib,9,40,0.225,31,18,ACKR3;COL1A1;COL3A1;FLNA;FSTL3;JUN;MYH9;PDCD1LG2;SFRP4
afatinib,osimertinib,2,9,0.2222222222222222,9,2,ELF3;PDGFB
crizotinib,imatinib,4,18,0.2222222222222222,17,5,BLM;CHD4;LCP1;MYB
crizotinib,lomustine,8,36,0.2222222222222222,17,27,BCOR;CHD4;CNTRL;LCP1;MYB;RALGDS;TRIM24;ZNF521
dacomitinib,tucatinib,2,9,0.2222222222222222,9,2,ERBB4;PREX2
gemcitabine,hydroxyurea,2,9,0.2222222222222222,4,7,FLT3;TERT
binimetinib,vemurafenib,8,37,0.21621621621621623,23,22,ACSL3;ATP1A1;CREB3L2;IDH1;NFE2L2;SH2B3;SND1;TNFRSF14
lomustine,tamoxifen,8,37,0.21621621621621623,27,18,BCLAF1;BCOR;CHD4;CNTRL;EWSR1;MYB;RALGDS;RBM10
actinomycin d,imatinib,3,14,0.21428571428571427,12,5,CHD4;LCP1;MYB
erlotinib,vandetanib,3,14,0.21428571428571427,11,6,ITGAV;LPP;PTPN13
idarubicin,melphalan,3,14,0.21428571428571427,11,6,KDM5A;SETD1B;TAF15
irinotecan,trifluridine,3,14,0.21428571428571427,11,6,RFWD3;TAF15;TERT
carmustine,crizotinib,8,38,0.21052631578947367,29,17,BCOR;CHD4;CNTRL;LCP1;MYB;POT1;TRIM24;ZNF521
daunorubicin,valrubicin,4,19,0.21052631578947367,12,11,CTCF;IKZF1;SUB1;TAF15
idarubicin,mitomycin,4,19,0.21052631578947367,11,12,BRCA1;KDM5A;RFWD3;TAF15
ixabepilone,tamoxifen,5,24,0.20833333333333334,11,18,CHEK2;EWSR1;MYB;NTHL1;SRSF2
methotrexate,oxaliplatin,10,48,0.20833333333333334,27,31,BLM;EWSR1;MEN1;MSH2;MYC;SET;SETD1B;TAF15;TERT;ZMYM3
actinomycin d,carmustine,7,34,0.20588235294117646,12,29,BCLAF1;CHD4;CNTRL;DDX5;EWSR1;LCP1;MYB
lomustine,raloxifene,7,34,0.20588235294117646,27,14,BCOR;CHD4;CNTRL;EWSR1;LCP1;MYB;TRIM24
abemaciclib,temsirolimus,1,5,0.2,5,1,FAS
actinomycin d,tamoxifen,5,25,0.2,12,18,BCLAF1;CHD4;CNTRL;EWSR1;MYB
chlorambucil,cisplatin,2,10,0.2,6,6,FNBP1;KDM5A
chlorambucil,mitoxantrone,2,10,0.2,6,6,TAF15;ZEB1
cisplatin,melphalan,2,10,0.2,6,6,FNBP1;KDM5A
cladribine,thiotepa,1,5,0.2,3,3,FLT3
clofarabine,gemcitabine,1,5,0.2,2,4,FANCA
cytarabine,thiotepa,2,10,0.2,9,3,FLT3;TAF15
daunorubicin,melphalan,3,15,0.2,12,6,CTCF;DDX5;TAF15
daunorubicin,trifluridine,3,15,0.2,12,6,RFWD3;TAF15;TERT
duvelisib,vandetanib,2,10,0.2,6,6,NBEA;PREX2
gemcitabine,pemetrexed,1,5,0.2,4,2,TERT
gemcitabine,pralatrexate,1,5,0.2,4,2,TERT
melphalan,mitomycin,3,15,0.2,6,12,CTCF;KDM5A;TAF15
mitomycin,trifluridine,3,15,0.2,12,6,POLR2A;RFWD3;TAF15
selumetinib,vemurafenib,8,41,0.1951219512195122,27,22,ACSL3;ATP1A1;CREB3L2;IDH1;NFE2L2;SH2B3;SND1;TNFRSF14
carmustine,raloxifene,7,36,0.19444444444444445,29,14,BCOR;CHD4;CNTRL;EWSR1;LCP1;MYB;TRIM24
dexrazoxane,palbociclib,7,37,0.1891891891891892,18,26,BCL11B;KMT2D;MLLT6;PTPN6;SETDB1;TRIM24;ZCCHC8
ceritinib,palbociclib,6,32,0.1875,12,26,BLM;MLLT6;PTPN6;SETDB1;SYK;TOP1
daunorubicin,etoposide,3,16,0.1875,12,7,BRCA1;SUB1;TAF15
cobimetinib,vemurafenib,8,43,0.18604651162790697,29,22,ACSL3;ATP1A1;CREB3L2;IDH1;NFE2L2;SH2B3;SND1;TNFRSF14
nilotinib,tamoxifen,5,27,0.18518518518518517,14,18,BLM;CHD4;CHEK2;MYB;TFRC
chlorambucil,etoposide,2,11,0.18181818181818182,6,7,TAF15;ZEB1
daunorubicin,methotrexate,6,33,0.18181818181818182,12,27,ATF1;CTCF;RFWD3;TAF15;TERT;XPO1
docetaxel,lomustine,6,33,0.18181818181818182,12,27,AMER1;ARID1A;CNTRL;EWSR1;PHF6;SMC1A
etoposide,mitoxantrone,2,11,0.18181818181818182,7,6,TAF15;ZEB1
everolimus,lorlatinib,2,11,0.18181818181818182,11,2,BCL3;EPAS1
hydroxyurea,trifluridine,2,11,0.18181818181818182,7,6,FLT3;TERT
irinotecan,pemetrexed,2,11,0.18181818181818182,11,2,RFWD3;TERT
methotrexate,mitomycin,6,33,0.18181818181818182,27,12,CBFB;CTCF;POLR2A;RFWD3;TAF15;XPO1
cytarabine,irinotecan,3,17,0.17647058823529413,9,11,BAZ1A;TAF15;TERT
encorafenib,venetoclax,3,17,0.17647058823529413,15,5,CASP8;SND1;TNFRSF14
carmustine,tamoxifen,7,40,0.175,29,18,BCLAF1;BCOR;CHD4;CNTRL;EWSR1;MYB;RBM10
cyclophosphamide,valrubicin,4,23,0.17391304347826086,16,11,FLI1;IKZF1;P2RY8;WAS
dabrafenib,vemurafenib,9,53,0.16981132075471697,40,22,ACSL3;GAS7;IRF4;NFATC2;NFE2L2;PAX3;SH2B3;SND1;TNFRSF14
abemaciclib,sirolimus,1,6,0.16666666666666666,5,2,FAS
actinomycin d,vinblastine,3,18,0.16666666666666666,12,9,CHD4;CNTRL;PHF6
belinostat,pralatrexate,1,6,0.16666666666666666,5,2,MEN1
chlorambucil,teniposide,2,12,0.16666666666666666,6,8,TAF15;ZEB1
cladribine,gemcitabine,1,6,0.16666666666666666,3,4,FLT3
cytarabine,mitomycin,3,18,0.16666666666666666,9,12,MSH6;POLR2A;TAF15
dacarbazine,mercaptopurine,6,36,0.16666666666666666,15,27,CHD4;FOXO4;MAX;SPEN;TRIM27;U2AF1
daunorubicin,pemetrexed,2,12,0.16666666666666666,12,2,RFWD3;TERT
decitabine,melphalan,1,6,0.16666666666666666,1,6,CTCF
erdafitinib,lenvatinib,4,24,0.16666666666666666,10,18,FLNA;FSTL3;JUN;MYH9
idarubicin,thiotepa,2,12,0.16666666666666666,11,3,KDM5A;TAF15
ixabepilone,paclitaxel,3,18,0.16666666666666666,11,10,EWSR1;FEN1;SPEN
melphalan,teniposide,2,12,0.16666666666666666,6,8,CTCF;TAF15
mitoxantrone,teniposide,2,12,0.16666666666666666,6,8,TAF15;ZEB1
abiraterone,lenvatinib,8,49,0.16326530612244897,39,18,ACKR3;COL1A1;COL3A1;FAT4;FLNA;JUN;NRG1;PIM1
tamoxifen,vorinostat,5,31,0.16129032258064516,18,18,BLM;CHD4;MYB;NTHL1;RALGDS
allopurinol,tioguanine,4,25,0.16,13,16,LARP4B;MAX;MEN1;TRIM27
ceritinib,crizotinib,4,25,0.16,12,17,BLM;MLLT6;MYB;SRSF2
dacarbazine,nilotinib,4,25,0.16,15,14,CHD4;FIP1L1;FOXO4;TRIM27
fruquintinib,zoledronate,7,44,0.1590909090909091,31,20,AKT3;COL1A1;CREB3L1;EXT1;IL6ST;MYH9;PDCD1LG2
actinomycin d,paclitaxel,3,19,0.15789473684210525,12,10,CNTRL;EWSR1;PHF6
afatinib,ibrutinib,3,19,0.15789473684210525,9,13,ERBB4;LASP1;PDGFB
idarubicin,irinotecan,3,19,0.15789473684210525,11,11,ATF1;RFWD3;TAF15
trametinib,vemurafenib,6,38,0.15789473684210525,22,22,ACSL3;ATP1A1;IDH1;NFE2L2;SH2B3;TNFRSF14
abiraterone,zoledronate,8,51,0.1568627450980392,39,20,CALR;COL1A1;CREB3L1;FAT4;FOXO3;IL6ST;MAF;NOTCH2
lomustine,paclitaxel,5,32,0.15625,27,10,AMER1;CNTRL;EWSR1;PHF6;SPEN
ceritinib,dexrazoxane,4,26,0.15384615384615385,12,18,MLLT6;PTEN;PTPN6;SETDB1
ceritinib,tamoxifen,4,26,0.15384615384615385,12,18,BLM;MYB;SRSF2;SYK
chlorambucil,cytarabine,2,13,0.15384615384615385,6,9,BAZ1A;TAF15
cytarabine,mitoxantrone,2,13,0.15384615384615385,9,6,SMARCE1;TAF15
daunorubicin,dexrazoxane,4,26,0.15384615384615385,12,18,ARID2;ATF1;FUBP1;TAF15
hydroxyurea,teniposide,2,13,0.15384615384615385,7,8,IKZF1;WAS
ibrutinib,tucatinib,2,13,0.15384615384615385,13,2,ERBB4;PREX2
idelalisib,vandetanib,2,13,0.15384615384615385,9,6,NBEA;PTPN13
mitomycin,thiotepa,2,13,0.15384615384615385,12,3,KDM5A;TAF15
irinotecan,methotrexate,5,33,0.15151515151515152,11,27,ATF1;CBFB;RFWD3;TAF15;TERT
lenvatinib,zoledronate,5,33,0.15151515151515152,18,20,COL1A1;FAT4;MYH11;MYH9;PDCD1LG2
carboplatin,cyclophosphamide,3,20,0.15,7,16,ARID1A;FLI1;PTPRC
ceritinib,ixabepilone,3,20,0.15,12,11,BRCA2;MYB;SRSF2
cyclophosphamide,hydroxyurea,3,20,0.15,16,7,IKZF1;TERT;WAS
erdafitinib,ibrutinib,3,20,0.15,10,13,EGFR;FSTL3;PTPRD
fluorouracil,ixabepilone,3,20,0.15,12,11,BRCA2;MYC;NTHL1
imatinib,tamoxifen,3,20,0.15,5,18,BLM;CHD4;MYB
imatinib,vorinostat,3,20,0.15,5,18,BLM;CHD4;MYB
irinotecan,mitomycin,3,20,0.15,11,12,CBFB;RFWD3;TAF15
nilotinib,vinblastine,3,20,0.15,14,9,CHD4;FOXO4;SDHB
mercaptopurine,methotrexate,7,47,0.14893617021276595,27,27,CHD4;MEN1;MSH2;N4BP2;SETD1B;TERT;TOP1
actinomycin d,docetaxel,3,21,0.14285714285714285,12,12,CNTRL;EWSR1;PHF6
allopurinol,mercaptopurine,5,35,0.14285714285714285,13,27,KMT2D;LARP4B;MAX;MEN1;TRIM27
asciminib,imatinib,1,7,0.14285714285714285,3,5,MYB
cisplatin,topotecan,1,7,0.14285714285714285,6,2,FNBP1
cyclophosphamide,darolutamide,3,21,0.14285714285714285,16,8,BTK;PTPRC;VAV1
cyclophosphamide,teniposide,3,21,0.14285714285714285,16,8,IKZF1;P2RY8;WAS
dasatinib,fruquintinib,7,49,0.14285714285714285,25,31,ABL1;CREB3L1;EXT1;FLNA;ITGAV;JUN;MYH9
doxorubicin,etoposide,1,7,0.14285714285714285,1,7,BRCA1
duvelisib,tucatinib,1,7,0.14285714285714285,6,2,PREX2
erlotinib,ibrutinib,3,21,0.14285714285714285,11,13,EGFR;LASP1;PDGFB
imatinib,selinexor,1,7,0.14285714285714285,5,3,LCP1
mitoxantrone,topotecan,1,7,0.14285714285714285,6,2,TAF15
neratinib,osimertinib,1,7,0.14285714285714285,6,2,PDGFB
nilotinib,vorinostat,4,28,0.14285714285714285,14,18,BLM;CHD4;MYB;TRIM27
paclitaxel,raloxifene,3,21,0.14285714285714285,10,14,BLM;CNTRL;EWSR1
pralatrexate,trifluridine,1,7,0.14285714285714285,2,6,TERT
topotecan,trifluridine,1,7,0.14285714285714285,2,6,TAF15
tucatinib,vandetanib,1,7,0.14285714285714285,2,6,PREX2
dexrazoxane,oxaliplatin,6,43,0.13953488372093023,18,31,ARID2;FUBP1;MLLT6;RAD17;TAF15;ZCCHC8
erdafitinib,fruquintinib,5,36,0.1388888888888889,10,31,ABL1;FLNA;FSTL3;JUN;MYH9
brigatinib,dasatinib,4,29,0.13793103448275862,8,25,BIRC3;EGFR;EPAS1;SMAD3
methotrexate,trifluridine,4,29,0.13793103448275862,27,6,POLR2A;RFWD3;TAF15;TERT
crizotinib,darolutamide,3,22,0.13636363636363635,17,8,BCOR;CCND3;TRIM24
crizotinib,ribociclib,3,22,0.13636363636363635,17,8,MLLT6;POT1;TRIM24
ixabepilone,raloxifene,3,22,0.13636363636363635,11,14,CHEK2;EWSR1;MYB
irinotecan,oxaliplatin,5,37,0.13513513513513514,11,31,FUBP1;SUB1;TAF15;TCF3;TERT
allopurinol,fludarabine,2,15,0.13333333333333333,13,4,HMGA1;LARP4B
ceritinib,imatinib,2,15,0.13333333333333333,12,5,BLM;MYB
chlorambucil,idarubicin,2,15,0.13333333333333333,6,11,KDM5A;TAF15
chlorambucil,irinotecan,2,15,0.13333333333333333,6,11,BAZ1A;TAF15
chlorambucil,valrubicin,2,15,0.13333333333333333,6,11,TAF15;ZEB1
erlotinib,neratinib,2,15,0.13333333333333333,11,6,LASP1;PDGFB
idarubicin,mitoxantrone,2,15,0.13333333333333333,11,6,SMARCE1;TAF15
idarubicin,trifluridine,2,15,0.13333333333333333,11,6,RFWD3;TAF15
irinotecan,mitoxantrone,2,15,0.13333333333333333,11,6,DDX6;TAF15
melphalan,valrubicin,2,15,0.13333333333333333,6,11,CTCF;TAF15
palbociclib,ribociclib,4,30,0.13333333333333333,26,8,ERCC5;MLLT6;MYC;TRIM24
dasatinib,lenvatinib,5,38,0.13157894736842105,25,18,FLNA;JUN;MYH11;MYH9;NRG1
daunorubicin,oxaliplatin,5,38,0.13157894736842105,12,31,ARID2;FUBP1;SUB1;TAF15;TERT
methotrexate,tioguanine,5,38,0.13157894736842105,27,16,CHD4;MEN1;MSH2;TERT;TOP1
actinomycin d,nilotinib,3,23,0.13043478260869565,12,14,CHD4;LCP1;MYB
bleomycin,erdafitinib,3,23,0.13043478260869565,16,10,ABL1;FGFR1;NCOR2
crizotinib,vinblastine,3,23,0.13043478260869565,17,9,CHD4;CNTRL;FOXO4
crizotinib,vorinostat,4,31,0.12903225806451613,17,18,BLM;CHD4;MYB;RALGDS
carmustine,dacarbazine,5,39,0.1282051282051282,29,15,CBFB;CHD4;POT1;SPEN;U2AF1
bleomycin,everolimus,3,24,0.125,16,11,BCL3;FAT4;FGFR1
bleomycin,zoledronate,4,32,0.125,16,20,AKT3;FAT4;FGFR1;PDCD1LG2
brigatinib,gilteritinib,1,8,0.125,8,1,BCL3
carfilzomib,lomustine,4,32,0.125,9,27,AMER1;CNTRL;FUBP1;PHF6
celecoxib,etoposide,1,8,0.125,2,7,WAS
celecoxib,hydroxyurea,1,8,0.125,2,7,WAS
chlorambucil,mitomycin,2,16,0.125,6,12,KDM5A;TAF15
cisplatin,selinexor,1,8,0.125,6,3,LCP1
cisplatin,thiotepa,1,8,0.125,6,3,KDM5A
cladribine,trifluridine,1,8,0.125,3,6,FLT3
cytarabine,methotrexate,4,32,0.125,9,27,FANCA;POLR2A;TAF15;TERT
dasatinib,erlotinib,4,32,0.125,25,11,EGFR;FGFR1;ITGAV;LASP1
dasatinib,everolimus,4,32,0.125,25,11,EPAS1;FGFR1;FLNA;ITGAV
dasatinib,zoledronate,5,40,0.125,25,20,CREB3L1;EXT1;FGFR1;MYH11;MYH9
decitabine,teniposide,1,8,0.125,1,8,CTCF
etoposide,idarubicin,2,16,0.125,7,11,BRCA1;TAF15
etoposide,irinotecan,2,16,0.125,7,11,SUB1;TAF15
etoposide,topotecan,1,8,0.125,7,2,TAF15
hydroxyurea,irinotecan,2,16,0.125,7,11,BAZ1A;TERT
hydroxyurea,pemetrexed,1,8,0.125,7,2,TERT
hydroxyurea,pralatrexate,1,8,0.125,7,2,TERT
hydroxyurea,valrubicin,2,16,0.125,7,11,IKZF1;WAS
irinotecan,tioguanine,3,24,0.125,11,16,BAZ1A;SPOP;TERT
lomustine,vinblastine,4,32,0.125,27,9,AMER1;CHD4;CNTRL;PHF6
methotrexate,vorinostat,5,40,0.125,27,18,BLM;CHD4;MYC;N4BP2;NTHL1
mitoxantrone,thiotepa,1,8,0.125,6,3,TAF15
olaparib,teniposide,1,8,0.125,1,8,AR
pralatrexate,tioguanine,2,16,0.125,2,16,MEN1;TERT
ribociclib,romidepsin,1,8,0.125,8,1,SF3B1
mercaptopurine,paclitaxel,4,33,0.12121212121212122,27,10,FANCE;FEN1;SPEN;TERT
paclitaxel,tamoxifen,3,25,0.12,10,18,BLM;CNTRL;EWSR1
bleomycin,fruquintinib,5,42,0.11904761904761904,16,31,ABL1;AKT3;MN1;PDCD1LG2;RUNX1T1
brigatinib,erlotinib,2,17,0.11764705882352941,8,11,EGFR;NFKB2
brigatinib,everolimus,2,17,0.11764705882352941,8,11,BCL3;EPAS1
dasatinib,ibrutinib,4,34,0.11764705882352941,25,13,EGFR;LASP1;NRG1;NUTM1
daunorubicin,hydroxyurea,2,17,0.11764705882352941,12,7,IKZF1;TERT
etoposide,mitomycin,2,17,0.11764705882352941,7,12,BRCA1;TAF15
fluorouracil,hydroxyurea,2,17,0.11764705882352941,12,7,SETD1B;TERT
fluorouracil,palbociclib,4,34,0.11764705882352941,12,26,MYC;PTPN6;RMI2;ZCCHC8
ibrutinib,neratinib,2,17,0.11764705882352941,13,6,LASP1;PDGFB
idarubicin,methotrexate,4,34,0.11764705882352941,11,27,ATF1;RFWD3;SETD1B;TAF15
irinotecan,teniposide,2,17,0.11764705882352941,11,8,SUB1;TAF15
oxaliplatin,palbociclib,6,51,0.11764705882352941,31,26,BLM;BTG2;MLLT6;MYC;NUTM2B;ZCCHC8
crizotinib,oxaliplatin,5,43,0.11627906976744186,17,31,BCOR;BLM;MLLT6;MYB;RAD17
dexrazoxane,irinotecan,3,26,0.11538461538461539,18,11,ATF1;FUBP1;TAF15
ixabepilone,vorinostat,3,26,0.11538461538461539,11,18,MYB;MYC;NTHL1
lomustine,oxaliplatin,6,52,0.11538461538461539,27,31,BCOR;EWSR1;FUBP1;MYB;RBM10;ZMYM3
mercaptopurine,oxaliplatin,6,52,0.11538461538461539,27,31,FEN1;MEN1;MSH2;MYB;SETD1B;TERT
carmustine,paclitaxel,4,35,0.11428571428571428,29,10,AMER1;CNTRL;EWSR1;SPEN
fluorouracil,methotrexate,4,35,0.11428571428571428,12,27,MYC;NTHL1;SETD1B;TERT
oxaliplatin,tamoxifen,5,44,0.11363636363636363,31,18,BCOR;BLM;EWSR1;MYB;RBM10
acalabrutinib,afatinib,1,9,0.1111111111111111,1,9,ERBB4
acalabrutinib,dacomitinib,1,9,0.1111111111111111,1,9,ERBB4
afatinib,erlotinib,2,18,0.1111111111111111,9,11,LASP1;PDGFB
carboplatin,selinexor,1,9,0.1111111111111111,7,3,LCP1
carfilzomib,romidepsin,1,9,0.1111111111111111,9,1,SF3B1
carmustine,ixabepilone,4,36,0.1111111111111111,29,11,EWSR1;MYB;MYC;SPEN
carmustine,oxaliplatin,6,54,0.1111111111111111,29,31,BCOR;EWSR1;FUBP1;MYB;MYC;RBM10
celecoxib,teniposide,1,9,0.1111111111111111,2,8,WAS
chlorambucil,epirubicin,1,9,0.1111111111111111,6,4,ZEB1
chlorambucil,gemcitabine,1,9,0.1111111111111111,6,4,KDM5A
cisplatin,gemcitabine,1,9,0.1111111111111111,6,4,KDM5A
cladribine,hydroxyurea,1,9,0.1111111111111111,3,7,FLT3
cytarabine,idarubicin,2,18,0.1111111111111111,9,11,SMARCE1;TAF15
cytarabine,valrubicin,2,18,0.1111111111111111,9,11,SMARCE1;TAF15
dacomitinib,erlotinib,2,18,0.1111111111111111,9,11,LASP1;PDGFB
encorafenib,ixazomib,2,18,0.1111111111111111,15,5,ATR;TNFRSF14
etoposide,thiotepa,1,9,0.1111111111111111,7,3,TAF15
fluorouracil,vorinostat,3,27,0.1111111111111111,12,18,MYC;NTHL1;TRAF7
gemcitabine,melphalan,1,9,0.1111111111111111,4,6,KDM5A
hydroxyurea,thiotepa,1,9,0.1111111111111111,7,3,FLT3
idelalisib,temsirolimus,1,9,0.1111111111111111,9,1,FAS
imatinib,umbralisib,1,9,0.1111111111111111,5,5,RPL10
ixazomib,venetoclax,1,9,0.1111111111111111,5,5,TNFRSF14
mitomycin,teniposide,2,18,0.1111111111111111,12,8,CTCF;TAF15
palbociclib,raloxifene,4,36,0.1111111111111111,26,14,BCL2;BLM;P2RY8;TRIM24
teniposide,topotecan,1,9,0.1111111111111111,8,2,TAF15
bleomycin,dasatinib,4,37,0.10810810810810811,16,25,ABL1;FGFR1;PDGFRB;SMAD3
carmustine,docetaxel,4,37,0.10810810810810811,29,12,AMER1;ARID1A;CNTRL;EWSR1
lomustine,nilotinib,4,37,0.10810810810810811,27,14,CHD4;LCP1;MYB;TRIM24
mercaptopurine,nilotinib,4,37,0.10810810810810811,27,14,CHD4;FOXO4;MYB;TRIM27
oxaliplatin,paclitaxel,4,37,0.10810810810810811,31,10,BLM;EWSR1;FEN1;TERT
ibrutinib,lenvatinib,3,28,0.10714285714285714,13,18,FSTL3;NRG1;SFRP4
carboplatin,nilotinib,2,19,0.10526315789473684,7,14,LCP1;PRKCB
cytarabine,daunorubicin,2,19,0.10526315789473684,9,12,TAF15;TERT
erdafitinib,erlotinib,2,19,0.10526315789473684,10,11,EGFR;FGFR1
erdafitinib,everolimus,2,19,0.10526315789473684,10,11,FGFR1;FLNA
idarubicin,oxaliplatin,4,38,0.10526315789473684,11,31,ARID2;SETD1B;TAF15;ZCCHC8
ixabepilone,oxaliplatin,4,38,0.10526315789473684,11,31,EWSR1;FEN1;MYB;MYC
abiraterone,dasatinib,6,58,0.10344827586206896,39,25,CREB3L1;FLNA;ITGAV;JUN;NRG1;PDGFRB
crizotinib,dacarbazine,3,29,0.10344827586206896,17,15,CHD4;FOXO4;POT1
imatinib,lomustine,3,29,0.10344827586206896,5,27,CHD4;LCP1;MYB
raloxifene,vorinostat,3,29,0.10344827586206896,14,18,BLM;CHD4;MYB
selumetinib,venetoclax,3,29,0.10344827586206896,27,5,CASP8;SND1;TNFRSF14
carmustine,nilotinib,4,39,0.10256410256410256,29,14,CHD4;LCP1;MYB;TRIM24
docetaxel,oxaliplatin,4,39,0.10256410256410256,12,31,EWSR1;FEN1;TCF3;TERT
fluorouracil,oxaliplatin,4,39,0.10256410256410256,12,31,MYC;SETD1B;TERT;ZCCHC8
abiraterone,bleomycin,5,50,0.1,39,16,BCL3;FAT4;MN1;PDGFRB;RUNX1T1
afatinib,tucatinib,1,10,0.1,9,2,ERBB4
belinostat,crizotinib,2,20,0.1,5,17,MLLT6;RALGDS
carboplatin,epirubicin,1,10,0.1,7,4,FLI1
cisplatin,imatinib,1,10,0.1,6,5,LCP1
clofarabine,cytarabine,1,10,0.1,2,9,FANCA
crizotinib,selumetinib,4,40,0.1,17,27,BLM;CHD4;SND1;SRSF2
cytarabine,pemetrexed,1,10,0.1,9,2,TERT
cytarabine,pralatrexate,1,10,0.1,9,2,TERT
cytarabine,topotecan,1,10,0.1,9,2,TAF15
dacomitinib,osimertinib,1,10,0.1,9,2,PDGFB
darolutamide,raloxifene,2,20,0.1,8,14,BCOR;TRIM24
epirubicin,etoposide,1,10,0.1,4,7,ZEB1
erlotinib,everolimus,2,20,0.1,11,11,FGFR1;ITGAV
idarubicin,valrubicin,2,20,0.1,11,11,SMARCE1;TAF15
idelalisib,sirolimus,1,10,0.1,9,2,FAS
irinotecan,valrubicin,2,20,0.1,11,11,SUB1;TAF15
melphalan,methotrexate,3,30,0.1,6,27,CTCF;SETD1B;TAF15
ribociclib,sunitinib,1,10,0.1,8,3,MYC
teniposide,thiotepa,1,10,0.1,8,3,TAF15
tioguanine,trifluridine,2,20,0.1,16,6,POLE;TERT
carmustine,mercaptopurine,5,51,0.09803921568627451,29,27,CHD4;DDX5;MYB;SPEN;U2AF1
carmustine,tioguanine,4,41,0.0975609756097561,29,16,CHD4;SPEN;U2AF1;ZNF521
mercaptopurine,vorinostat,4,41,0.0975609756097561,27,18,CHD4;MYB;N4BP2;TRIM27
methotrexate,tamoxifen,4,41,0.0975609756097561,27,18,BLM;CHD4;EWSR1;NTHL1
oxaliplatin,raloxifene,4,41,0.0975609756097561,31,14,BCOR;BLM;EWSR1;MYB
bleomycin,lenvatinib,3,31,0.0967741935483871,16,18,CDKN1A;FAT4;PDCD1LG2
carmustine,imatinib,3,31,0.0967741935483871,29,5,CHD4;LCP1;MYB
cobimetinib,venetoclax,3,31,0.0967741935483871,29,5,CASP8;SND1;TNFRSF14
hydroxyurea,mercaptopurine,3,31,0.0967741935483871,7,27,BAZ1A;SETD1B;TERT
actinomycin d,ixabepilone,2,21,0.09523809523809523,12,11,EWSR1;MYB
belinostat,vorinostat,2,21,0.09523809523809523,5,18,NOTCH1;RALGDS
cobimetinib,crizotinib,4,42,0.09523809523809523,29,17,BLM;CHD4;SND1;SRSF2
docetaxel,irinotecan,2,21,0.09523809523809523,12,11,TCF3;TERT
docetaxel,ixabepilone,2,21,0.09523809523809523,12,11,EWSR1;FEN1
fluorouracil,idarubicin,2,21,0.09523809523809523,12,11,SETD1B;ZCCHC8
hydroxyurea,tioguanine,2,21,0.09523809523809523,7,16,BAZ1A;TERT
mitomycin,valrubicin,2,21,0.09523809523809523,12,11,CTCF;TAF15
raloxifene,vinblastine,2,21,0.09523809523809523,14,9,CHD4;CNTRL
dabrafenib,vorinostat,5,53,0.09433962264150944,40,18,BLM;GAS7;PCBP1;SMARCD1;TRAF7
crizotinib,dexrazoxane,3,32,0.09375,17,18,MLLT6;RAD17;TRIM24
oxaliplatin,tioguanine,4,43,0.09302325581395349,31,16,EZH2;MEN1;MSH2;TERT
actinomycin d,daunorubicin,2,22,0.09090909090909091,12,12,BRCA1;DDX5
bleomycin,brigatinib,2,22,0.09090909090909091,16,8,BCL3;SMAD3
carboplatin,carmustine,3,33,0.09090909090909091,7,29,ARID1A;LCP1;PTPRC
carboplatin,imatinib,1,11,0.09090909090909091,7,5,LCP1
ceritinib,fluorouracil,2,22,0.09090909090909091,12,12,BRCA2;PTPN6
chlorambucil,trifluridine,1,11,0.09090909090909091,6,6,TAF15
cladribine,cytarabine,1,11,0.09090909090909091,3,9,FLT3
dacarbazine,vinblastine,2,22,0.09090909090909091,15,9,CHD4;FOXO4
decitabine,valrubicin,1,11,0.09090909090909091,1,11,CTCF
doxorubicin,idarubicin,1,11,0.09090909090909091,1,11,BRCA1
epirubicin,teniposide,1,11,0.09090909090909091,4,8,ZEB1
erdafitinib,sirolimus,1,11,0.09090909090909091,10,2,NCOR2
everolimus,gilteritinib,1,11,0.09090909090909091,11,1,BCL3
everolimus,temsirolimus,1,11,0.09090909090909091,11,1,FAS
imatinib,oxaliplatin,3,33,0.09090909090909091,5,31,BLM;MYB;RPL10
ixabepilone,panobinostat,1,11,0.09090909090909091,11,1,NTHL1
melphalan,mitoxantrone,1,11,0.09090909090909091,6,6,TAF15
melphalan,trifluridine,1,11,0.09090909090909091,6,6,TAF15
mitoxantrone,trifluridine,1,11,0.09090909090909091,6,6,TAF15
paclitaxel,pemetrexed,1,11,0.09090909090909091,10,2,TERT
paclitaxel,pralatrexate,1,11,0.09090909090909091,10,2,TERT
oxaliplatin,vorinostat,4,45,0.08888888888888889,31,18,BLM;MYB;MYC;SMARCD1
carmustine,darolutamide,3,34,0.08823529411764706,29,8,BCOR;PTPRC;TRIM24
carmustine,ribociclib,3,34,0.08823529411764706,29,8,MYC;POT1;TRIM24
methotrexate,paclitaxel,3,34,0.08823529411764706,27,10,BLM;EWSR1;TERT
abiraterone,everolimus,4,46,0.08695652173913043,39,11,BCL3;FAT4;FLNA;ITGAV
bleomycin,idelalisib,2,23,0.08695652173913043,16,9,PTPN13;RUNX1T1
cytarabine,tioguanine,2,23,0.08695652173913043,9,16,BAZ1A;TERT
ixabepilone,nilotinib,2,23,0.08695652173913043,11,14,CHEK2;MYB
carfilzomib,carmustine,3,35,0.08571428571428572,9,29,AMER1;CNTRL;FUBP1
carmustine,vinblastine,3,35,0.08571428571428572,29,9,AMER1;CHD4;CNTRL
irinotecan,lomustine,3,35,0.08571428571428572,11,27,CBFB;DDX6;FUBP1
irinotecan,mercaptopurine,3,35,0.08571428571428572,11,27,BAZ1A;SPOP;TERT
ixabepilone,lomustine,3,35,0.08571428571428572,11,27,EWSR1;MYB;SPEN
ixabepilone,mercaptopurine,3,35,0.08571428571428572,11,27,FEN1;MYB;SPEN
ixabepilone,methotrexate,3,35,0.08571428571428572,11,27,EWSR1;MYC;NTHL1
actinomycin d,doxorubicin,1,12,0.08333333333333333,12,1,BRCA1
actinomycin d,homoharringtonine,1,12,0.08333333333333333,12,1,USP8
actinomycin d,mercaptopurine,3,36,0.08333333333333333,12,27,CHD4;DDX5;MYB
actinomycin d,romidepsin,1,12,0.08333333333333333,12,1,SF3B1
belinostat,ribociclib,1,12,0.08333333333333333,5,8,MLLT6
carboplatin,mitoxantrone,1,12,0.08333333333333333,7,6,FLI1
carfilzomib,crizotinib,2,24,0.08333333333333333,9,17,CNTRL;RAD17
celecoxib,valrubicin,1,12,0.08333333333333333,2,11,WAS
ceritinib,mercaptopurine,3,36,0.08333333333333333,12,27,MYB;SETDB1;TOP1
ceritinib,nilotinib,2,24,0.08333333333333333,12,14,BLM;MYB
ceritinib,raloxifene,2,24,0.08333333333333333,12,14,BLM;MYB
chlorambucil,hydroxyurea,1,12,0.08333333333333333,6,7,BAZ1A
cyclophosphamide,paclitaxel,2,24,0.08333333333333333,16,10,SPEN;TERT
cytarabine,epirubicin,1,12,0.08333333333333333,9,4,MSH6
dacomitinib,sonidegib,1,12,0.08333333333333333,9,4,WIF1
darolutamide,venetoclax,1,12,0.08333333333333333,8,5,BTK
daunorubicin,decitabine,1,12,0.08333333333333333,12,1,CTCF
daunorubicin,doxorubicin,1,12,0.08333333333333333,12,1,BRCA1
decitabine,mitomycin,1,12,0.08333333333333333,1,12,CTCF
dexrazoxane,ribociclib,2,24,0.08333333333333333,18,8,MLLT6;TRIM24
docetaxel,raloxifene,2,24,0.08333333333333333,12,14,CNTRL;EWSR1
doxorubicin,mitomycin,1,12,0.08333333333333333,1,12,BRCA1
erlotinib,osimertinib,1,12,0.08333333333333333,11,2,PDGFB
etoposide,melphalan,1,12,0.08333333333333333,7,6,TAF15
etoposide,trifluridine,1,12,0.08333333333333333,7,6,TAF15
everolimus,sirolimus,1,12,0.08333333333333333,11,2,FAS
fluorouracil,panobinostat,1,12,0.08333333333333333,12,1,NTHL1
hydroxyurea,melphalan,1,12,0.08333333333333333,7,6,SETD1B
idarubicin,pemetrexed,1,12,0.08333333333333333,11,2,RFWD3
idarubicin,topotecan,1,12,0.08333333333333333,11,2,TAF15
irinotecan,pralatrexate,1,12,0.08333333333333333,11,2,TERT
irinotecan,topotecan,1,12,0.08333333333333333,11,2,TAF15
paclitaxel,tioguanine,2,24,0.08333333333333333,10,16,SPEN;TERT
topotecan,valrubicin,1,12,0.08333333333333333,2,11,TAF15
methotrexate,palbociclib,4,49,0.08163265306122448,27,26,BLM;MYC;RFWD3;TOP1
carmustine,irinotecan,3,37,0.08108108108108109,29,11,CBFB;DDX6;FUBP1
bleomycin,erlotinib,2,25,0.08,16,11,FGFR1;PTPN13
carfilzomib,dexrazoxane,2,25,0.08,9,18,FUBP1;RAD17
crizotinib,paclitaxel,2,25,0.08,17,10,BLM;CNTRL
dabrafenib,nilotinib,4,50,0.08,40,14,BLM;FIP1L1;FOXO4;NFATC2
lomustine,mercaptopurine,4,50,0.08,27,27,CHD4;DDX5;MYB;SPEN
lomustine,methotrexate,4,50,0.08,27,27,CBFB;CHD4;EWSR1;ZMYM3
tamoxifen,vinblastine,2,25,0.08,18,9,CHD4;CNTRL
trametinib,venetoclax,2,25,0.08,22,5,CASP8;TNFRSF14
vemurafenib,venetoclax,2,25,0.08,22,5,SND1;TNFRSF14
methotrexate,nilotinib,3,38,0.07894736842105263,27,14,BLM;CHD4;FIP1L1
methotrexate,raloxifene,3,38,0.07894736842105263,27,14,BLM;CHD4;EWSR1
abemaciclib,idelalisib,1,13,0.07692307692307693,5,9,FAS
acalabrutinib,ibrutinib,1,13,0.07692307692307693,1,13,ERBB4
allopurinol,dacarbazine,2,26,0.07692307692307693,13,15,MAX;TRIM27
asciminib,ixabepilone,1,13,0.07692307692307693,3,11,MYB
binimetinib,venetoclax,2,26,0.07692307692307693,23,5,SND1;TNFRSF14
carmustine,methotrexate,4,52,0.07692307692307693,29,27,CBFB;CHD4;EWSR1;MYC
crizotinib,ixabepilone,2,26,0.07692307692307693,17,11,MYB;SRSF2
cyclophosphamide,daunorubicin,2,26,0.07692307692307693,16,12,IKZF1;TERT
cyclophosphamide,docetaxel,2,26,0.07692307692307693,16,12,ARID1A;TERT
dacarbazine,lomustine,3,39,0.07692307692307693,15,27,CBFB;CHD4;SPEN
dacarbazine,methotrexate,3,39,0.07692307692307693,15,27,CBFB;CHD4;FIP1L1
daunorubicin,pralatrexate,1,13,0.07692307692307693,12,2,TERT
daunorubicin,topotecan,1,13,0.07692307692307693,12,2,TAF15
docetaxel,pemetrexed,1,13,0.07692307692307693,12,2,TERT
docetaxel,pralatrexate,1,13,0.07692307692307693,12,2,TERT
etoposide,hydroxyurea,1,13,0.07692307692307693,7,7,WAS
fluorouracil,pemetrexed,1,13,0.07692307692307693,12,2,TERT
fluorouracil,pralatrexate,1,13,0.07692307692307693,12,2,TERT
gemcitabine,paclitaxel,1,13,0.07692307692307693,4,10,TERT
imatinib,vinblastine,1,13,0.07692307692307693,5,9,CHD4
irinotecan,thiotepa,1,13,0.07692307692307693,11,3,TAF15
ixabepilone,sunitinib,1,13,0.07692307692307693,11,3,MYC
mitomycin,pemetrexed,1,13,0.07692307692307693,12,2,RFWD3
mitomycin,topotecan,1,13,0.07692307692307693,12,2,TAF15
oxaliplatin,valrubicin,3,39,0.07692307692307693,31,11,PRF1;SUB1;TAF15
teniposide,trifluridine,1,13,0.07692307692307693,8,6,TAF15
thiotepa,valrubicin,1,13,0.07692307692307693,3,11,TAF15
crizotinib,dabrafenib,4,53,0.07547169811320754,17,40,BLM;FOXO4;SND1;SRSF2
actinomycin d,oxaliplatin,3,40,0.075,12,31,EWSR1;MYB;RAD17
ceritinib,oxaliplatin,3,40,0.075,12,31,BLM;MLLT6;MYB
crizotinib,palbociclib,3,40,0.075,17,26,BLM;MLLT6;TRIM24
lomustine,tioguanine,3,40,0.075,27,16,CHD4;SPEN;ZNF521
clofarabine,methotrexate,2,27,0.07407407407407407,2,27,FANCA;YWHAE
everolimus,lenvatinib,2,27,0.07407407407407407,11,18,FAT4;FLNA
mercaptopurine,pralatrexate,2,27,0.07407407407407407,27,2,MEN1;TERT
methotrexate,pemetrexed,2,27,0.07407407407407407,27,2,RFWD3;TERT
methotrexate,pralatrexate,2,27,0.07407407407407407,27,2,MEN1;TERT
palbociclib,sunitinib,2,27,0.07407407407407407,26,3,MLLT10;MYC
crizotinib,mercaptopurine,3,41,0.07317073170731707,17,27,CHD4;FOXO4;MYB
palbociclib,vorinostat,3,41,0.07317073170731707,26,18,BLM;MYC;NOTCH1
actinomycin d,asciminib,1,14,0.07142857142857142,12,3,MYB
actinomycin d,selinexor,1,14,0.07142857142857142,12,3,LCP1
actinomycin d,vorinostat,2,28,0.07142857142857142,12,18,CHD4;MYB
allopurinol,pralatrexate,1,14,0.07142857142857142,13,2,MEN1
asciminib,ceritinib,1,14,0.07142857142857142,3,12,MYB
carboplatin,darolutamide,1,14,0.07142857142857142,7,8,PTPRC
carmustine,cyclophosphamide,3,42,0.07142857142857142,29,16,ARID1A;PTPRC;SPEN
ceritinib,vorinostat,2,28,0.07142857142857142,12,18,BLM;MYB
cytarabine,melphalan,1,14,0.07142857142857142,9,6,TAF15
dabrafenib,ixazomib,3,42,0.07142857142857142,40,5,ATR;CDK4;TNFRSF14
dabrafenib,venetoclax,3,42,0.07142857142857142,40,5,CASP8;SND1;TNFRSF14
dacomitinib,duvelisib,1,14,0.07142857142857142,9,6,PREX2
dacomitinib,vandetanib,1,14,0.07142857142857142,9,6,PREX2
daunorubicin,thiotepa,1,14,0.07142857142857142,12,3,TAF15
dexrazoxane,fluorouracil,2,28,0.07142857142857142,18,12,PTPN6;ZCCHC8
docetaxel,tamoxifen,2,28,0.07142857142857142,12,18,CNTRL;EWSR1
erdafitinib,zoledronate,2,28,0.07142857142857142,10,20,FGFR1;MYH9
fluorouracil,sunitinib,1,14,0.07142857142857142,12,3,MYC
gemcitabine,idarubicin,1,14,0.07142857142857142,4,11,KDM5A
gemcitabine,irinotecan,1,14,0.07142857142857142,4,11,TERT
ibrutinib,osimertinib,1,14,0.07142857142857142,13,2,PDGFB
imatinib,paclitaxel,1,14,0.07142857142857142,5,10,BLM
lomustine,vorinostat,3,42,0.07142857142857142,27,18,CHD4;MYB;RALGDS
nilotinib,tioguanine,2,28,0.07142857142857142,14,16,CHD4;TRIM27
selumetinib,tamoxifen,3,42,0.07142857142857142,27,18,BLM;CHD4;SRSF2
belinostat,palbociclib,2,29,0.06896551724137931,5,26,MLLT6;NOTCH1
everolimus,zoledronate,2,29,0.06896551724137931,11,20,FAT4;FGFR1
gemcitabine,methotrexate,2,29,0.06896551724137931,4,27,FANCA;TERT
carmustine,vorinostat,3,44,0.06818181818181818,29,18,CHD4;MYB;MYC
cobimetinib,tamoxifen,3,44,0.06818181818181818,29,18,BLM;CHD4;SRSF2
abemaciclib,everolimus,1,15,0.06666666666666667,5,11,FAS
allopurinol,asciminib,1,15,0.06666666666666667,13,3,AXIN1
cyclophosphamide,tioguanine,2,30,0.06666666666666667,16,16,SPEN;TERT
cytarabine,etoposide,1,15,0.06666666666666667,9,7,TAF15
darolutamide,ribociclib,1,15,0.06666666666666667,8,8,TRIM24
daunorubicin,gemcitabine,1,15,0.06666666666666667,12,4,TERT
docetaxel,gemcitabine,1,15,0.06666666666666667,12,4,TERT
epirubicin,mitomycin,1,15,0.06666666666666667,4,12,MSH6
fluorouracil,gemcitabine,1,15,0.06666666666666667,12,4,TERT
gemcitabine,mitomycin,1,15,0.06666666666666667,4,12,KDM5A
idarubicin,umbralisib,1,15,0.06666666666666667,11,5,ZCCHC8
imatinib,ixabepilone,1,15,0.06666666666666667,5,11,MYB
imatinib,mercaptopurine,2,30,0.06666666666666667,5,27,CHD4;MYB
imatinib,methotrexate,2,30,0.06666666666666667,5,27,BLM;CHD4
imatinib,selumetinib,2,30,0.06666666666666667,5,27,BLM;CHD4
paclitaxel,trifluridine,1,15,0.06666666666666667,10,6,TERT
carmustine,epirubicin,2,31,0.06451612903225806,29,4,TCF12;ZEB1
crizotinib,tioguanine,2,31,0.06451612903225806,17,16,CHD4;ZNF521
dacarbazine,vorinostat,2,31,0.06451612903225806,15,18,CHD4;TRIM27
melphalan,mercaptopurine,2,31,0.06451612903225806,6,27,DDX5;SETD1B
mercaptopurine,trifluridine,2,31,0.06451612903225806,27,6,POLE;TERT
oxaliplatin,pralatrexate,2,31,0.06451612903225806,31,2,MEN1;TERT
asciminib,nilotinib,1,16,0.0625,3,14,MYB
asciminib,raloxifene,1,16,0.0625,3,14,MYB
axitinib,tioguanine,1,16,0.0625,1,16,ZNF521
belinostat,ceritinib,1,16,0.0625,5,12,MLLT6
bleomycin,gilteritinib,1,16,0.0625,16,1,BCL3
cabozantinib,tioguanine,1,16,0.0625,1,16,ZNF521
carboplatin,lomustine,2,32,0.0625,7,27,ARID1A;LCP1
carfilzomib,ribociclib,1,16,0.0625,9,8,SF3B1
cisplatin,idarubicin,1,16,0.0625,6,11,KDM5A
cobimetinib,imatinib,2,32,0.0625,29,5,BLM;CHD4
cytarabine,teniposide,1,16,0.0625,9,8,TAF15
dacomitinib,dasatinib,2,32,0.0625,9,25,LASP1;NUTM1
duvelisib,everolimus,1,16,0.0625,6,11,NF2
everolimus,vandetanib,1,16,0.0625,11,6,ITGAV
fluorouracil,umbralisib,1,16,0.0625,12,5,ZCCHC8
hydroxyurea,methotrexate,2,32,0.0625,7,27,SETD1B;TERT
hydroxyurea,paclitaxel,1,16,0.0625,7,10,TERT
ibrutinib,sonidegib,1,16,0.0625,13,4,WIF1
irinotecan,melphalan,1,16,0.0625,11,6,TAF15
nilotinib,selinexor,1,16,0.0625,14,3,LCP1
raloxifene,selinexor,1,16,0.0625,14,3,LCP1
tioguanine,vorinostat,2,32,0.0625,16,18,CHD4;TRIM27
trifluridine,valrubicin,1,16,0.0625,6,11,TAF15
ceritinib,dabrafenib,3,49,0.061224489795918366,12,40,BLM;BRCA2;SRSF2
carmustine,mitoxantrone,2,33,0.06060606060606061,29,6,DDX6;ZEB1
darolutamide,lomustine,2,33,0.06060606060606061,8,27,BCOR;TRIM24
methotrexate,teniposide,2,33,0.06060606060606061,27,8,CTCF;TAF15
mercaptopurine,palbociclib,3,50,0.06,27,26,KMT2D;SETDB1;TOP1
actinomycin d,cisplatin,1,17,0.058823529411764705,12,6,LCP1
actinomycin d,melphalan,1,17,0.058823529411764705,12,6,DDX5
allopurinol,belinostat,1,17,0.058823529411764705,13,5,MEN1
allopurinol,umbralisib,1,17,0.058823529411764705,13,5,LARP4B
axitinib,crizotinib,1,17,0.058823529411764705,1,17,ZNF521
belinostat,oxaliplatin,2,34,0.058823529411764705,5,31,MEN1;MLLT6
bleomycin,lorlatinib,1,17,0.058823529411764705,16,2,BCL3
bleomycin,sirolimus,1,17,0.058823529411764705,16,2,NCOR2
brigatinib,erdafitinib,1,17,0.058823529411764705,8,10,EGFR
cabozantinib,crizotinib,1,17,0.058823529411764705,1,17,ZNF521
carboplatin,valrubicin,1,17,0.058823529411764705,7,11,FLI1
celecoxib,cyclophosphamide,1,17,0.058823529411764705,2,16,WAS
chlorambucil,daunorubicin,1,17,0.058823529411764705,6,12,TAF15
cisplatin,mitomycin,1,17,0.058823529411764705,6,12,KDM5A
crizotinib,doxorubicin,1,17,0.058823529411764705,17,1,BRCA1
cyclophosphamide,fulvestrant,1,17,0.058823529411764705,16,2,CBFA2T3
cyclophosphamide,pemetrexed,1,17,0.058823529411764705,16,2,TERT
cyclophosphamide,pralatrexate,1,17,0.058823529411764705,16,2,TERT
cytarabine,mercaptopurine,2,34,0.058823529411764705,9,27,BAZ1A;TERT
daunorubicin,mitoxantrone,1,17,0.058823529411764705,12,6,TAF15
docetaxel,trifluridine,1,17,0.058823529411764705,12,6,TERT
encorafenib,sunitinib,1,17,0.058823529411764705,15,3,STAT6
fluorouracil,melphalan,1,17,0.058823529411764705,12,6,SETD1B
fluorouracil,trifluridine,1,17,0.058823529411764705,12,6,TERT
hydroxyurea,idarubicin,1,17,0.058823529411764705,7,11,SETD1B
mercaptopurine,vinblastine,2,34,0.058823529411764705,27,9,CHD4;FOXO4
methotrexate,vinblastine,2,34,0.058823529411764705,27,9,CHD4;XPO1
mitomycin,mitoxantrone,1,17,0.058823529411764705,12,6,TAF15
oxaliplatin,umbralisib,2,34,0.058823529411764705,31,5,RPL10;ZCCHC8
pemetrexed,tioguanine,1,17,0.058823529411764705,2,16,TERT
fruquintinib,vandetanib,2,35,0.05714285714285714,31,6,ITGAV;LPP
idarubicin,palbociclib,2,35,0.05714285714285714,11,26,RFWD3;ZCCHC8
melphalan,oxaliplatin,2,35,0.05714285714285714,6,31,SETD1B;TAF15
oxaliplatin,trifluridine,2,35,0.05714285714285714,31,6,TAF15;TERT
actinomycin d,carboplatin,1,18,0.05555555555555555,12,7,LCP1
actinomycin d,etoposide,1,18,0.05555555555555555,12,7,BRCA1
allopurinol,neratinib,1,18,0.05555555555555555,13,6,MGMT
carboplatin,docetaxel,1,18,0.05555555555555555,7,12,ARID1A
cytarabine,paclitaxel,1,18,0.05555555555555555,9,10,TERT
docetaxel,hydroxyurea,1,18,0.05555555555555555,12,7,TERT
duvelisib,ibrutinib,1,18,0.05555555555555555,6,13,PREX2
erdafitinib,idelalisib,1,18,0.05555555555555555,10,9,PTPRD
estramustine,fruquintinib,2,36,0.05555555555555555,7,31,B2M;EBF1
etoposide,oxaliplatin,2,36,0.05555555555555555,7,31,SUB1;TAF15
hydroxyurea,oxaliplatin,2,36,0.05555555555555555,7,31,SETD1B;TERT
ibrutinib,vandetanib,1,18,0.05555555555555555,13,6,PREX2
idarubicin,teniposide,1,18,0.05555555555555555,11,8,TAF15
ixabepilone,ribociclib,1,18,0.05555555555555555,11,8,MYC
methotrexate,valrubicin,2,36,0.05555555555555555,27,11,CTCF;TAF15
panobinostat,tamoxifen,1,18,0.05555555555555555,1,18,NTHL1
panobinostat,vorinostat,1,18,0.05555555555555555,1,18,NTHL1
raloxifene,venetoclax,1,18,0.05555555555555555,14,5,BCL2
actinomycin d,methotrexate,2,37,0.05405405405405406,12,27,CHD4;EWSR1
ceritinib,methotrexate,2,37,0.05405405405405406,12,27,BLM;TOP1
ceritinib,selumetinib,2,37,0.05405405405405406,12,27,BLM;SRSF2
daunorubicin,lomustine,2,37,0.05405405405405406,12,27,DDX5;FUBP1
daunorubicin,mercaptopurine,2,37,0.05405405405405406,12,27,DDX5;TERT
docetaxel,mercaptopurine,2,37,0.05405405405405406,12,27,FEN1;TERT
docetaxel,methotrexate,2,37,0.05405405405405406,12,27,EWSR1;TERT
fluorouracil,mercaptopurine,2,37,0.05405405405405406,12,27,SETD1B;TERT
oxaliplatin,ribociclib,2,37,0.05405405405405406,31,8,MLLT6;MYC
oxaliplatin,teniposide,2,37,0.05405405405405406,31,8,SUB1;TAF15
actinomycin d,ribociclib,1,19,0.05263157894736842,12,8,SF3B1
allopurinol,methotrexate,2,38,0.05263157894736842,13,27,HMGA1;MEN1
asciminib,crizotinib,1,19,0.05263157894736842,3,17,MYB
binimetinib,crizotinib,2,38,0.05263157894736842,23,17,SND1;SRSF2
bleomycin,epirubicin,1,19,0.05263157894736842,16,4,ZEB1
carfilzomib,irinotecan,1,19,0.05263157894736842,9,11,FUBP1
carfilzomib,oxaliplatin,2,38,0.05263157894736842,9,31,FUBP1;RAD17
carmustine,valrubicin,2,38,0.05263157894736842,29,11,TCF12;ZEB1
ceritinib,ribociclib,1,19,0.05263157894736842,12,8,MLLT6
cisplatin,nilotinib,1,19,0.05263157894736842,6,14,LCP1
cisplatin,raloxifene,1,19,0.05263157894736842,6,14,LCP1
crizotinib,selinexor,1,19,0.05263157894736842,17,3,LCP1
cyclophosphamide,epirubicin,1,19,0.05263157894736842,16,4,FLI1
cyclophosphamide,gemcitabine,1,19,0.05263157894736842,16,4,TERT
cytarabine,oxaliplatin,2,38,0.05263157894736842,9,31,TAF15;TERT
dacarbazine,imatinib,1,19,0.05263157894736842,15,5,CHD4
dexrazoxane,topotecan,1,19,0.05263157894736842,18,2,TAF15
erlotinib,idelalisib,1,19,0.05263157894736842,11,9,PTPN13
everolimus,idelalisib,1,19,0.05263157894736842,11,9,FAS
fludarabine,tioguanine,1,19,0.05263157894736842,4,16,LARP4B
fluorouracil,ribociclib,1,19,0.05263157894736842,12,8,MYC
gemcitabine,tioguanine,1,19,0.05263157894736842,4,16,TERT
nilotinib,palbociclib,2,38,0.05263157894736842,14,26,BLM;TRIM24
carmustine,daunorubicin,2,39,0.05128205128205128,29,12,DDX5;FUBP1
ceritinib,cobimetinib,2,39,0.05128205128205128,12,29,BLM;SRSF2
mercaptopurine,raloxifene,2,39,0.05128205128205128,27,14,CHD4;MYB
nilotinib,selumetinib,2,39,0.05128205128205128,14,27,BLM;CHD4
raloxifene,selumetinib,2,39,0.05128205128205128,14,27,BLM;CHD4
allopurinol,darolutamide,1,20,0.05,13,8,MAX
asciminib,tamoxifen,1,20,0.05,3,18,MYB
asciminib,vorinostat,1,20,0.05,3,18,MYB
belinostat,tioguanine,1,20,0.05,5,16,MEN1
brigatinib,ibrutinib,1,20,0.05,8,13,EGFR
carboplatin,raloxifene,1,20,0.05,7,14,LCP1
carfilzomib,ceritinib,1,20,0.05,9,12,MYD88
carfilzomib,daunorubicin,1,20,0.05,9,12,FUBP1
cyclophosphamide,venetoclax,1,20,0.05,16,5,BTK
cytarabine,docetaxel,1,20,0.05,9,12,TERT
cytarabine,fluorouracil,1,20,0.05,9,12,TERT
daunorubicin,vinblastine,1,20,0.05,12,9,XPO1
dexrazoxane,thiotepa,1,20,0.05,18,3,TAF15
erlotinib,fruquintinib,2,40,0.05,11,31,ITGAV;LPP
everolimus,fruquintinib,2,40,0.05,11,31,FLNA;ITGAV
imatinib,tioguanine,1,20,0.05,5,16,CHD4
irinotecan,paclitaxel,1,20,0.05,11,10,TERT
mitomycin,vinblastine,1,20,0.05,12,9,XPO1
sunitinib,vorinostat,1,20,0.05,3,18,MYC
tioguanine,umbralisib,1,20,0.05,16,5,LARP4B
cobimetinib,nilotinib,2,41,0.04878048780487805,29,14,BLM;CHD4
cobimetinib,raloxifene,2,41,0.04878048780487805,29,14,BLM;CHD4
cyclophosphamide,lomustine,2,41,0.04878048780487805,16,27,ARID1A;SPEN
cyclophosphamide,mercaptopurine,2,41,0.04878048780487805,16,27,SPEN;TERT
afatinib,allopurinol,1,21,0.047619047619047616,9,13,MGMT
bleomycin,chlorambucil,1,21,0.047619047619047616,16,6,ZEB1
bleomycin,mitoxantrone,1,21,0.047619047619047616,16,6,ZEB1
bleomycin,vandetanib,1,21,0.047619047619047616,16,6,PTPN13
ceritinib,paclitaxel,1,21,0.047619047619047616,12,10,BLM
chlorambucil,tioguanine,1,21,0.047619047619047616,6,16,BAZ1A
crizotinib,methotrexate,2,42,0.047619047619047616,17,27,BLM;CHD4
crizotinib,venetoclax,1,21,0.047619047619047616,17,5,SND1
cyclophosphamide,mitoxantrone,1,21,0.047619047619047616,16,6,FLI1
cyclophosphamide,trifluridine,1,21,0.047619047619047616,16,6,TERT
darolutamide,nilotinib,1,21,0.047619047619047616,8,14,TRIM24
daunorubicin,paclitaxel,1,21,0.047619047619047616,12,10,TERT
encorafenib,estramustine,1,21,0.047619047619047616,15,7,NFE2L2
fluorouracil,paclitaxel,1,21,0.047619047619047616,12,10,TERT
fruquintinib,ibrutinib,2,42,0.047619047619047616,31,13,FSTL3;SFRP4
ibrutinib,idelalisib,1,21,0.047619047619047616,13,9,PTPRD
nilotinib,ribociclib,1,21,0.047619047619047616,14,8,TRIM24
palbociclib,tamoxifen,2,42,0.047619047619047616,26,18,BLM;SYK
raloxifene,ribociclib,1,21,0.047619047619047616,14,8,TRIM24
raloxifene,teniposide,1,21,0.047619047619047616,14,8,P2RY8
dexrazoxane,lomustine,2,43,0.046511627906976744,18,27,FUBP1;TRIM24
dexrazoxane,mercaptopurine,2,43,0.046511627906976744,18,27,KMT2D;SETDB1
dexrazoxane,methotrexate,2,43,0.046511627906976744,18,27,ATF1;TAF15
mercaptopurine,tamoxifen,2,43,0.046511627906976744,27,18,CHD4;MYB
nilotinib,oxaliplatin,2,43,0.046511627906976744,14,31,BLM;MYB
selumetinib,vorinostat,2,43,0.046511627906976744,27,18,BLM;CHD4
actinomycin d,idarubicin,1,22,0.045454545454545456,12,11,BRCA1
belinostat,dexrazoxane,1,22,0.045454545454545456,5,18,MLLT6
belinostat,tamoxifen,1,22,0.045454545454545456,5,18,RALGDS
bleomycin,etoposide,1,22,0.045454545454545456,16,7,ZEB1
carfilzomib,raloxifene,1,22,0.045454545454545456,9,14,CNTRL
cisplatin,crizotinib,1,22,0.045454545454545456,6,17,LCP1
cyclophosphamide,etoposide,1,22,0.045454545454545456,16,7,WAS
dacarbazine,darolutamide,1,22,0.045454545454545456,15,8,MAX
dacarbazine,ribociclib,1,22,0.045454545454545456,15,8,POT1
dexrazoxane,umbralisib,1,22,0.045454545454545456,18,5,ZCCHC8
fluorouracil,irinotecan,1,22,0.045454545454545456,12,11,TERT
carmustine,dexrazoxane,2,45,0.044444444444444446,29,18,FUBP1;TRIM24
cobimetinib,vorinostat,2,45,0.044444444444444446,29,18,BLM;CHD4
abiraterone,idelalisib,2,46,0.043478260869565216,39,9,CALR;RUNX1T1
actinomycin d,ceritinib,1,23,0.043478260869565216,12,12,MYB
actinomycin d,mitomycin,1,23,0.043478260869565216,12,12,BRCA1
bleomycin,teniposide,1,23,0.043478260869565216,16,8,ZEB1
carboplatin,crizotinib,1,23,0.043478260869565216,7,17,LCP1
chlorambucil,dexrazoxane,1,23,0.043478260869565216,6,18,TAF15
crizotinib,etoposide,1,23,0.043478260869565216,17,7,BRCA1
darolutamide,tioguanine,1,23,0.043478260869565216,8,16,MAX
daunorubicin,docetaxel,1,23,0.043478260869565216,12,12,TERT
daunorubicin,fluorouracil,1,23,0.043478260869565216,12,12,TERT
dexrazoxane,melphalan,1,23,0.043478260869565216,18,6,TAF15
dexrazoxane,mitoxantrone,1,23,0.043478260869565216,18,6,TAF15
dexrazoxane,trifluridine,1,23,0.043478260869565216,18,6,TAF15
docetaxel,fluorouracil,1,23,0.043478260869565216,12,12,TERT
nilotinib,paclitaxel,1,23,0.043478260869565216,14,10,BLM
abiraterone,erdafitinib,2,47,0.0425531914893617,39,10,FLNA;JUN
abiraterone,erlotinib,2,48,0.041666666666666664,39,11,CLTCL1;ITGAV
cyclophosphamide,cytarabine,1,24,0.041666666666666664,16,9,TERT
dacarbazine,paclitaxel,1,24,0.041666666666666664,15,10,SPEN
dexrazoxane,etoposide,1,24,0.041666666666666664,18,7,TAF15
raloxifene,valrubicin,1,24,0.041666666666666664,14,11,P2RY8
sunitinib,trametinib,1,24,0.041666666666666664,3,22,STAT6
tioguanine,vinblastine,1,24,0.041666666666666664,16,9,CHD4
dabrafenib,ixabepilone,2,49,0.04081632653061224,40,11,BRCA2;SRSF2
binimetinib,sunitinib,1,25,0.04,23,3,STAT6
dabrafenib,fluorouracil,2,50,0.04,40,12,BRCA2;TRAF7
dacarbazine,irinotecan,1,25,0.04,15,11,CBFB
dacarbazine,ixabepilone,1,25,0.04,15,11,SPEN
darolutamide,dexrazoxane,1,25,0.04,8,18,TRIM24
darolutamide,tamoxifen,1,25,0.04,8,18,BCOR
darolutamide,vorinostat,1,25,0.04,8,18,VAV1
dasatinib,mitotane,1,25,0.04,25,1,TCEA1
dexrazoxane,teniposide,1,25,0.04,18,8,TAF15
duvelisib,zoledronate,1,25,0.04,6,20,CALR
ribociclib,vorinostat,1,25,0.04,8,18,MYC
actinomycin d,dacarbazine,1,26,0.038461538461538464,12,15,CHD4
allopurinol,nilotinib,1,26,0.038461538461538464,13,14,TRIM27
bleomycin,valrubicin,1,26,0.038461538461538464,16,11,ZEB1
bosutinib,palbociclib,1,26,0.038461538461538464,1,26,MLLT10
carfilzomib,tamoxifen,1,26,0.038461538461538464,9,18,CNTRL
cyclophosphamide,irinotecan,1,26,0.038461538461538464,16,11,TERT
cyclophosphamide,ixabepilone,1,26,0.038461538461538464,16,11,SPEN
cytarabine,dexrazoxane,1,26,0.038461538461538464,9,18,TAF15
dabrafenib,raloxifene,2,52,0.038461538461538464,40,14,BLM;KDSR
dacarbazine,mitomycin,1,26,0.038461538461538464,15,12,CBFB
dasatinib,lorlatinib,1,26,0.038461538461538464,25,2,EPAS1
ixabepilone,tioguanine,1,26,0.038461538461538464,11,16,SPEN
ixazomib,trametinib,1,26,0.038461538461538464,5,22,TNFRSF14
ixazomib,vemurafenib,1,26,0.038461538461538464,5,22,TNFRSF14
lapatinib,palbociclib,1,26,0.038461538461538464,1,26,MLLT10
methotrexate,selumetinib,2,52,0.038461538461538464,27,27,BLM;CHD4
vinblastine,vorinostat,1,26,0.038461538461538464,9,18,CHD4
carmustine,palbociclib,2,53,0.03773584905660377,29,26,MYC;TRIM24
dabrafenib,dacarbazine,2,53,0.03773584905660377,40,15,FIP1L1;FOXO4
actinomycin d,tioguanine,1,27,0.037037037037037035,12,16,CHD4
axitinib,lomustine,1,27,0.037037037037037035,1,27,ZNF521
azacitidine,methotrexate,1,27,0.037037037037037035,1,27,HSP90AB1
binimetinib,ixazomib,1,27,0.037037037037037035,23,5,TNFRSF14
cabozantinib,lomustine,1,27,0.037037037037037035,1,27,ZNF521
carmustine,selumetinib,2,54,0.037037037037037035,29,27,CHD4;PTCH1
ceritinib,tioguanine,1,27,0.037037037037037035,12,16,TOP1
cobimetinib,methotrexate,2,54,0.037037037037037035,29,27,BLM;CHD4
crizotinib,idarubicin,1,27,0.037037037037037035,17,11,BRCA1
cyclophosphamide,fluorouracil,1,27,0.037037037037037035,16,12,TERT
daunorubicin,tioguanine,1,27,0.037037037037037035,12,16,TERT
decitabine,methotrexate,1,27,0.037037037037037035,1,27,CTCF
docetaxel,tioguanine,1,27,0.037037037037037035,12,16,TERT
fluorouracil,tioguanine,1,27,0.037037037037037035,12,16,TERT
methotrexate,panobinostat,1,27,0.037037037037037035,27,1,NTHL1
paclitaxel,vorinostat,1,27,0.037037037037037035,10,18,BLM
palbociclib,pemetrexed,1,27,0.037037037037037035,26,2,RFWD3
carmustine,cobimetinib,2,56,0.03571428571428571,29,29,CHD4;PTCH1
crizotinib,daunorubicin,1,28,0.03571428571428571,17,12,BRCA1
crizotinib,docetaxel,1,28,0.03571428571428571,17,12,CNTRL
crizotinib,mitomycin,1,28,0.03571428571428571,17,12,BRCA1
dabrafenib,tamoxifen,2,56,0.03571428571428571,40,18,BLM;SRSF2
dacarbazine,raloxifene,1,28,0.03571428571428571,15,14,CHD4
dexrazoxane,valrubicin,1,28,0.03571428571428571,18,11,TAF15
encorafenib,nilotinib,1,28,0.03571428571428571,15,14,NFATC2
erlotinib,lenvatinib,1,28,0.03571428571428571,11,18,LATS2
estramustine,trametinib,1,28,0.03571428571428571,7,22,NFE2L2
estramustine,vemurafenib,1,28,0.03571428571428571,7,22,NFE2L2
idelalisib,zoledronate,1,28,0.03571428571428571,9,20,CALR
mercaptopurine,pemetrexed,1,28,0.03571428571428571,27,2,TERT
methotrexate,topotecan,1,28,0.03571428571428571,27,2,TAF15
actinomycin d,dexrazoxane,1,29,0.034482758620689655,12,18,RAD17
asciminib,lomustine,1,29,0.034482758620689655,3,27,MYB
asciminib,mercaptopurine,1,29,0.034482758620689655,3,27,MYB
axitinib,carmustine,1,29,0.034482758620689655,1,29,ZNF521
binimetinib,estramustine,1,29,0.034482758620689655,23,7,NFE2L2
cabozantinib,carmustine,1,29,0.034482758620689655,1,29,ZNF521
cyclophosphamide,raloxifene,1,29,0.034482758620689655,16,14,P2RY8
dexrazoxane,mitomycin,1,29,0.034482758620689655,18,12,TAF15
fluorouracil,tamoxifen,1,29,0.034482758620689655,12,18,NTHL1
lomustine,selinexor,1,29,0.034482758620689655,27,3,LCP1
methotrexate,sunitinib,1,29,0.034482758620689655,27,3,MYC
methotrexate,thiotepa,1,29,0.034482758620689655,27,3,TAF15
raloxifene,tioguanine,1,29,0.034482758620689655,14,16,CHD4
selumetinib,sunitinib,1,29,0.034482758620689655,27,3,STAT6
abemaciclib,palbociclib,1,30,0.03333333333333333,5,26,RB1
allopurinol,dexrazoxane,1,30,0.03333333333333333,13,18,KMT2D
allopurinol,vorinostat,1,30,0.03333333333333333,13,18,TRIM27
cyclophosphamide,dacarbazine,1,30,0.03333333333333333,16,15,SPEN
dasatinib,neratinib,1,30,0.03333333333333333,25,6,LASP1
dasatinib,vandetanib,1,30,0.03333333333333333,25,6,ITGAV
erlotinib,zoledronate,1,30,0.03333333333333333,11,20,FGFR1
fludarabine,mercaptopurine,1,30,0.03333333333333333,4,27,LARP4B
fludarabine,methotrexate,1,30,0.03333333333333333,4,27,HMGA1
gemcitabine,mercaptopurine,1,30,0.03333333333333333,4,27,TERT
imatinib,palbociclib,1,30,0.03333333333333333,5,26,BLM
palbociclib,umbralisib,1,30,0.03333333333333333,26,5,ZCCHC8
palbociclib,venetoclax,1,30,0.03333333333333333,26,5,BCL2
asciminib,carmustine,1,31,0.03225806451612903,3,29,MYB
belinostat,lomustine,1,31,0.03225806451612903,5,27,RALGDS
belinostat,mercaptopurine,1,31,0.03225806451612903,5,27,MEN1
belinostat,methotrexate,1,31,0.03225806451612903,5,27,MEN1
carmustine,selinexor,1,31,0.03225806451612903,29,3,LCP1
carmustine,sunitinib,1,31,0.03225806451612903,29,3,MYC
cobimetinib,sunitinib,1,31,0.03225806451612903,29,3,STAT6
crizotinib,encorafenib,1,31,0.03225806451612903,17,15,SND1
dexrazoxane,nilotinib,1,31,0.03225806451612903,18,14,TRIM24
dexrazoxane,raloxifene,1,31,0.03225806451612903,18,14,TRIM24
ixazomib,selumetinib,1,31,0.03225806451612903,5,27,TNFRSF14
mercaptopurine,umbralisib,1,31,0.03225806451612903,27,5,LARP4B
palbociclib,trifluridine,1,31,0.03225806451612903,26,6,RFWD3
celecoxib,oxaliplatin,1,32,0.03125,2,31,POLD1
chlorambucil,mercaptopurine,1,32,0.03125,6,27,BAZ1A
chlorambucil,methotrexate,1,32,0.03125,6,27,TAF15
cisplatin,lomustine,1,32,0.03125,6,27,LCP1
dacarbazine,tamoxifen,1,32,0.03125,15,18,CHD4
encorafenib,vorinostat,1,32,0.03125,15,18,GAS7
ixabepilone,trametinib,1,32,0.03125,11,22,SRSF2
lomustine,melphalan,1,32,0.03125,27,6,DDX5
lomustine,mitoxantrone,1,32,0.03125,27,6,DDX6
methotrexate,mitoxantrone,1,32,0.03125,27,6,TAF15
oxaliplatin,pemetrexed,1,32,0.03125,31,2,TERT
oxaliplatin,topotecan,1,32,0.03125,31,2,TAF15
dabrafenib,methotrexate,2,65,0.03076923076923077,40,27,BLM;FIP1L1
afatinib,dasatinib,1,33,0.030303030303030304,9,25,LASP1
asciminib,oxaliplatin,1,33,0.030303030303030304,3,31,MYB
binimetinib,ixabepilone,1,33,0.030303030303030304,23,11,SRSF2
ceritinib,trametinib,1,33,0.030303030303030304,12,22,SRSF2
cobimetinib,ixazomib,1,33,0.030303030303030304,29,5,TNFRSF14
cyclophosphamide,vorinostat,1,33,0.030303030303030304,16,18,VAV1
darolutamide,palbociclib,1,33,0.030303030303030304,8,26,TRIM24
estramustine,lomustine,1,33,0.030303030303030304,7,27,ZRSR2
estramustine,selumetinib,1,33,0.030303030303030304,7,27,NFE2L2
etoposide,lomustine,1,33,0.030303030303030304,7,27,PPP6C
etoposide,methotrexate,1,33,0.030303030303030304,7,27,TAF15
oxaliplatin,sunitinib,1,33,0.030303030303030304,31,3,MYC
oxaliplatin,thiotepa,1,33,0.030303030303030304,31,3,TAF15
palbociclib,teniposide,1,33,0.030303030303030304,26,8,P2RY8
tamoxifen,tioguanine,1,33,0.030303030303030304,18,16,CHD4
binimetinib,ceritinib,1,34,0.029411764705882353,23,12,SRSF2
carmustine,chlorambucil,1,34,0.029411764705882353,29,6,ZEB1
carmustine,cisplatin,1,34,0.029411764705882353,29,6,LCP1
carmustine,duvelisib,1,34,0.029411764705882353,29,6,CALR
carmustine,melphalan,1,34,0.029411764705882353,29,6,DDX5
darolutamide,mercaptopurine,1,34,0.029411764705882353,8,27,MAX
gemcitabine,oxaliplatin,1,34,0.029411764705882353,4,31,TERT
lomustine,ribociclib,1,34,0.029411764705882353,27,8,TRIM24
methotrexate,ribociclib,1,34,0.029411764705882353,27,8,MYC
dabrafenib,oxaliplatin,2,69,0.028985507246376812,40,31,BLM;SMARCD1
carmustine,estramustine,1,35,0.02857142857142857,29,7,ZRSR2
carmustine,etoposide,1,35,0.02857142857142857,29,7,ZEB1
cobimetinib,estramustine,1,35,0.02857142857142857,29,7,NFE2L2
nilotinib,vemurafenib,1,35,0.02857142857142857,14,22,NFATC2
paclitaxel,palbociclib,1,35,0.02857142857142857,10,26,BLM
selumetinib,vinblastine,1,35,0.02857142857142857,27,9,CHD4
carmustine,teniposide,1,36,0.027777777777777776,29,8,ZEB1
chlorambucil,oxaliplatin,1,36,0.027777777777777776,6,31,TAF15
irinotecan,palbociclib,1,36,0.027777777777777776,11,26,RFWD3
ixabepilone,palbociclib,1,36,0.027777777777777776,11,26,MYC
mitoxantrone,oxaliplatin,1,36,0.027777777777777776,6,31,TAF15
paclitaxel,selumetinib,1,36,0.027777777777777776,10,27,BLM
palbociclib,valrubicin,1,36,0.027777777777777776,26,11,P2RY8
carmustine,idelalisib,1,37,0.02702702702702703,29,9,CALR
cobimetinib,vinblastine,1,37,0.02702702702702703,29,9,CHD4
daunorubicin,palbociclib,1,37,0.02702702702702703,12,26,RFWD3
idarubicin,mercaptopurine,1,37,0.02702702702702703,11,27,SETD1B
ixabepilone,selumetinib,1,37,0.02702702702702703,11,27,SRSF2
mitomycin,palbociclib,1,37,0.02702702702702703,12,26,RFWD3
actinomycin d,selumetinib,1,38,0.02631578947368421,12,27,CHD4
allopurinol,palbociclib,1,38,0.02631578947368421,13,26,KMT2D
ceritinib,lomustine,1,38,0.02631578947368421,12,27,MYB
cobimetinib,paclitaxel,1,38,0.02631578947368421,29,10,BLM
crizotinib,trametinib,1,38,0.02631578947368421,17,22,SRSF2
crizotinib,vemurafenib,1,38,0.02631578947368421,17,22,SND1
darolutamide,oxaliplatin,1,38,0.02631578947368421,8,31,BCOR
lomustine,mitomycin,1,38,0.02631578947368421,27,12,CBFB
abiraterone,gilteritinib,1,39,0.02564102564102564,39,1,BCL3
cobimetinib,ixabepilone,1,39,0.02564102564102564,29,11,SRSF2
fruquintinib,idelalisib,1,39,0.02564102564102564,31,9,RUNX1T1
tamoxifen,trametinib,1,39,0.02564102564102564,18,22,SRSF2
tamoxifen,vemurafenib,1,39,0.02564102564102564,18,22,PIK3R1
vemurafenib,vorinostat,1,39,0.02564102564102564,22,18,GAS7
abiraterone,lorlatinib,1,40,0.025,39,2,BCL3
actinomycin d,cobimetinib,1,40,0.025,12,29,CHD4
binimetinib,tamoxifen,1,40,0.025,23,18,SRSF2
carmustine,ceritinib,1,40,0.025,29,12,MYB
carmustine,fluorouracil,1,40,0.025,29,12,MYC
carmustine,mitomycin,1,40,0.025,29,12,CBFB
dabrafenib,vinorelbine,1,40,0.025,40,1,STRN
cyclophosphamide,palbociclib,1,41,0.024390243902439025,16,26,P2RY8
dacarbazine,selumetinib,1,41,0.024390243902439025,15,27,CHD4
palbociclib,tioguanine,1,41,0.024390243902439025,26,16,TOP1
cladribine,dabrafenib,1,42,0.023809523809523808,3,40,DNMT3A
cyclophosphamide,methotrexate,1,42,0.023809523809523808,16,27,TERT
dabrafenib,sunitinib,1,42,0.023809523809523808,40,3,STAT6
mitomycin,oxaliplatin,1,42,0.023809523809523808,12,31,TAF15
selumetinib,tioguanine,1,42,0.023809523809523808,27,16,CHD4
allopurinol,oxaliplatin,1,43,0.023255813953488372,13,31,MEN1
cobimetinib,dacarbazine,1,43,0.023255813953488372,29,15,CHD4
abiraterone,duvelisib,1,44,0.022727272727272728,39,6,CALR
abiraterone,vandetanib,1,44,0.022727272727272728,39,6,ITGAV
bleomycin,carmustine,1,44,0.022727272727272728,16,29,ZEB1
cobimetinib,tioguanine,1,44,0.022727272727272728,29,16,CHD4
dabrafenib,imatinib,1,44,0.022727272727272728,40,5,BLM
abiraterone,brigatinib,1,46,0.021739130434782608,39,8,BCL3
cyclophosphamide,oxaliplatin,1,46,0.021739130434782608,16,31,TERT
dabrafenib,estramustine,1,46,0.021739130434782608,40,7,NFE2L2
carmustine,zoledronate,1,48,0.020833333333333332,29,20,CALR
dabrafenib,vinblastine,1,48,0.020833333333333332,40,9,FOXO4
dabrafenib,paclitaxel,1,49,0.02040816326530612,40,10,BLM
abiraterone,ibrutinib,1,51,0.0196078431372549,39,13,NRG1
lomustine,palbociclib,1,52,0.019230769230769232,27,26,TRIM24
palbociclib,selumetinib,1,52,0.019230769230769232,26,27,BLM
abiraterone,encorafenib,1,53,0.018867924528301886,39,15,CREB3L2
lomustine,selumetinib,1,53,0.018867924528301886,27,27,CHD4
mercaptopurine,selumetinib,1,53,0.018867924528301886,27,27,CHD4
cobimetinib,palbociclib,1,54,0.018518518518518517,29,26,BLM
cobimetinib,lomustine,1,55,0.01818181818181818,29,27,CHD4
cobimetinib,mercaptopurine,1,55,0.01818181818181818,29,27,CHD4
oxaliplatin,selumetinib,1,57,0.017543859649122806,31,27,BLM
cobimetinib,oxaliplatin,1,59,0.01694915254237288,29,31,BLM
abiraterone,vemurafenib,1,60,0.016666666666666666,39,22,CREB3L2
abiraterone,binimetinib,1,61,0.01639344262295082,39,23,CREB3L2
abiraterone,selumetinib,1,65,0.015384615384615385,39,27,CREB3L2
dabrafenib,palbociclib,1,65,0.015384615384615385,40,26,BLM
dabrafenib,mercaptopurine,1,66,0.015151515151515152,40,27,FOXO4
abiraterone,carmustine,1,67,0.014925373134328358,39,29,CALR
abiraterone,cobimetinib,1,67,0.014925373134328358,39,29,CREB3L2
abemaciclib,abiraterone,0,44,0.0,5,39,
abemaciclib,acalabrutinib,0,6,0.0,5,1,
abemaciclib,actinomycin d,0,17,0.0,5,12,
abemaciclib,afatinib,0,14,0.0,5,9,
abemaciclib,allopurinol,0,18,0.0,5,13,
abemaciclib,asciminib,0,8,0.0,5,3,
abemaciclib,axitinib,0,6,0.0,5,1,
abemaciclib,azacitidine,0,6,0.0,5,1,
abemaciclib,belinostat,0,10,0.0,5,5,
abemaciclib,binimetinib,0,28,0.0,5,23,
abemaciclib,bleomycin,0,21,0.0,5,16,
abemaciclib,bosutinib,0,6,0.0,5,1,
abemaciclib,brigatinib,0,13,0.0,5,8,
abemaciclib,cabozantinib,0,6,0.0,5,1,
abemaciclib,carboplatin,0,12,0.0,5,7,
abemaciclib,carfilzomib,0,14,0.0,5,9,
abemaciclib,carmustine,0,34,0.0,5,29,
abemaciclib,celecoxib,0,7,0.0,5,2,
abemaciclib,ceritinib,0,17,0.0,5,12,
abemaciclib,chlorambucil,0,11,0.0,5,6,
abemaciclib,cisplatin,0,11,0.0,5,6,
abemaciclib,cladribine,0,8,0.0,5,3,
abemaciclib,clofarabine,0,7,0.0,5,2,
abemaciclib,cobimetinib,0,34,0.0,5,29,
abemaciclib,crizotinib,0,22,0.0,5,17,
abemaciclib,cyclophosphamide,0,21,0.0,5,16,
abemaciclib,cytarabine,0,14,0.0,5,9,
abemaciclib,dabrafenib,0,45,0.0,5,40,
abemaciclib,dacarbazine,0,20,0.0,5,15,
abemaciclib,dacomitinib,0,14,0.0,5,9,
abemaciclib,darolutamide,0,13,0.0,5,8,
abemaciclib,dasatinib,0,30,0.0,5,25,
abemaciclib,daunorubicin,0,17,0.0,5,12,
abemaciclib,decitabine,0,6,0.0,5,1,
abemaciclib,dexrazoxane,0,23,0.0,5,18,
abemaciclib,docetaxel,0,17,0.0,5,12,
abemaciclib,doxorubicin,0,6,0.0,5,1,
abemaciclib,duvelisib,0,11,0.0,5,6,
abemaciclib,encorafenib,0,20,0.0,5,15,
abemaciclib,epirubicin,0,9,0.0,5,4,
abemaciclib,erdafitinib,0,15,0.0,5,10,
abemaciclib,erlotinib,0,16,0.0,5,11,
abemaciclib,estramustine,0,12,0.0,5,7,
abemaciclib,etoposide,0,12,0.0,5,7,
abemaciclib,fludarabine,0,9,0.0,5,4,
abemaciclib,fluorouracil,0,17,0.0,5,12,
abemaciclib,fruquintinib,0,36,0.0,5,31,
abemaciclib,fulvestrant,0,7,0.0,5,2,
abemaciclib,gemcitabine,0,9,0.0,5,4,
abemaciclib,gilteritinib,0,6,0.0,5,1,
abemaciclib,homoharringtonine,0,6,0.0,5,1,
abemaciclib,hydroxyurea,0,12,0.0,5,7,
abemaciclib,ibrutinib,0,18,0.0,5,13,
abemaciclib,idarubicin,0,16,0.0,5,11,
abemaciclib,imatinib,0,10,0.0,5,5,
abemaciclib,irinotecan,0,16,0.0,5,11,
abemaciclib,ixabepilone,0,16,0.0,5,11,
abemaciclib,ixazomib,0,10,0.0,5,5,
abemaciclib,lapatinib,0,6,0.0,5,1,
abemaciclib,lenvatinib,0,23,0.0,5,18,
abemaciclib,lomustine,0,32,0.0,5,27,
abemaciclib,lorlatinib,0,7,0.0,5,2,
abemaciclib,melphalan,0,11,0.0,5,6,
abemaciclib,mercaptopurine,0,32,0.0,5,27,
abemaciclib,methotrexate,0,32,0.0,5,27,
abemaciclib,mitomycin,0,17,0.0,5,12,
abemaciclib,mitotane,0,6,0.0,5,1,
abemaciclib,mitoxantrone,0,11,0.0,5,6,
abemaciclib,neratinib,0,11,0.0,5,6,
abemaciclib,nilotinib,0,19,0.0,5,14,
abemaciclib,olaparib,0,6,0.0,5,1,
abemaciclib,osimertinib,0,7,0.0,5,2,
abemaciclib,oxaliplatin,0,36,0.0,5,31,
abemaciclib,paclitaxel,0,15,0.0,5,10,
abemaciclib,panobinostat,0,6,0.0,5,1,
abemaciclib,pemetrexed,0,7,0.0,5,2,
abemaciclib,pralatrexate,0,7,0.0,5,2,
abemaciclib,raloxifene,0,19,0.0,5,14,
abemaciclib,ribociclib,0,13,0.0,5,8,
abemaciclib,romidepsin,0,6,0.0,5,1,
abemaciclib,selinexor,0,8,0.0,5,3,
abemaciclib,selumetinib,0,32,0.0,5,27,
abemaciclib,sonidegib,0,9,0.0,5,4,
abemaciclib,sunitinib,0,8,0.0,5,3,
abemaciclib,tamoxifen,0,23,0.0,5,18,
abemaciclib,teniposide,0,13,0.0,5,8,
abemaciclib,thiotepa,0,8,0.0,5,3,
abemaciclib,tioguanine,0,21,0.0,5,16,
abemaciclib,tivozanib,0,6,0.0,5,1,
abemaciclib,topotecan,0,7,0.0,5,2,
abemaciclib,trametinib,0,27,0.0,5,22,
abemaciclib,trifluridine,0,11,0.0,5,6,
abemaciclib,tucatinib,0,7,0.0,5,2,
abemaciclib,umbralisib,0,10,0.0,5,5,
abemaciclib,valrubicin,0,16,0.0,5,11,
abemaciclib,vandetanib,0,11,0.0,5,6,
abemaciclib,vemurafenib,0,27,0.0,5,22,
abemaciclib,venetoclax,0,10,0.0,5,5,
abemaciclib,vinblastine,0,14,0.0,5,9,
abemaciclib,vinorelbine,0,6,0.0,5,1,
abemaciclib,vorinostat,0,23,0.0,5,18,
abemaciclib,zoledronate,0,25,0.0,5,20,
abiraterone,acalabrutinib,0,40,0.0,39,1,
abiraterone,actinomycin d,0,51,0.0,39,12,
abiraterone,afatinib,0,48,0.0,39,9,
abiraterone,allopurinol,0,52,0.0,39,13,
abiraterone,asciminib,0,42,0.0,39,3,
abiraterone,axitinib,0,40,0.0,39,1,
abiraterone,azacitidine,0,40,0.0,39,1,
abiraterone,belinostat,0,44,0.0,39,5,
abiraterone,bosutinib,0,40,0.0,39,1,
abiraterone,cabozantinib,0,40,0.0,39,1,
abiraterone,carboplatin,0,46,0.0,39,7,
abiraterone,carfilzomib,0,48,0.0,39,9,
abiraterone,celecoxib,0,41,0.0,39,2,
abiraterone,ceritinib,0,51,0.0,39,12,
abiraterone,chlorambucil,0,45,0.0,39,6,
abiraterone,cisplatin,0,45,0.0,39,6,
abiraterone,cladribine,0,42,0.0,39,3,
abiraterone,clofarabine,0,41,0.0,39,2,
abiraterone,crizotinib,0,56,0.0,39,17,
abiraterone,cyclophosphamide,0,55,0.0,39,16,
abiraterone,cytarabine,0,48,0.0,39,9,
abiraterone,dabrafenib,0,79,0.0,39,40,
abiraterone,dacarbazine,0,54,0.0,39,15,
abiraterone,dacomitinib,0,48,0.0,39,9,
abiraterone,darolutamide,0,47,0.0,39,8,
abiraterone,daunorubicin,0,51,0.0,39,12,
abiraterone,decitabine,0,40,0.0,39,1,
abiraterone,dexrazoxane,0,57,0.0,39,18,
abiraterone,docetaxel,0,51,0.0,39,12,
abiraterone,doxorubicin,0,40,0.0,39,1,
abiraterone,epirubicin,0,43,0.0,39,4,
abiraterone,estramustine,0,46,0.0,39,7,
abiraterone,etoposide,0,46,0.0,39,7,
abiraterone,fludarabine,0,43,0.0,39,4,
abiraterone,fluorouracil,0,51,0.0,39,12,
abiraterone,fulvestrant,0,41,0.0,39,2,
abiraterone,gemcitabine,0,43,0.0,39,4,
abiraterone,homoharringtonine,0,40,0.0,39,1,
abiraterone,hydroxyurea,0,46,0.0,39,7,
abiraterone,idarubicin,0,50,0.0,39,11,
abiraterone,imatinib,0,44,0.0,39,5,
abiraterone,irinotecan,0,50,0.0,39,11,
abiraterone,ixabepilone,0,50,0.0,39,11,
abiraterone,ixazomib,0,44,0.0,39,5,
abiraterone,lapatinib,0,40,0.0,39,1,
abiraterone,lomustine,0,66,0.0,39,27,
abiraterone,melphalan,0,45,0.0,39,6,
abiraterone,mercaptopurine,0,66,0.0,39,27,
abiraterone,methotrexate,0,66,0.0,39,27,
abiraterone,mitomycin,0,51,0.0,39,12,
abiraterone,mitotane,0,40,0.0,39,1,
abiraterone,mitoxantrone,0,45,0.0,39,6,
abiraterone,neratinib,0,45,0.0,39,6,
abiraterone,nilotinib,0,53,0.0,39,14,
abiraterone,olaparib,0,40,0.0,39,1,
abiraterone,osimertinib,0,41,0.0,39,2,
abiraterone,oxaliplatin,0,70,0.0,39,31,
abiraterone,paclitaxel,0,49,0.0,39,10,
abiraterone,palbociclib,0,65,0.0,39,26,
abiraterone,panobinostat,0,40,0.0,39,1,
abiraterone,pemetrexed,0,41,0.0,39,2,
abiraterone,pralatrexate,0,41,0.0,39,2,
abiraterone,raloxifene,0,53,0.0,39,14,
abiraterone,ribociclib,0,47,0.0,39,8,
abiraterone,romidepsin,0,40,0.0,39,1,
abiraterone,selinexor,0,42,0.0,39,3,
abiraterone,sirolimus,0,41,0.0,39,2,
abiraterone,sonidegib,0,43,0.0,39,4,
abiraterone,sunitinib,0,42,0.0,39,3,
abiraterone,tamoxifen,0,57,0.0,39,18,
abiraterone,temsirolimus,0,40,0.0,39,1,
abiraterone,teniposide,0,47,0.0,39,8,
abiraterone,thiotepa,0,42,0.0,39,3,
abiraterone,tioguanine,0,55,0.0,39,16,
abiraterone,tivozanib,0,40,0.0,39,1,
abiraterone,topotecan,0,41,0.0,39,2,
abiraterone,trametinib,0,61,0.0,39,22,
abiraterone,trifluridine,0,45,0.0,39,6,
abiraterone,tucatinib,0,41,0.0,39,2,
abiraterone,umbralisib,0,44,0.0,39,5,
abiraterone,valrubicin,0,50,0.0,39,11,
abiraterone,venetoclax,0,44,0.0,39,5,
abiraterone,vinblastine,0,48,0.0,39,9,
abiraterone,vinorelbine,0,40,0.0,39,1,
abiraterone,vorinostat,0,57,0.0,39,18,
acalabrutinib,actinomycin d,0,13,0.0,1,12,
acalabrutinib,allopurinol,0,14,0.0,1,13,
acalabrutinib,asciminib,0,4,0.0,1,3,
acalabrutinib,axitinib,0,2,0.0,1,1,
acalabrutinib,azacitidine,0,2,0.0,1,1,
acalabrutinib,belinostat,0,6,0.0,1,5,
acalabrutinib,binimetinib,0,24,0.0,1,23,
acalabrutinib,bleomycin,0,17,0.0,1,16,
acalabrutinib,bosutinib,0,2,0.0,1,1,
acalabrutinib,brigatinib,0,9,0.0,1,8,
acalabrutinib,cabozantinib,0,2,0.0,1,1,
acalabrutinib,carboplatin,0,8,0.0,1,7,
acalabrutinib,carfilzomib,0,10,0.0,1,9,
acalabrutinib,carmustine,0,30,0.0,1,29,
acalabrutinib,celecoxib,0,3,0.0,1,2,
acalabrutinib,ceritinib,0,13,0.0,1,12,
acalabrutinib,chlorambucil,0,7,0.0,1,6,
acalabrutinib,cisplatin,0,7,0.0,1,6,
acalabrutinib,cladribine,0,4,0.0,1,3,
acalabrutinib,clofarabine,0,3,0.0,1,2,
acalabrutinib,cobimetinib,0,30,0.0,1,29,
acalabrutinib,crizotinib,0,18,0.0,1,17,
acalabrutinib,cyclophosphamide,0,17,0.0,1,16,
acalabrutinib,cytarabine,0,10,0.0,1,9,
acalabrutinib,dabrafenib,0,41,0.0,1,40,
acalabrutinib,dacarbazine,0,16,0.0,1,15,
acalabrutinib,darolutamide,0,9,0.0,1,8,
acalabrutinib,dasatinib,0,26,0.0,1,25,
acalabrutinib,daunorubicin,0,13,0.0,1,12,
acalabrutinib,decitabine,0,2,0.0,1,1,
acalabrutinib,dexrazoxane,0,19,0.0,1,18,
acalabrutinib,docetaxel,0,13,0.0,1,12,
acalabrutinib,doxorubicin,0,2,0.0,1,1,
acalabrutinib,duvelisib,0,7,0.0,1,6,
acalabrutinib,encorafenib,0,16,0.0,1,15,
acalabrutinib,epirubicin,0,5,0.0,1,4,
acalabrutinib,erdafitinib,0,11,0.0,1,10,
acalabrutinib,erlotinib,0,12,0.0,1,11,
acalabrutinib,estramustine,0,8,0.0,1,7,
acalabrutinib,etoposide,0,8,0.0,1,7,
acalabrutinib,everolimus,0,12,0.0,1,11,
acalabrutinib,fludarabine,0,5,0.0,1,4,
acalabrutinib,fluorouracil,0,13,0.0,1,12,
acalabrutinib,fruquintinib,0,32,0.0,1,31,
acalabrutinib,fulvestrant,0,3,0.0,1,2,
acalabrutinib,gemcitabine,0,5,0.0,1,4,
acalabrutinib,gilteritinib,0,2,0.0,1,1,
acalabrutinib,homoharringtonine,0,2,0.0,1,1,
acalabrutinib,hydroxyurea,0,8,0.0,1,7,
acalabrutinib,idarubicin,0,12,0.0,1,11,
acalabrutinib,idelalisib,0,10,0.0,1,9,
acalabrutinib,imatinib,0,6,0.0,1,5,
acalabrutinib,irinotecan,0,12,0.0,1,11,
acalabrutinib,ixabepilone,0,12,0.0,1,11,
acalabrutinib,ixazomib,0,6,0.0,1,5,
acalabrutinib,lapatinib,0,2,0.0,1,1,
acalabrutinib,lenvatinib,0,19,0.0,1,18,
acalabrutinib,lomustine,0,28,0.0,1,27,
acalabrutinib,lorlatinib,0,3,0.0,1,2,
acalabrutinib,melphalan,0,7,0.0,1,6,
acalabrutinib,mercaptopurine,0,28,0.0,1,27,
acalabrutinib,methotrexate,0,28,0.0,1,27,
acalabrutinib,mitomycin,0,13,0.0,1,12,
acalabrutinib,mitotane,0,2,0.0,1,1,
acalabrutinib,mitoxantrone,0,7,0.0,1,6,
acalabrutinib,neratinib,0,7,0.0,1,6,
acalabrutinib,nilotinib,0,15,0.0,1,14,
acalabrutinib,olaparib,0,2,0.0,1,1,
acalabrutinib,osimertinib,0,3,0.0,1,2,
acalabrutinib,oxaliplatin,0,32,0.0,1,31,
acalabrutinib,paclitaxel,0,11,0.0,1,10,
acalabrutinib,palbociclib,0,27,0.0,1,26,
acalabrutinib,panobinostat,0,2,0.0,1,1,
acalabrutinib,pemetrexed,0,3,0.0,1,2,
acalabrutinib,pralatrexate,0,3,0.0,1,2,
acalabrutinib,raloxifene,0,15,0.0,1,14,
acalabrutinib,ribociclib,0,9,0.0,1,8,
acalabrutinib,romidepsin,0,2,0.0,1,1,
acalabrutinib,selinexor,0,4,0.0,1,3,
acalabrutinib,selumetinib,0,28,0.0,1,27,
acalabrutinib,sirolimus,0,3,0.0,1,2,
acalabrutinib,sonidegib,0,5,0.0,1,4,
acalabrutinib,sunitinib,0,4,0.0,1,3,
acalabrutinib,tamoxifen,0,19,0.0,1,18,
acalabrutinib,temsirolimus,0,2,0.0,1,1,
acalabrutinib,teniposide,0,9,0.0,1,8,
acalabrutinib,thiotepa,0,4,0.0,1,3,
acalabrutinib,tioguanine,0,17,0.0,1,16,
acalabrutinib,tivozanib,0,2,0.0,1,1,
acalabrutinib,topotecan,0,3,0.0,1,2,
acalabrutinib,trametinib,0,23,0.0,1,22,
acalabrutinib,trifluridine,0,7,0.0,1,6,
acalabrutinib,umbralisib,0,6,0.0,1,5,
acalabrutinib,valrubicin,0,12,0.0,1,11,
acalabrutinib,vandetanib,0,7,0.0,1,6,
acalabrutinib,vemurafenib,0,23,0.0,1,22,
acalabrutinib,venetoclax,0,6,0.0,1,5,
acalabrutinib,vinblastine,0,10,0.0,1,9,
acalabrutinib,vinorelbine,0,2,0.0,1,1,
acalabrutinib,vorinostat,0,19,0.0,1,18,
acalabrutinib,zoledronate,0,21,0.0,1,20,
actinomycin d,afatinib,0,21,0.0,12,9,
actinomycin d,allopurinol,0,25,0.0,12,13,
actinomycin d,axitinib,0,13,0.0,12,1,
actinomycin d,azacitidine,0,13,0.0,12,1,
actinomycin d,belinostat,0,17,0.0,12,5,
actinomycin d,binimetinib,0,35,0.0,12,23,
actinomycin d,bleomycin,0,28,0.0,12,16,
actinomycin d,bosutinib,0,13,0.0,12,1,
actinomycin d,brigatinib,0,20,0.0,12,8,
actinomycin d,cabozantinib,0,13,0.0,12,1,
actinomycin d,celecoxib,0,14,0.0,12,2,
actinomycin d,chlorambucil,0,18,0.0,12,6,
actinomycin d,cladribine,0,15,0.0,12,3,
actinomycin d,clofarabine,0,14,0.0,12,2,
actinomycin d,cyclophosphamide,0,28,0.0,12,16,
actinomycin d,cytarabine,0,21,0.0,12,9,
actinomycin d,dabrafenib,0,52,0.0,12,40,
actinomycin d,dacomitinib,0,21,0.0,12,9,
actinomycin d,darolutamide,0,20,0.0,12,8,
actinomycin d,dasatinib,0,37,0.0,12,25,
actinomycin d,decitabine,0,13,0.0,12,1,
actinomycin d,duvelisib,0,18,0.0,12,6,
actinomycin d,encorafenib,0,27,0.0,12,15,
actinomycin d,epirubicin,0,16,0.0,12,4,
actinomycin d,erdafitinib,0,22,0.0,12,10,
actinomycin d,erlotinib,0,23,0.0,12,11,
actinomycin d,estramustine,0,19,0.0,12,7,
actinomycin d,everolimus,0,23,0.0,12,11,
actinomycin d,fludarabine,0,16,0.0,12,4,
actinomycin d,fluorouracil,0,24,0.0,12,12,
actinomycin d,fruquintinib,0,43,0.0,12,31,
actinomycin d,fulvestrant,0,14,0.0,12,2,
actinomycin d,gemcitabine,0,16,0.0,12,4,
actinomycin d,gilteritinib,0,13,0.0,12,1,
actinomycin d,hydroxyurea,0,19,0.0,12,7,
actinomycin d,ibrutinib,0,25,0.0,12,13,
actinomycin d,idelalisib,0,21,0.0,12,9,
actinomycin d,irinotecan,0,23,0.0,12,11,
actinomycin d,ixazomib,0,17,0.0,12,5,
actinomycin d,lapatinib,0,13,0.0,12,1,
actinomycin d,lenvatinib,0,30,0.0,12,18,
actinomycin d,lorlatinib,0,14,0.0,12,2,
actinomycin d,mitotane,0,13,0.0,12,1,
actinomycin d,mitoxantrone,0,18,0.0,12,6,
actinomycin d,neratinib,0,18,0.0,12,6,
actinomycin d,olaparib,0,13,0.0,12,1,
actinomycin d,osimertinib,0,14,0.0,12,2,
actinomycin d,palbociclib,0,38,0.0,12,26,
actinomycin d,panobinostat,0,13,0.0,12,1,
actinomycin d,pemetrexed,0,14,0.0,12,2,
actinomycin d,pralatrexate,0,14,0.0,12,2,
actinomycin d,sirolimus,0,14,0.0,12,2,
actinomycin d,sonidegib,0,16,0.0,12,4,
actinomycin d,sunitinib,0,15,0.0,12,3,
actinomycin d,temsirolimus,0,13,0.0,12,1,
actinomycin d,teniposide,0,20,0.0,12,8,
actinomycin d,thiotepa,0,15,0.0,12,3,
actinomycin d,tivozanib,0,13,0.0,12,1,
actinomycin d,topotecan,0,14,0.0,12,2,
actinomycin d,trametinib,0,34,0.0,12,22,
actinomycin d,trifluridine,0,18,0.0,12,6,
actinomycin d,tucatinib,0,14,0.0,12,2,
actinomycin d,umbralisib,0,17,0.0,12,5,
actinomycin d,valrubicin,0,23,0.0,12,11,
actinomycin d,vandetanib,0,18,0.0,12,6,
actinomycin d,vemurafenib,0,34,0.0,12,22,
actinomycin d,venetoclax,0,17,0.0,12,5,
actinomycin d,vinorelbine,0,13,0.0,12,1,
actinomycin d,zoledronate,0,32,0.0,12,20,
afatinib,asciminib,0,12,0.0,9,3,
afatinib,axitinib,0,10,0.0,9,1,
afatinib,azacitidine,0,10,0.0,9,1,
afatinib,belinostat,0,14,0.0,9,5,
afatinib,binimetinib,0,32,0.0,9,23,
afatinib,bleomycin,0,25,0.0,9,16,
afatinib,bosutinib,0,10,0.0,9,1,
afatinib,brigatinib,0,17,0.0,9,8,
afatinib,cabozantinib,0,10,0.0,9,1,
afatinib,carboplatin,0,16,0.0,9,7,
afatinib,carfilzomib,0,18,0.0,9,9,
afatinib,carmustine,0,38,0.0,9,29,
afatinib,celecoxib,0,11,0.0,9,2,
afatinib,ceritinib,0,21,0.0,9,12,
afatinib,chlorambucil,0,15,0.0,9,6,
afatinib,cisplatin,0,15,0.0,9,6,
afatinib,cladribine,0,12,0.0,9,3,
afatinib,clofarabine,0,11,0.0,9,2,
afatinib,cobimetinib,0,38,0.0,9,29,
afatinib,crizotinib,0,26,0.0,9,17,
afatinib,cyclophosphamide,0,25,0.0,9,16,
afatinib,cytarabine,0,18,0.0,9,9,
afatinib,dabrafenib,0,49,0.0,9,40,
afatinib,dacarbazine,0,24,0.0,9,15,
afatinib,darolutamide,0,17,0.0,9,8,
afatinib,daunorubicin,0,21,0.0,9,12,
afatinib,decitabine,0,10,0.0,9,1,
afatinib,dexrazoxane,0,27,0.0,9,18,
afatinib,docetaxel,0,21,0.0,9,12,
afatinib,doxorubicin,0,10,0.0,9,1,
afatinib,duvelisib,0,15,0.0,9,6,
afatinib,encorafenib,0,24,0.0,9,15,
afatinib,epirubicin,0,13,0.0,9,4,
afatinib,erdafitinib,0,19,0.0,9,10,
afatinib,estramustine,0,16,0.0,9,7,
afatinib,etoposide,0,16,0.0,9,7,
afatinib,everolimus,0,20,0.0,9,11,
afatinib,fludarabine,0,13,0.0,9,4,
afatinib,fluorouracil,0,21,0.0,9,12,
afatinib,fruquintinib,0,40,0.0,9,31,
afatinib,fulvestrant,0,11,0.0,9,2,
afatinib,gemcitabine,0,13,0.0,9,4,
afatinib,gilteritinib,0,10,0.0,9,1,
afatinib,homoharringtonine,0,10,0.0,9,1,
afatinib,hydroxyurea,0,16,0.0,9,7,
afatinib,idarubicin,0,20,0.0,9,11,
afatinib,idelalisib,0,18,0.0,9,9,
afatinib,imatinib,0,14,0.0,9,5,
afatinib,irinotecan,0,20,0.0,9,11,
afatinib,ixabepilone,0,20,0.0,9,11,
afatinib,ixazomib,0,14,0.0,9,5,
afatinib,lapatinib,0,10,0.0,9,1,
afatinib,lenvatinib,0,27,0.0,9,18,
afatinib,lomustine,0,36,0.0,9,27,
afatinib,lorlatinib,0,11,0.0,9,2,
afatinib,melphalan,0,15,0.0,9,6,
afatinib,mercaptopurine,0,36,0.0,9,27,
afatinib,methotrexate,0,36,0.0,9,27,
afatinib,mitomycin,0,21,0.0,9,12,
afatinib,mitotane,0,10,0.0,9,1,
afatinib,mitoxantrone,0,15,0.0,9,6,
afatinib,nilotinib,0,23,0.0,9,14,
afatinib,olaparib,0,10,0.0,9,1,
afatinib,oxaliplatin,0,40,0.0,9,31,
afatinib,paclitaxel,0,19,0.0,9,10,
afatinib,palbociclib,0,35,0.0,9,26,
afatinib,panobinostat,0,10,0.0,9,1,
afatinib,pemetrexed,0,11,0.0,9,2,
afatinib,pralatrexate,0,11,0.0,9,2,
afatinib,raloxifene,0,23,0.0,9,14,
afatinib,ribociclib,0,17,0.0,9,8,
afatinib,romidepsin,0,10,0.0,9,1,
afatinib,selinexor,0,12,0.0,9,3,
afatinib,selumetinib,0,36,0.0,9,27,
afatinib,sirolimus,0,11,0.0,9,2,
afatinib,sonidegib,0,13,0.0,9,4,
afatinib,sunitinib,0,12,0.0,9,3,
afatinib,tamoxifen,0,27,0.0,9,18,
afatinib,temsirolimus,0,10,0.0,9,1,
afatinib,teniposide,0,17,0.0,9,8,
afatinib,thiotepa,0,12,0.0,9,3,
afatinib,tioguanine,0,25,0.0,9,16,
afatinib,tivozanib,0,10,0.0,9,1,
afatinib,topotecan,0,11,0.0,9,2,
afatinib,trametinib,0,31,0.0,9,22,
afatinib,trifluridine,0,15,0.0,9,6,
afatinib,umbralisib,0,14,0.0,9,5,
afatinib,valrubicin,0,20,0.0,9,11,
afatinib,vandetanib,0,15,0.0,9,6,
afatinib,vemurafenib,0,31,0.0,9,22,
afatinib,venetoclax,0,14,0.0,9,5,
afatinib,vinblastine,0,18,0.0,9,9,
afatinib,vinorelbine,0,10,0.0,9,1,
afatinib,vorinostat,0,27,0.0,9,18,
afatinib,zoledronate,0,29,0.0,9,20,
allopurinol,axitinib,0,14,0.0,13,1,
allopurinol,azacitidine,0,14,0.0,13,1,
allopurinol,binimetinib,0,36,0.0,13,23,
allopurinol,bleomycin,0,29,0.0,13,16,
allopurinol,bosutinib,0,14,0.0,13,1,
allopurinol,brigatinib,0,21,0.0,13,8,
allopurinol,cabozantinib,0,14,0.0,13,1,
allopurinol,carboplatin,0,20,0.0,13,7,
allopurinol,carfilzomib,0,22,0.0,13,9,
allopurinol,carmustine,0,42,0.0,13,29,
allopurinol,celecoxib,0,15,0.0,13,2,
allopurinol,ceritinib,0,25,0.0,13,12,
allopurinol,chlorambucil,0,19,0.0,13,6,
allopurinol,cisplatin,0,19,0.0,13,6,
allopurinol,cladribine,0,16,0.0,13,3,
allopurinol,clofarabine,0,15,0.0,13,2,
allopurinol,cobimetinib,0,42,0.0,13,29,
allopurinol,crizotinib,0,30,0.0,13,17,
allopurinol,cyclophosphamide,0,29,0.0,13,16,
allopurinol,cytarabine,0,22,0.0,13,9,
allopurinol,dabrafenib,0,53,0.0,13,40,
allopurinol,dacomitinib,0,22,0.0,13,9,
allopurinol,dasatinib,0,38,0.0,13,25,
allopurinol,daunorubicin,0,25,0.0,13,12,
allopurinol,decitabine,0,14,0.0,13,1,
allopurinol,docetaxel,0,25,0.0,13,12,
allopurinol,doxorubicin,0,14,0.0,13,1,
allopurinol,duvelisib,0,19,0.0,13,6,
allopurinol,encorafenib,0,28,0.0,13,15,
allopurinol,epirubicin,0,17,0.0,13,4,
allopurinol,erdafitinib,0,23,0.0,13,10,
allopurinol,erlotinib,0,24,0.0,13,11,
allopurinol,estramustine,0,20,0.0,13,7,
allopurinol,etoposide,0,20,0.0,13,7,
allopurinol,everolimus,0,24,0.0,13,11,
allopurinol,fluorouracil,0,25,0.0,13,12,
allopurinol,fruquintinib,0,44,0.0,13,31,
allopurinol,fulvestrant,0,15,0.0,13,2,
allopurinol,gemcitabine,0,17,0.0,13,4,
allopurinol,gilteritinib,0,14,0.0,13,1,
allopurinol,homoharringtonine,0,14,0.0,13,1,
allopurinol,hydroxyurea,0,20,0.0,13,7,
allopurinol,ibrutinib,0,26,0.0,13,13,
allopurinol,idarubicin,0,24,0.0,13,11,
allopurinol,idelalisib,0,22,0.0,13,9,
allopurinol,imatinib,0,18,0.0,13,5,
allopurinol,irinotecan,0,24,0.0,13,11,
allopurinol,ixabepilone,0,24,0.0,13,11,
allopurinol,ixazomib,0,18,0.0,13,5,
allopurinol,lapatinib,0,14,0.0,13,1,
allopurinol,lenvatinib,0,31,0.0,13,18,
allopurinol,lomustine,0,40,0.0,13,27,
allopurinol,lorlatinib,0,15,0.0,13,2,
allopurinol,melphalan,0,19,0.0,13,6,
allopurinol,mitomycin,0,25,0.0,13,12,
allopurinol,mitotane,0,14,0.0,13,1,
allopurinol,mitoxantrone,0,19,0.0,13,6,
allopurinol,olaparib,0,14,0.0,13,1,
allopurinol,osimertinib,0,15,0.0,13,2,
allopurinol,paclitaxel,0,23,0.0,13,10,
allopurinol,panobinostat,0,14,0.0,13,1,
allopurinol,pemetrexed,0,15,0.0,13,2,
allopurinol,raloxifene,0,27,0.0,13,14,
allopurinol,ribociclib,0,21,0.0,13,8,
allopurinol,romidepsin,0,14,0.0,13,1,
allopurinol,selinexor,0,16,0.0,13,3,
allopurinol,selumetinib,0,40,0.0,13,27,
allopurinol,sirolimus,0,15,0.0,13,2,
allopurinol,sonidegib,0,17,0.0,13,4,
allopurinol,sunitinib,0,16,0.0,13,3,
allopurinol,tamoxifen,0,31,0.0,13,18,
allopurinol,temsirolimus,0,14,0.0,13,1,
allopurinol,teniposide,0,21,0.0,13,8,
allopurinol,thiotepa,0,16,0.0,13,3,
allopurinol,tivozanib,0,14,0.0,13,1,
allopurinol,topotecan,0,15,0.0,13,2,
allopurinol,trametinib,0,35,0.0,13,22,
allopurinol,trifluridine,0,19,0.0,13,6,
allopurinol,tucatinib,0,15,0.0,13,2,
allopurinol,valrubicin,0,24,0.0,13,11,
allopurinol,vandetanib,0,19,0.0,13,6,
allopurinol,vemurafenib,0,35,0.0,13,22,
allopurinol,venetoclax,0,18,0.0,13,5,
allopurinol,vinblastine,0,22,0.0,13,9,
allopurinol,vinorelbine,0,14,0.0,13,1,
allopurinol,zoledronate,0,33,0.0,13,20,
asciminib,axitinib,0,4,0.0,3,1,
asciminib,azacitidine,0,4,0.0,3,1,
asciminib,belinostat,0,8,0.0,3,5,
asciminib,binimetinib,0,26,0.0,3,23,
asciminib,bleomycin,0,19,0.0,3,16,
asciminib,bosutinib,0,4,0.0,3,1,
asciminib,brigatinib,0,11,0.0,3,8,
asciminib,cabozantinib,0,4,0.0,3,1,
asciminib,carboplatin,0,10,0.0,3,7,
asciminib,carfilzomib,0,12,0.0,3,9,
asciminib,celecoxib,0,5,0.0,3,2,
asciminib,chlorambucil,0,9,0.0,3,6,
asciminib,cisplatin,0,9,0.0,3,6,
asciminib,cladribine,0,6,0.0,3,3,
asciminib,clofarabine,0,5,0.0,3,2,
asciminib,cobimetinib,0,32,0.0,3,29,
asciminib,cyclophosphamide,0,19,0.0,3,16,
asciminib,cytarabine,0,12,0.0,3,9,
asciminib,dabrafenib,0,43,0.0,3,40,
asciminib,dacarbazine,0,18,0.0,3,15,
asciminib,dacomitinib,0,12,0.0,3,9,
asciminib,darolutamide,0,11,0.0,3,8,
asciminib,dasatinib,0,28,0.0,3,25,
asciminib,daunorubicin,0,15,0.0,3,12,
asciminib,decitabine,0,4,0.0,3,1,
asciminib,dexrazoxane,0,21,0.0,3,18,
asciminib,docetaxel,0,15,0.0,3,12,
asciminib,doxorubicin,0,4,0.0,3,1,
asciminib,duvelisib,0,9,0.0,3,6,
asciminib,encorafenib,0,18,0.0,3,15,
asciminib,epirubicin,0,7,0.0,3,4,
asciminib,erdafitinib,0,13,0.0,3,10,
asciminib,erlotinib,0,14,0.0,3,11,
asciminib,estramustine,0,10,0.0,3,7,
asciminib,etoposide,0,10,0.0,3,7,
asciminib,everolimus,0,14,0.0,3,11,
asciminib,fludarabine,0,7,0.0,3,4,
asciminib,fluorouracil,0,15,0.0,3,12,
asciminib,fruquintinib,0,34,0.0,3,31,
asciminib,fulvestrant,0,5,0.0,3,2,
asciminib,gemcitabine,0,7,0.0,3,4,
asciminib,gilteritinib,0,4,0.0,3,1,
asciminib,homoharringtonine,0,4,0.0,3,1,
asciminib,hydroxyurea,0,10,0.0,3,7,
asciminib,ibrutinib,0,16,0.0,3,13,
asciminib,idarubicin,0,14,0.0,3,11,
asciminib,idelalisib,0,12,0.0,3,9,
asciminib,irinotecan,0,14,0.0,3,11,
asciminib,ixazomib,0,8,0.0,3,5,
asciminib,lapatinib,0,4,0.0,3,1,
asciminib,lenvatinib,0,21,0.0,3,18,
asciminib,lorlatinib,0,5,0.0,3,2,
asciminib,melphalan,0,9,0.0,3,6,
asciminib,methotrexate,0,30,0.0,3,27,
asciminib,mitomycin,0,15,0.0,3,12,
asciminib,mitotane,0,4,0.0,3,1,
asciminib,mitoxantrone,0,9,0.0,3,6,
asciminib,neratinib,0,9,0.0,3,6,
asciminib,olaparib,0,4,0.0,3,1,
asciminib,osimertinib,0,5,0.0,3,2,
asciminib,paclitaxel,0,13,0.0,3,10,
asciminib,palbociclib,0,29,0.0,3,26,
asciminib,panobinostat,0,4,0.0,3,1,
asciminib,pemetrexed,0,5,0.0,3,2,
asciminib,pralatrexate,0,5,0.0,3,2,
asciminib,ribociclib,0,11,0.0,3,8,
asciminib,romidepsin,0,4,0.0,3,1,
asciminib,selinexor,0,6,0.0,3,3,
asciminib,selumetinib,0,30,0.0,3,27,
asciminib,sirolimus,0,5,0.0,3,2,
asciminib,sonidegib,0,7,0.0,3,4,
asciminib,sunitinib,0,6,0.0,3,3,
asciminib,temsirolimus,0,4,0.0,3,1,
asciminib,teniposide,0,11,0.0,3,8,
asciminib,thiotepa,0,6,0.0,3,3,
asciminib,tioguanine,0,19,0.0,3,16,
asciminib,tivozanib,0,4,0.0,3,1,
asciminib,topotecan,0,5,0.0,3,2,
asciminib,trametinib,0,25,0.0,3,22,
asciminib,trifluridine,0,9,0.0,3,6,
asciminib,tucatinib,0,5,0.0,3,2,
asciminib,umbralisib,0,8,0.0,3,5,
asciminib,valrubicin,0,14,0.0,3,11,
asciminib,vandetanib,0,9,0.0,3,6,
asciminib,vemurafenib,0,25,0.0,3,22,
asciminib,venetoclax,0,8,0.0,3,5,
asciminib,vinblastine,0,12,0.0,3,9,
asciminib,vinorelbine,0,4,0.0,3,1,
asciminib,zoledronate,0,23,0.0,3,20,
axitinib,azacitidine,0,2,0.0,1,1,
axitinib,belinostat,0,6,0.0,1,5,
axitinib,binimetinib,0,24,0.0,1,23,
axitinib,bleomycin,0,17,0.0,1,16,
axitinib,bosutinib,0,2,0.0,1,1,
axitinib,brigatinib,0,9,0.0,1,8,
axitinib,carboplatin,0,8,0.0,1,7,
axitinib,carfilzomib,0,10,0.0,1,9,
axitinib,celecoxib,0,3,0.0,1,2,
axitinib,ceritinib,0,13,0.0,1,12,
axitinib,chlorambucil,0,7,0.0,1,6,
axitinib,cisplatin,0,7,0.0,1,6,
axitinib,cladribine,0,4,0.0,1,3,
axitinib,clofarabine,0,3,0.0,1,2,
axitinib,cobimetinib,0,30,0.0,1,29,
axitinib,cyclophosphamide,0,17,0.0,1,16,
axitinib,cytarabine,0,10,0.0,1,9,
axitinib,dabrafenib,0,41,0.0,1,40,
axitinib,dacarbazine,0,16,0.0,1,15,
axitinib,dacomitinib,0,10,0.0,1,9,
axitinib,darolutamide,0,9,0.0,1,8,
axitinib,dasatinib,0,26,0.0,1,25,
axitinib,daunorubicin,0,13,0.0,1,12,
axitinib,decitabine,0,2,0.0,1,1,
axitinib,dexrazoxane,0,19,0.0,1,18,
axitinib,docetaxel,0,13,0.0,1,12,
axitinib,doxorubicin,0,2,0.0,1,1,
axitinib,duvelisib,0,7,0.0,1,6,
axitinib,encorafenib,0,16,0.0,1,15,
axitinib,epirubicin,0,5,0.0,1,4,
axitinib,erdafitinib,0,11,0.0,1,10,
axitinib,erlotinib,0,12,0.0,1,11,
axitinib,estramustine,0,8,0.0,1,7,
axitinib,etoposide,0,8,0.0,1,7,
axitinib,everolimus,0,12,0.0,1,11,
axitinib,fludarabine,0,5,0.0,1,4,
axitinib,fluorouracil,0,13,0.0,1,12,
axitinib,fruquintinib,0,32,0.0,1,31,
axitinib,fulvestrant,0,3,0.0,1,2,
axitinib,gemcitabine,0,5,0.0,1,4,
axitinib,gilteritinib,0,2,0.0,1,1,
axitinib,homoharringtonine,0,2,0.0,1,1,
axitinib,hydroxyurea,0,8,0.0,1,7,
axitinib,ibrutinib,0,14,0.0,1,13,
axitinib,idarubicin,0,12,0.0,1,11,
axitinib,idelalisib,0,10,0.0,1,9,
axitinib,imatinib,0,6,0.0,1,5,
axitinib,irinotecan,0,12,0.0,1,11,
axitinib,ixabepilone,0,12,0.0,1,11,
axitinib,ixazomib,0,6,0.0,1,5,
axitinib,lapatinib,0,2,0.0,1,1,
axitinib,lenvatinib,0,19,0.0,1,18,
axitinib,lorlatinib,0,3,0.0,1,2,
axitinib,melphalan,0,7,0.0,1,6,
axitinib,mercaptopurine,0,28,0.0,1,27,
axitinib,methotrexate,0,28,0.0,1,27,
axitinib,mitomycin,0,13,0.0,1,12,
axitinib,mitotane,0,2,0.0,1,1,
axitinib,mitoxantrone,0,7,0.0,1,6,
axitinib,neratinib,0,7,0.0,1,6,
axitinib,nilotinib,0,15,0.0,1,14,
axitinib,olaparib,0,2,0.0,1,1,
axitinib,osimertinib,0,3,0.0,1,2,
axitinib,oxaliplatin,0,32,0.0,1,31,
axitinib,paclitaxel,0,11,0.0,1,10,
axitinib,palbociclib,0,27,0.0,1,26,
axitinib,panobinostat,0,2,0.0,1,1,
axitinib,pemetrexed,0,3,0.0,1,2,
axitinib,pralatrexate,0,3,0.0,1,2,
axitinib,raloxifene,0,15,0.0,1,14,
axitinib,ribociclib,0,9,0.0,1,8,
axitinib,romidepsin,0,2,0.0,1,1,
axitinib,selinexor,0,4,0.0,1,3,
axitinib,selumetinib,0,28,0.0,1,27,
axitinib,sirolimus,0,3,0.0,1,2,
axitinib,sonidegib,0,5,0.0,1,4,
axitinib,sunitinib,0,4,0.0,1,3,
axitinib,tamoxifen,0,19,0.0,1,18,
axitinib,temsirolimus,0,2,0.0,1,1,
axitinib,teniposide,0,9,0.0,1,8,
axitinib,thiotepa,0,4,0.0,1,3,
axitinib,tivozanib,0,2,0.0,1,1,
axitinib,topotecan,0,3,0.0,1,2,
axitinib,trametinib,0,23,0.0,1,22,
axitinib,trifluridine,0,7,0.0,1,6,
axitinib,tucatinib,0,3,0.0,1,2,
axitinib,umbralisib,0,6,0.0,1,5,
axitinib,valrubicin,0,12,0.0,1,11,
axitinib,vandetanib,0,7,0.0,1,6,
axitinib,vemurafenib,0,23,0.0,1,22,
axitinib,venetoclax,0,6,0.0,1,5,
axitinib,vinblastine,0,10,0.0,1,9,
axitinib,vinorelbine,0,2,0.0,1,1,
axitinib,vorinostat,0,19,0.0,1,18,
axitinib,zoledronate,0,21,0.0,1,20,
azacitidine,belinostat,0,6,0.0,1,5,
azacitidine,binimetinib,0,24,0.0,1,23,
azacitidine,bleomycin,0,17,0.0,1,16,
azacitidine,bosutinib,0,2,0.0,1,1,
azacitidine,brigatinib,0,9,0.0,1,8,
azacitidine,cabozantinib,0,2,0.0,1,1,
azacitidine,carboplatin,0,8,0.0,1,7,
azacitidine,carfilzomib,0,10,0.0,1,9,
azacitidine,carmustine,0,30,0.0,1,29,
azacitidine,celecoxib,0,3,0.0,1,2,
azacitidine,ceritinib,0,13,0.0,1,12,
azacitidine,chlorambucil,0,7,0.0,1,6,
azacitidine,cisplatin,0,7,0.0,1,6,
azacitidine,cladribine,0,4,0.0,1,3,
azacitidine,clofarabine,0,3,0.0,1,2,
azacitidine,cobimetinib,0,30,0.0,1,29,
azacitidine,crizotinib,0,18,0.0,1,17,
azacitidine,cyclophosphamide,0,17,0.0,1,16,
azacitidine,cytarabine,0,10,0.0,1,9,
azacitidine,dabrafenib,0,41,0.0,1,40,
azacitidine,dacarbazine,0,16,0.0,1,15,
azacitidine,dacomitinib,0,10,0.0,1,9,
azacitidine,darolutamide,0,9,0.0,1,8,
azacitidine,dasatinib,0,26,0.0,1,25,
azacitidine,daunorubicin,0,13,0.0,1,12,
azacitidine,decitabine,0,2,0.0,1,1,
azacitidine,dexrazoxane,0,19,0.0,1,18,
azacitidine,docetaxel,0,13,0.0,1,12,
azacitidine,doxorubicin,0,2,0.0,1,1,
azacitidine,duvelisib,0,7,0.0,1,6,
azacitidine,encorafenib,0,16,0.0,1,15,
azacitidine,epirubicin,0,5,0.0,1,4,
azacitidine,erdafitinib,0,11,0.0,1,10,
azacitidine,erlotinib,0,12,0.0,1,11,
azacitidine,estramustine,0,8,0.0,1,7,
azacitidine,etoposide,0,8,0.0,1,7,
azacitidine,everolimus,0,12,0.0,1,11,
azacitidine,fludarabine,0,5,0.0,1,4,
azacitidine,fluorouracil,0,13,0.0,1,12,
azacitidine,fruquintinib,0,32,0.0,1,31,
azacitidine,fulvestrant,0,3,0.0,1,2,
azacitidine,gemcitabine,0,5,0.0,1,4,
azacitidine,gilteritinib,0,2,0.0,1,1,
azacitidine,homoharringtonine,0,2,0.0,1,1,
azacitidine,hydroxyurea,0,8,0.0,1,7,
azacitidine,ibrutinib,0,14,0.0,1,13,
azacitidine,idarubicin,0,12,0.0,1,11,
azacitidine,idelalisib,0,10,0.0,1,9,
azacitidine,imatinib,0,6,0.0,1,5,
azacitidine,irinotecan,0,12,0.0,1,11,
azacitidine,ixabepilone,0,12,0.0,1,11,
azacitidine,ixazomib,0,6,0.0,1,5,
azacitidine,lapatinib,0,2,0.0,1,1,
azacitidine,lenvatinib,0,19,0.0,1,18,
azacitidine,lomustine,0,28,0.0,1,27,
azacitidine,lorlatinib,0,3,0.0,1,2,
azacitidine,melphalan,0,7,0.0,1,6,
azacitidine,mercaptopurine,0,28,0.0,1,27,
azacitidine,mitomycin,0,13,0.0,1,12,
azacitidine,mitotane,0,2,0.0,1,1,
azacitidine,mitoxantrone,0,7,0.0,1,6,
azacitidine,neratinib,0,7,0.0,1,6,
azacitidine,nilotinib,0,15,0.0,1,14,
azacitidine,olaparib,0,2,0.0,1,1,
azacitidine,osimertinib,0,3,0.0,1,2,
azacitidine,oxaliplatin,0,32,0.0,1,31,
azacitidine,paclitaxel,0,11,0.0,1,10,
azacitidine,palbociclib,0,27,0.0,1,26,
azacitidine,panobinostat,0,2,0.0,1,1,
azacitidine,pemetrexed,0,3,0.0,1,2,
azacitidine,pralatrexate,0,3,0.0,1,2,
azacitidine,raloxifene,0,15,0.0,1,14,
azacitidine,ribociclib,0,9,0.0,1,8,
azacitidine,romidepsin,0,2,0.0,1,1,
azacitidine,selinexor,0,4,0.0,1,3,
azacitidine,selumetinib,0,28,0.0,1,27,
azacitidine,sirolimus,0,3,0.0,1,2,
azacitidine,sonidegib,0,5,0.0,1,4,
azacitidine,sunitinib,0,4,0.0,1,3,
azacitidine,tamoxifen,0,19,0.0,1,18,
azacitidine,temsirolimus,0,2,0.0,1,1,
azacitidine,teniposide,0,9,0.0,1,8,
azacitidine,thiotepa,0,4,0.0,1,3,
azacitidine,tioguanine,0,17,0.0,1,16,
azacitidine,tivozanib,0,2,0.0,1,1,
azacitidine,topotecan,0,3,0.0,1,2,
azacitidine,trametinib,0,23,0.0,1,22,
azacitidine,trifluridine,0,7,0.0,1,6,
azacitidine,tucatinib,0,3,0.0,1,2,
azacitidine,umbralisib,0,6,0.0,1,5,
azacitidine,valrubicin,0,12,0.0,1,11,
azacitidine,vandetanib,0,7,0.0,1,6,
azacitidine,vemurafenib,0,23,0.0,1,22,
azacitidine,venetoclax,0,6,0.0,1,5,
azacitidine,vinblastine,0,10,0.0,1,9,
azacitidine,vinorelbine,0,2,0.0,1,1,
azacitidine,vorinostat,0,19,0.0,1,18,
azacitidine,zoledronate,0,21,0.0,1,20,
belinostat,binimetinib,0,28,0.0,5,23,
belinostat,bleomycin,0,21,0.0,5,16,
belinostat,bosutinib,0,6,0.0,5,1,
belinostat,brigatinib,0,13,0.0,5,8,
belinostat,cabozantinib,0,6,0.0,5,1,
belinostat,carboplatin,0,12,0.0,5,7,
belinostat,carfilzomib,0,14,0.0,5,9,
belinostat,carmustine,0,34,0.0,5,29,
belinostat,celecoxib,0,7,0.0,5,2,
belinostat,chlorambucil,0,11,0.0,5,6,
belinostat,cisplatin,0,11,0.0,5,6,
belinostat,cladribine,0,8,0.0,5,3,
belinostat,clofarabine,0,7,0.0,5,2,
belinostat,cobimetinib,0,34,0.0,5,29,
belinostat,cyclophosphamide,0,21,0.0,5,16,
belinostat,cytarabine,0,14,0.0,5,9,
belinostat,dabrafenib,0,45,0.0,5,40,
belinostat,dacarbazine,0,20,0.0,5,15,
belinostat,dacomitinib,0,14,0.0,5,9,
belinostat,darolutamide,0,13,0.0,5,8,
belinostat,dasatinib,0,30,0.0,5,25,
belinostat,daunorubicin,0,17,0.0,5,12,
belinostat,decitabine,0,6,0.0,5,1,
belinostat,docetaxel,0,17,0.0,5,12,
belinostat,doxorubicin,0,6,0.0,5,1,
belinostat,duvelisib,0,11,0.0,5,6,
belinostat,encorafenib,0,20,0.0,5,15,
belinostat,epirubicin,0,9,0.0,5,4,
belinostat,erdafitinib,0,15,0.0,5,10,
belinostat,erlotinib,0,16,0.0,5,11,
belinostat,estramustine,0,12,0.0,5,7,
belinostat,etoposide,0,12,0.0,5,7,
belinostat,everolimus,0,16,0.0,5,11,
belinostat,fludarabine,0,9,0.0,5,4,
belinostat,fluorouracil,0,17,0.0,5,12,
belinostat,fruquintinib,0,36,0.0,5,31,
belinostat,fulvestrant,0,7,0.0,5,2,
belinostat,gemcitabine,0,9,0.0,5,4,
belinostat,gilteritinib,0,6,0.0,5,1,
belinostat,homoharringtonine,0,6,0.0,5,1,
belinostat,hydroxyurea,0,12,0.0,5,7,
belinostat,ibrutinib,0,18,0.0,5,13,
belinostat,idarubicin,0,16,0.0,5,11,
belinostat,idelalisib,0,14,0.0,5,9,
belinostat,imatinib,0,10,0.0,5,5,
belinostat,irinotecan,0,16,0.0,5,11,
belinostat,ixabepilone,0,16,0.0,5,11,
belinostat,ixazomib,0,10,0.0,5,5,
belinostat,lapatinib,0,6,0.0,5,1,
belinostat,lenvatinib,0,23,0.0,5,18,
belinostat,lorlatinib,0,7,0.0,5,2,
belinostat,melphalan,0,11,0.0,5,6,
belinostat,mitomycin,0,17,0.0,5,12,
belinostat,mitotane,0,6,0.0,5,1,
belinostat,mitoxantrone,0,11,0.0,5,6,
belinostat,neratinib,0,11,0.0,5,6,
belinostat,nilotinib,0,19,0.0,5,14,
belinostat,olaparib,0,6,0.0,5,1,
belinostat,osimertinib,0,7,0.0,5,2,
belinostat,paclitaxel,0,15,0.0,5,10,
belinostat,panobinostat,0,6,0.0,5,1,
belinostat,pemetrexed,0,7,0.0,5,2,
belinostat,raloxifene,0,19,0.0,5,14,
belinostat,romidepsin,0,6,0.0,5,1,
belinostat,selinexor,0,8,0.0,5,3,
belinostat,selumetinib,0,32,0.0,5,27,
belinostat,sirolimus,0,7,0.0,5,2,
belinostat,sonidegib,0,9,0.0,5,4,
belinostat,sunitinib,0,8,0.0,5,3,
belinostat,temsirolimus,0,6,0.0,5,1,
belinostat,teniposide,0,13,0.0,5,8,
belinostat,thiotepa,0,8,0.0,5,3,
belinostat,tivozanib,0,6,0.0,5,1,
belinostat,topotecan,0,7,0.0,5,2,
belinostat,trametinib,0,27,0.0,5,22,
belinostat,trifluridine,0,11,0.0,5,6,
belinostat,tucatinib,0,7,0.0,5,2,
belinostat,umbralisib,0,10,0.0,5,5,
belinostat,valrubicin,0,16,0.0,5,11,
belinostat,vandetanib,0,11,0.0,5,6,
belinostat,vemurafenib,0,27,0.0,5,22,
belinostat,venetoclax,0,10,0.0,5,5,
belinostat,vinblastine,0,14,0.0,5,9,
belinostat,vinorelbine,0,6,0.0,5,1,
belinostat,zoledronate,0,25,0.0,5,20,
binimetinib,bleomycin,0,39,0.0,23,16,
binimetinib,bosutinib,0,24,0.0,23,1,
binimetinib,brigatinib,0,31,0.0,23,8,
binimetinib,cabozantinib,0,24,0.0,23,1,
binimetinib,carboplatin,0,30,0.0,23,7,
binimetinib,carfilzomib,0,32,0.0,23,9,
binimetinib,carmustine,0,52,0.0,23,29,
binimetinib,celecoxib,0,25,0.0,23,2,
binimetinib,chlorambucil,0,29,0.0,23,6,
binimetinib,cisplatin,0,29,0.0,23,6,
binimetinib,cladribine,0,26,0.0,23,3,
binimetinib,clofarabine,0,25,0.0,23,2,
binimetinib,cyclophosphamide,0,39,0.0,23,16,
binimetinib,cytarabine,0,32,0.0,23,9,
binimetinib,dacarbazine,0,38,0.0,23,15,
binimetinib,dacomitinib,0,32,0.0,23,9,
binimetinib,darolutamide,0,31,0.0,23,8,
binimetinib,dasatinib,0,48,0.0,23,25,
binimetinib,daunorubicin,0,35,0.0,23,12,
binimetinib,decitabine,0,24,0.0,23,1,
binimetinib,dexrazoxane,0,41,0.0,23,18,
binimetinib,docetaxel,0,35,0.0,23,12,
binimetinib,doxorubicin,0,24,0.0,23,1,
binimetinib,duvelisib,0,29,0.0,23,6,
binimetinib,epirubicin,0,27,0.0,23,4,
binimetinib,erdafitinib,0,33,0.0,23,10,
binimetinib,erlotinib,0,34,0.0,23,11,
binimetinib,etoposide,0,30,0.0,23,7,
binimetinib,everolimus,0,34,0.0,23,11,
binimetinib,fludarabine,0,27,0.0,23,4,
binimetinib,fluorouracil,0,35,0.0,23,12,
binimetinib,fruquintinib,0,54,0.0,23,31,
binimetinib,fulvestrant,0,25,0.0,23,2,
binimetinib,gemcitabine,0,27,0.0,23,4,
binimetinib,gilteritinib,0,24,0.0,23,1,
binimetinib,homoharringtonine,0,24,0.0,23,1,
binimetinib,hydroxyurea,0,30,0.0,23,7,
binimetinib,ibrutinib,0,36,0.0,23,13,
binimetinib,idarubicin,0,34,0.0,23,11,
binimetinib,idelalisib,0,32,0.0,23,9,
binimetinib,imatinib,0,28,0.0,23,5,
binimetinib,irinotecan,0,34,0.0,23,11,
binimetinib,lapatinib,0,24,0.0,23,1,
binimetinib,lenvatinib,0,41,0.0,23,18,
binimetinib,lomustine,0,50,0.0,23,27,
binimetinib,lorlatinib,0,25,0.0,23,2,
binimetinib,melphalan,0,29,0.0,23,6,
binimetinib,mercaptopurine,0,50,0.0,23,27,
binimetinib,methotrexate,0,50,0.0,23,27,
binimetinib,mitomycin,0,35,0.0,23,12,
binimetinib,mitotane,0,24,0.0,23,1,
binimetinib,mitoxantrone,0,29,0.0,23,6,
binimetinib,neratinib,0,29,0.0,23,6,
binimetinib,nilotinib,0,37,0.0,23,14,
binimetinib,olaparib,0,24,0.0,23,1,
binimetinib,osimertinib,0,25,0.0,23,2,
binimetinib,oxaliplatin,0,54,0.0,23,31,
binimetinib,paclitaxel,0,33,0.0,23,10,
binimetinib,palbociclib,0,49,0.0,23,26,
binimetinib,panobinostat,0,24,0.0,23,1,
binimetinib,pemetrexed,0,25,0.0,23,2,
binimetinib,pralatrexate,0,25,0.0,23,2,
binimetinib,raloxifene,0,37,0.0,23,14,
binimetinib,ribociclib,0,31,0.0,23,8,
binimetinib,romidepsin,0,24,0.0,23,1,
binimetinib,selinexor,0,26,0.0,23,3,
binimetinib,sirolimus,0,25,0.0,23,2,
binimetinib,sonidegib,0,27,0.0,23,4,
binimetinib,temsirolimus,0,24,0.0,23,1,
binimetinib,teniposide,0,31,0.0,23,8,
binimetinib,thiotepa,0,26,0.0,23,3,
binimetinib,tioguanine,0,39,0.0,23,16,
binimetinib,tivozanib,0,24,0.0,23,1,
binimetinib,topotecan,0,25,0.0,23,2,
binimetinib,trifluridine,0,29,0.0,23,6,
binimetinib,tucatinib,0,25,0.0,23,2,
binimetinib,umbralisib,0,28,0.0,23,5,
binimetinib,valrubicin,0,34,0.0,23,11,
binimetinib,vandetanib,0,29,0.0,23,6,
binimetinib,vinblastine,0,32,0.0,23,9,
binimetinib,vinorelbine,0,24,0.0,23,1,
binimetinib,vorinostat,0,41,0.0,23,18,
binimetinib,zoledronate,0,43,0.0,23,20,
bleomycin,bosutinib,0,17,0.0,16,1,
bleomycin,cabozantinib,0,17,0.0,16,1,
bleomycin,carboplatin,0,23,0.0,16,7,
bleomycin,carfilzomib,0,25,0.0,16,9,
bleomycin,celecoxib,0,18,0.0,16,2,
bleomycin,ceritinib,0,28,0.0,16,12,
bleomycin,cisplatin,0,22,0.0,16,6,
bleomycin,cladribine,0,19,0.0,16,3,
bleomycin,clofarabine,0,18,0.0,16,2,
bleomycin,cobimetinib,0,45,0.0,16,29,
bleomycin,crizotinib,0,33,0.0,16,17,
bleomycin,cyclophosphamide,0,32,0.0,16,16,
bleomycin,cytarabine,0,25,0.0,16,9,
bleomycin,dabrafenib,0,56,0.0,16,40,
bleomycin,dacarbazine,0,31,0.0,16,15,
bleomycin,dacomitinib,0,25,0.0,16,9,
bleomycin,darolutamide,0,24,0.0,16,8,
bleomycin,daunorubicin,0,28,0.0,16,12,
bleomycin,decitabine,0,17,0.0,16,1,
bleomycin,dexrazoxane,0,34,0.0,16,18,
bleomycin,docetaxel,0,28,0.0,16,12,
bleomycin,doxorubicin,0,17,0.0,16,1,
bleomycin,duvelisib,0,22,0.0,16,6,
bleomycin,encorafenib,0,31,0.0,16,15,
bleomycin,estramustine,0,23,0.0,16,7,
bleomycin,fludarabine,0,20,0.0,16,4,
bleomycin,fluorouracil,0,28,0.0,16,12,
bleomycin,fulvestrant,0,18,0.0,16,2,
bleomycin,gemcitabine,0,20,0.0,16,4,
bleomycin,homoharringtonine,0,17,0.0,16,1,
bleomycin,hydroxyurea,0,23,0.0,16,7,
bleomycin,ibrutinib,0,29,0.0,16,13,
bleomycin,idarubicin,0,27,0.0,16,11,
bleomycin,imatinib,0,21,0.0,16,5,
bleomycin,irinotecan,0,27,0.0,16,11,
bleomycin,ixabepilone,0,27,0.0,16,11,
bleomycin,ixazomib,0,21,0.0,16,5,
bleomycin,lapatinib,0,17,0.0,16,1,
bleomycin,lomustine,0,43,0.0,16,27,
bleomycin,melphalan,0,22,0.0,16,6,
bleomycin,mercaptopurine,0,43,0.0,16,27,
bleomycin,methotrexate,0,43,0.0,16,27,
bleomycin,mitomycin,0,28,0.0,16,12,
bleomycin,mitotane,0,17,0.0,16,1,
bleomycin,neratinib,0,22,0.0,16,6,
bleomycin,nilotinib,0,30,0.0,16,14,
bleomycin,olaparib,0,17,0.0,16,1,
bleomycin,osimertinib,0,18,0.0,16,2,
bleomycin,oxaliplatin,0,47,0.0,16,31,
bleomycin,paclitaxel,0,26,0.0,16,10,
bleomycin,palbociclib,0,42,0.0,16,26,
bleomycin,panobinostat,0,17,0.0,16,1,
bleomycin,pemetrexed,0,18,0.0,16,2,
bleomycin,pralatrexate,0,18,0.0,16,2,
bleomycin,raloxifene,0,30,0.0,16,14,
bleomycin,ribociclib,0,24,0.0,16,8,
bleomycin,romidepsin,0,17,0.0,16,1,
bleomycin,selinexor,0,19,0.0,16,3,
bleomycin,selumetinib,0,43,0.0,16,27,
bleomycin,sonidegib,0,20,0.0,16,4,
bleomycin,sunitinib,0,19,0.0,16,3,
bleomycin,tamoxifen,0,34,0.0,16,18,
bleomycin,temsirolimus,0,17,0.0,16,1,
bleomycin,thiotepa,0,19,0.0,16,3,
bleomycin,tioguanine,0,32,0.0,16,16,
bleomycin,tivozanib,0,17,0.0,16,1,
bleomycin,topotecan,0,18,0.0,16,2,
bleomycin,trametinib,0,38,0.0,16,22,
bleomycin,trifluridine,0,22,0.0,16,6,
bleomycin,tucatinib,0,18,0.0,16,2,
bleomycin,umbralisib,0,21,0.0,16,5,
bleomycin,vemurafenib,0,38,0.0,16,22,
bleomycin,venetoclax,0,21,0.0,16,5,
bleomycin,vinblastine,0,25,0.0,16,9,
bleomycin,vinorelbine,0,17,0.0,16,1,
bleomycin,vorinostat,0,34,0.0,16,18,
bosutinib,brigatinib,0,9,0.0,1,8,
bosutinib,cabozantinib,0,2,0.0,1,1,
bosutinib,carboplatin,0,8,0.0,1,7,
bosutinib,carfilzomib,0,10,0.0,1,9,
bosutinib,carmustine,0,30,0.0,1,29,
bosutinib,celecoxib,0,3,0.0,1,2,
bosutinib,ceritinib,0,13,0.0,1,12,
bosutinib,chlorambucil,0,7,0.0,1,6,
bosutinib,cisplatin,0,7,0.0,1,6,
bosutinib,cladribine,0,4,0.0,1,3,
bosutinib,clofarabine,0,3,0.0,1,2,
bosutinib,cobimetinib,0,30,0.0,1,29,
bosutinib,crizotinib,0,18,0.0,1,17,
bosutinib,cyclophosphamide,0,17,0.0,1,16,
bosutinib,cytarabine,0,10,0.0,1,9,
bosutinib,dabrafenib,0,41,0.0,1,40,
bosutinib,dacarbazine,0,16,0.0,1,15,
bosutinib,dacomitinib,0,10,0.0,1,9,
bosutinib,darolutamide,0,9,0.0,1,8,
bosutinib,dasatinib,0,26,0.0,1,25,
bosutinib,daunorubicin,0,13,0.0,1,12,
bosutinib,decitabine,0,2,0.0,1,1,
bosutinib,dexrazoxane,0,19,0.0,1,18,
bosutinib,docetaxel,0,13,0.0,1,12,
bosutinib,doxorubicin,0,2,0.0,1,1,
bosutinib,duvelisib,0,7,0.0,1,6,
bosutinib,encorafenib,0,16,0.0,1,15,
bosutinib,epirubicin,0,5,0.0,1,4,
bosutinib,erdafitinib,0,11,0.0,1,10,
bosutinib,erlotinib,0,12,0.0,1,11,
bosutinib,estramustine,0,8,0.0,1,7,
bosutinib,etoposide,0,8,0.0,1,7,
bosutinib,everolimus,0,12,0.0,1,11,
bosutinib,fludarabine,0,5,0.0,1,4,
bosutinib,fluorouracil,0,13,0.0,1,12,
bosutinib,fruquintinib,0,32,0.0,1,31,
bosutinib,fulvestrant,0,3,0.0,1,2,
bosutinib,gemcitabine,0,5,0.0,1,4,
bosutinib,gilteritinib,0,2,0.0,1,1,
bosutinib,homoharringtonine,0,2,0.0,1,1,
bosutinib,hydroxyurea,0,8,0.0,1,7,
bosutinib,ibrutinib,0,14,0.0,1,13,
bosutinib,idarubicin,0,12,0.0,1,11,
bosutinib,idelalisib,0,10,0.0,1,9,
bosutinib,imatinib,0,6,0.0,1,5,
bosutinib,irinotecan,0,12,0.0,1,11,
bosutinib,ixabepilone,0,12,0.0,1,11,
bosutinib,ixazomib,0,6,0.0,1,5,
bosutinib,lenvatinib,0,19,0.0,1,18,
bosutinib,lomustine,0,28,0.0,1,27,
bosutinib,lorlatinib,0,3,0.0,1,2,
bosutinib,melphalan,0,7,0.0,1,6,
bosutinib,mercaptopurine,0,28,0.0,1,27,
bosutinib,methotrexate,0,28,0.0,1,27,
bosutinib,mitomycin,0,13,0.0,1,12,
bosutinib,mitotane,0,2,0.0,1,1,
bosutinib,mitoxantrone,0,7,0.0,1,6,
bosutinib,neratinib,0,7,0.0,1,6,
bosutinib,nilotinib,0,15,0.0,1,14,
bosutinib,olaparib,0,2,0.0,1,1,
bosutinib,osimertinib,0,3,0.0,1,2,
bosutinib,oxaliplatin,0,32,0.0,1,31,
bosutinib,paclitaxel,0,11,0.0,1,10,
bosutinib,panobinostat,0,2,0.0,1,1,
bosutinib,pemetrexed,0,3,0.0,1,2,
bosutinib,pralatrexate,0,3,0.0,1,2,
bosutinib,raloxifene,0,15,0.0,1,14,
bosutinib,ribociclib,0,9,0.0,1,8,
bosutinib,romidepsin,0,2,0.0,1,1,
bosutinib,selinexor,0,4,0.0,1,3,
bosutinib,selumetinib,0,28,0.0,1,27,
bosutinib,sirolimus,0,3,0.0,1,2,
bosutinib,sonidegib,0,5,0.0,1,4,
bosutinib,tamoxifen,0,19,0.0,1,18,
bosutinib,temsirolimus,0,2,0.0,1,1,
bosutinib,teniposide,0,9,0.0,1,8,
bosutinib,thiotepa,0,4,0.0,1,3,
bosutinib,tioguanine,0,17,0.0,1,16,
bosutinib,tivozanib,0,2,0.0,1,1,
bosutinib,topotecan,0,3,0.0,1,2,
bosutinib,trametinib,0,23,0.0,1,22,
bosutinib,trifluridine,0,7,0.0,1,6,
bosutinib,tucatinib,0,3,0.0,1,2,
bosutinib,umbralisib,0,6,0.0,1,5,
bosutinib,valrubicin,0,12,0.0,1,11,
bosutinib,vandetanib,0,7,0.0,1,6,
bosutinib,vemurafenib,0,23,0.0,1,22,
bosutinib,venetoclax,0,6,0.0,1,5,
bosutinib,vinblastine,0,10,0.0,1,9,
bosutinib,vinorelbine,0,2,0.0,1,1,
bosutinib,vorinostat,0,19,0.0,1,18,
bosutinib,zoledronate,0,21,0.0,1,20,
brigatinib,cabozantinib,0,9,0.0,8,1,
brigatinib,carboplatin,0,15,0.0,8,7,
brigatinib,carfilzomib,0,17,0.0,8,9,
brigatinib,carmustine,0,37,0.0,8,29,
brigatinib,celecoxib,0,10,0.0,8,2,
brigatinib,ceritinib,0,20,0.0,8,12,
brigatinib,chlorambucil,0,14,0.0,8,6,
brigatinib,cisplatin,0,14,0.0,8,6,
brigatinib,cladribine,0,11,0.0,8,3,
brigatinib,clofarabine,0,10,0.0,8,2,
brigatinib,cobimetinib,0,37,0.0,8,29,
brigatinib,crizotinib,0,25,0.0,8,17,
brigatinib,cyclophosphamide,0,24,0.0,8,16,
brigatinib,cytarabine,0,17,0.0,8,9,
brigatinib,dabrafenib,0,48,0.0,8,40,
brigatinib,dacarbazine,0,23,0.0,8,15,
brigatinib,dacomitinib,0,17,0.0,8,9,
brigatinib,darolutamide,0,16,0.0,8,8,
brigatinib,daunorubicin,0,20,0.0,8,12,
brigatinib,decitabine,0,9,0.0,8,1,
brigatinib,dexrazoxane,0,26,0.0,8,18,
brigatinib,docetaxel,0,20,0.0,8,12,
brigatinib,doxorubicin,0,9,0.0,8,1,
brigatinib,duvelisib,0,14,0.0,8,6,
brigatinib,encorafenib,0,23,0.0,8,15,
brigatinib,epirubicin,0,12,0.0,8,4,
brigatinib,estramustine,0,15,0.0,8,7,
brigatinib,etoposide,0,15,0.0,8,7,
brigatinib,fludarabine,0,12,0.0,8,4,
brigatinib,fluorouracil,0,20,0.0,8,12,
brigatinib,fruquintinib,0,39,0.0,8,31,
brigatinib,fulvestrant,0,10,0.0,8,2,
brigatinib,gemcitabine,0,12,0.0,8,4,
brigatinib,homoharringtonine,0,9,0.0,8,1,
brigatinib,hydroxyurea,0,15,0.0,8,7,
brigatinib,idarubicin,0,19,0.0,8,11,
brigatinib,idelalisib,0,17,0.0,8,9,
brigatinib,imatinib,0,13,0.0,8,5,
brigatinib,irinotecan,0,19,0.0,8,11,
brigatinib,ixabepilone,0,19,0.0,8,11,
brigatinib,ixazomib,0,13,0.0,8,5,
brigatinib,lapatinib,0,9,0.0,8,1,
brigatinib,lenvatinib,0,26,0.0,8,18,
brigatinib,lomustine,0,35,0.0,8,27,
brigatinib,melphalan,0,14,0.0,8,6,
brigatinib,mercaptopurine,0,35,0.0,8,27,
brigatinib,methotrexate,0,35,0.0,8,27,
brigatinib,mitomycin,0,20,0.0,8,12,
brigatinib,mitotane,0,9,0.0,8,1,
brigatinib,mitoxantrone,0,14,0.0,8,6,
brigatinib,neratinib,0,14,0.0,8,6,
brigatinib,nilotinib,0,22,0.0,8,14,
brigatinib,olaparib,0,9,0.0,8,1,
brigatinib,osimertinib,0,10,0.0,8,2,
brigatinib,oxaliplatin,0,39,0.0,8,31,
brigatinib,paclitaxel,0,18,0.0,8,10,
brigatinib,palbociclib,0,34,0.0,8,26,
brigatinib,panobinostat,0,9,0.0,8,1,
brigatinib,pemetrexed,0,10,0.0,8,2,
brigatinib,pralatrexate,0,10,0.0,8,2,
brigatinib,raloxifene,0,22,0.0,8,14,
brigatinib,ribociclib,0,16,0.0,8,8,
brigatinib,romidepsin,0,9,0.0,8,1,
brigatinib,selinexor,0,11,0.0,8,3,
brigatinib,selumetinib,0,35,0.0,8,27,
brigatinib,sirolimus,0,10,0.0,8,2,
brigatinib,sonidegib,0,12,0.0,8,4,
brigatinib,sunitinib,0,11,0.0,8,3,
brigatinib,tamoxifen,0,26,0.0,8,18,
brigatinib,temsirolimus,0,9,0.0,8,1,
brigatinib,teniposide,0,16,0.0,8,8,
brigatinib,thiotepa,0,11,0.0,8,3,
brigatinib,tioguanine,0,24,0.0,8,16,
brigatinib,tivozanib,0,9,0.0,8,1,
brigatinib,topotecan,0,10,0.0,8,2,
brigatinib,trametinib,0,30,0.0,8,22,
brigatinib,trifluridine,0,14,0.0,8,6,
brigatinib,tucatinib,0,10,0.0,8,2,
brigatinib,umbralisib,0,13,0.0,8,5,
brigatinib,valrubicin,0,19,0.0,8,11,
brigatinib,vandetanib,0,14,0.0,8,6,
brigatinib,vemurafenib,0,30,0.0,8,22,
brigatinib,venetoclax,0,13,0.0,8,5,
brigatinib,vinblastine,0,17,0.0,8,9,
brigatinib,vinorelbine,0,9,0.0,8,1,
brigatinib,vorinostat,0,26,0.0,8,18,
brigatinib,zoledronate,0,28,0.0,8,20,
cabozantinib,carboplatin,0,8,0.0,1,7,
cabozantinib,carfilzomib,0,10,0.0,1,9,
cabozantinib,celecoxib,0,3,0.0,1,2,
cabozantinib,ceritinib,0,13,0.0,1,12,
cabozantinib,chlorambucil,0,7,0.0,1,6,
cabozantinib,cisplatin,0,7,0.0,1,6,
cabozantinib,cladribine,0,4,0.0,1,3,
cabozantinib,clofarabine,0,3,0.0,1,2,
cabozantinib,cobimetinib,0,30,0.0,1,29,
cabozantinib,cyclophosphamide,0,17,0.0,1,16,
cabozantinib,cytarabine,0,10,0.0,1,9,
cabozantinib,dabrafenib,0,41,0.0,1,40,
cabozantinib,dacarbazine,0,16,0.0,1,15,
cabozantinib,dacomitinib,0,10,0.0,1,9,
cabozantinib,darolutamide,0,9,0.0,1,8,
cabozantinib,dasatinib,0,26,0.0,1,25,
cabozantinib,daunorubicin,0,13,0.0,1,12,
cabozantinib,decitabine,0,2,0.0,1,1,
cabozantinib,dexrazoxane,0,19,0.0,1,18,
cabozantinib,docetaxel,0,13,0.0,1,12,
cabozantinib,doxorubicin,0,2,0.0,1,1,
cabozantinib,duvelisib,0,7,0.0,1,6,
cabozantinib,encorafenib,0,16,0.0,1,15,
cabozantinib,epirubicin,0,5,0.0,1,4,
cabozantinib,erdafitinib,0,11,0.0,1,10,
cabozantinib,erlotinib,0,12,0.0,1,11,
cabozantinib,estramustine,0,8,0.0,1,7,
cabozantinib,etoposide,0,8,0.0,1,7,
cabozantinib,everolimus,0,12,0.0,1,11,
cabozantinib,fludarabine,0,5,0.0,1,4,
cabozantinib,fluorouracil,0,13,0.0,1,12,
cabozantinib,fruquintinib,0,32,0.0,1,31,
cabozantinib,fulvestrant,0,3,0.0,1,2,
cabozantinib,gemcitabine,0,5,0.0,1,4,
cabozantinib,gilteritinib,0,2,0.0,1,1,
cabozantinib,homoharringtonine,0,2,0.0,1,1,
cabozantinib,hydroxyurea,0,8,0.0,1,7,
cabozantinib,ibrutinib,0,14,0.0,1,13,
cabozantinib,idarubicin,0,12,0.0,1,11,
cabozantinib,idelalisib,0,10,0.0,1,9,
cabozantinib,imatinib,0,6,0.0,1,5,
cabozantinib,irinotecan,0,12,0.0,1,11,
cabozantinib,ixabepilone,0,12,0.0,1,11,
cabozantinib,ixazomib,0,6,0.0,1,5,
cabozantinib,lapatinib,0,2,0.0,1,1,
cabozantinib,lenvatinib,0,19,0.0,1,18,
cabozantinib,lorlatinib,0,3,0.0,1,2,
cabozantinib,melphalan,0,7,0.0,1,6,
cabozantinib,mercaptopurine,0,28,0.0,1,27,
cabozantinib,methotrexate,0,28,0.0,1,27,
cabozantinib,mitomycin,0,13,0.0,1,12,
cabozantinib,mitotane,0,2,0.0,1,1,
cabozantinib,mitoxantrone,0,7,0.0,1,6,
cabozantinib,neratinib,0,7,0.0,1,6,
cabozantinib,nilotinib,0,15,0.0,1,14,
cabozantinib,olaparib,0,2,0.0,1,1,
cabozantinib,osimertinib,0,3,0.0,1,2,
cabozantinib,oxaliplatin,0,32,0.0,1,31,
cabozantinib,paclitaxel,0,11,0.0,1,10,
cabozantinib,palbociclib,0,27,0.0,1,26,
cabozantinib,panobinostat,0,2,0.0,1,1,
cabozantinib,pemetrexed,0,3,0.0,1,2,
cabozantinib,pralatrexate,0,3,0.0,1,2,
cabozantinib,raloxifene,0,15,0.0,1,14,
cabozantinib,ribociclib,0,9,0.0,1,8,
cabozantinib,romidepsin,0,2,0.0,1,1,
cabozantinib,selinexor,0,4,0.0,1,3,
cabozantinib,selumetinib,0,28,0.0,1,27,
cabozantinib,sirolimus,0,3,0.0,1,2,
cabozantinib,sonidegib,0,5,0.0,1,4,
cabozantinib,sunitinib,0,4,0.0,1,3,
cabozantinib,tamoxifen,0,19,0.0,1,18,
cabozantinib,temsirolimus,0,2,0.0,1,1,
cabozantinib,teniposide,0,9,0.0,1,8,
cabozantinib,thiotepa,0,4,0.0,1,3,
cabozantinib,tivozanib,0,2,0.0,1,1,
cabozantinib,topotecan,0,3,0.0,1,2,
cabozantinib,trametinib,0,23,0.0,1,22,
cabozantinib,trifluridine,0,7,0.0,1,6,
cabozantinib,tucatinib,0,3,0.0,1,2,
cabozantinib,umbralisib,0,6,0.0,1,5,
cabozantinib,valrubicin,0,12,0.0,1,11,
cabozantinib,vandetanib,0,7,0.0,1,6,
cabozantinib,vemurafenib,0,23,0.0,1,22,
cabozantinib,venetoclax,0,6,0.0,1,5,
cabozantinib,vinblastine,0,10,0.0,1,9,
cabozantinib,vinorelbine,0,2,0.0,1,1,
cabozantinib,vorinostat,0,19,0.0,1,18,
cabozantinib,zoledronate,0,21,0.0,1,20,
carboplatin,carfilzomib,0,16,0.0,7,9,
carboplatin,celecoxib,0,9,0.0,7,2,
carboplatin,ceritinib,0,19,0.0,7,12,
carboplatin,chlorambucil,0,13,0.0,7,6,
carboplatin,cladribine,0,10,0.0,7,3,
carboplatin,clofarabine,0,9,0.0,7,2,
carboplatin,cobimetinib,0,36,0.0,7,29,
carboplatin,cytarabine,0,16,0.0,7,9,
carboplatin,dabrafenib,0,47,0.0,7,40,
carboplatin,dacarbazine,0,22,0.0,7,15,
carboplatin,dacomitinib,0,16,0.0,7,9,
carboplatin,dasatinib,0,32,0.0,7,25,
carboplatin,daunorubicin,0,19,0.0,7,12,
carboplatin,decitabine,0,8,0.0,7,1,
carboplatin,dexrazoxane,0,25,0.0,7,18,
carboplatin,doxorubicin,0,8,0.0,7,1,
carboplatin,duvelisib,0,13,0.0,7,6,
carboplatin,encorafenib,0,22,0.0,7,15,
carboplatin,erdafitinib,0,17,0.0,7,10,
carboplatin,erlotinib,0,18,0.0,7,11,
carboplatin,estramustine,0,14,0.0,7,7,
carboplatin,etoposide,0,14,0.0,7,7,
carboplatin,everolimus,0,18,0.0,7,11,
carboplatin,fludarabine,0,11,0.0,7,4,
carboplatin,fluorouracil,0,19,0.0,7,12,
carboplatin,fruquintinib,0,38,0.0,7,31,
carboplatin,fulvestrant,0,9,0.0,7,2,
carboplatin,gemcitabine,0,11,0.0,7,4,
carboplatin,gilteritinib,0,8,0.0,7,1,
carboplatin,homoharringtonine,0,8,0.0,7,1,
carboplatin,hydroxyurea,0,14,0.0,7,7,
carboplatin,ibrutinib,0,20,0.0,7,13,
carboplatin,idarubicin,0,18,0.0,7,11,
carboplatin,idelalisib,0,16,0.0,7,9,
carboplatin,irinotecan,0,18,0.0,7,11,
carboplatin,ixabepilone,0,18,0.0,7,11,
carboplatin,ixazomib,0,12,0.0,7,5,
carboplatin,lapatinib,0,8,0.0,7,1,
carboplatin,lenvatinib,0,25,0.0,7,18,
carboplatin,lorlatinib,0,9,0.0,7,2,
carboplatin,melphalan,0,13,0.0,7,6,
carboplatin,mercaptopurine,0,34,0.0,7,27,
carboplatin,methotrexate,0,34,0.0,7,27,
carboplatin,mitomycin,0,19,0.0,7,12,
carboplatin,mitotane,0,8,0.0,7,1,
carboplatin,neratinib,0,13,0.0,7,6,
carboplatin,olaparib,0,8,0.0,7,1,
carboplatin,osimertinib,0,9,0.0,7,2,
carboplatin,oxaliplatin,0,38,0.0,7,31,
carboplatin,paclitaxel,0,17,0.0,7,10,
carboplatin,palbociclib,0,33,0.0,7,26,
carboplatin,panobinostat,0,8,0.0,7,1,
carboplatin,pemetrexed,0,9,0.0,7,2,
carboplatin,pralatrexate,0,9,0.0,7,2,
carboplatin,ribociclib,0,15,0.0,7,8,
carboplatin,romidepsin,0,8,0.0,7,1,
carboplatin,selumetinib,0,34,0.0,7,27,
carboplatin,sirolimus,0,9,0.0,7,2,
carboplatin,sonidegib,0,11,0.0,7,4,
carboplatin,sunitinib,0,10,0.0,7,3,
carboplatin,tamoxifen,0,25,0.0,7,18,
carboplatin,temsirolimus,0,8,0.0,7,1,
carboplatin,teniposide,0,15,0.0,7,8,
carboplatin,thiotepa,0,10,0.0,7,3,
carboplatin,tioguanine,0,23,0.0,7,16,
carboplatin,tivozanib,0,8,0.0,7,1,
carboplatin,topotecan,0,9,0.0,7,2,
carboplatin,trametinib,0,29,0.0,7,22,
carboplatin,trifluridine,0,13,0.0,7,6,
carboplatin,tucatinib,0,9,0.0,7,2,
carboplatin,umbralisib,0,12,0.0,7,5,
carboplatin,vandetanib,0,13,0.0,7,6,
carboplatin,vemurafenib,0,29,0.0,7,22,
carboplatin,venetoclax,0,12,0.0,7,5,
carboplatin,vinblastine,0,16,0.0,7,9,
carboplatin,vinorelbine,0,8,0.0,7,1,
carboplatin,vorinostat,0,25,0.0,7,18,
carboplatin,zoledronate,0,27,0.0,7,20,
carfilzomib,celecoxib,0,11,0.0,9,2,
carfilzomib,chlorambucil,0,15,0.0,9,6,
carfilzomib,cisplatin,0,15,0.0,9,6,
carfilzomib,cladribine,0,12,0.0,9,3,
carfilzomib,clofarabine,0,11,0.0,9,2,
carfilzomib,cobimetinib,0,38,0.0,9,29,
carfilzomib,cyclophosphamide,0,25,0.0,9,16,
carfilzomib,cytarabine,0,18,0.0,9,9,
carfilzomib,dabrafenib,0,49,0.0,9,40,
carfilzomib,dacarbazine,0,24,0.0,9,15,
carfilzomib,dacomitinib,0,18,0.0,9,9,
carfilzomib,darolutamide,0,17,0.0,9,8,
carfilzomib,dasatinib,0,34,0.0,9,25,
carfilzomib,decitabine,0,10,0.0,9,1,
carfilzomib,doxorubicin,0,10,0.0,9,1,
carfilzomib,duvelisib,0,15,0.0,9,6,
carfilzomib,encorafenib,0,24,0.0,9,15,
carfilzomib,epirubicin,0,13,0.0,9,4,
carfilzomib,erdafitinib,0,19,0.0,9,10,
carfilzomib,erlotinib,0,20,0.0,9,11,
carfilzomib,estramustine,0,16,0.0,9,7,
carfilzomib,etoposide,0,16,0.0,9,7,
carfilzomib,everolimus,0,20,0.0,9,11,
carfilzomib,fludarabine,0,13,0.0,9,4,
carfilzomib,fluorouracil,0,21,0.0,9,12,
carfilzomib,fruquintinib,0,40,0.0,9,31,
carfilzomib,fulvestrant,0,11,0.0,9,2,
carfilzomib,gemcitabine,0,13,0.0,9,4,
carfilzomib,gilteritinib,0,10,0.0,9,1,
carfilzomib,homoharringtonine,0,10,0.0,9,1,
carfilzomib,hydroxyurea,0,16,0.0,9,7,
carfilzomib,ibrutinib,0,22,0.0,9,13,
carfilzomib,idarubicin,0,20,0.0,9,11,
carfilzomib,idelalisib,0,18,0.0,9,9,
carfilzomib,imatinib,0,14,0.0,9,5,
carfilzomib,ixabepilone,0,20,0.0,9,11,
carfilzomib,ixazomib,0,14,0.0,9,5,
carfilzomib,lapatinib,0,10,0.0,9,1,
carfilzomib,lenvatinib,0,27,0.0,9,18,
carfilzomib,lorlatinib,0,11,0.0,9,2,
carfilzomib,melphalan,0,15,0.0,9,6,
carfilzomib,mercaptopurine,0,36,0.0,9,27,
carfilzomib,methotrexate,0,36,0.0,9,27,
carfilzomib,mitomycin,0,21,0.0,9,12,
carfilzomib,mitotane,0,10,0.0,9,1,
carfilzomib,mitoxantrone,0,15,0.0,9,6,
carfilzomib,neratinib,0,15,0.0,9,6,
carfilzomib,nilotinib,0,23,0.0,9,14,
carfilzomib,olaparib,0,10,0.0,9,1,
carfilzomib,osimertinib,0,11,0.0,9,2,
carfilzomib,palbociclib,0,35,0.0,9,26,
carfilzomib,panobinostat,0,10,0.0,9,1,
carfilzomib,pemetrexed,0,11,0.0,9,2,
carfilzomib,pralatrexate,0,11,0.0,9,2,
carfilzomib,selinexor,0,12,0.0,9,3,
carfilzomib,selumetinib,0,36,0.0,9,27,
carfilzomib,sirolimus,0,11,0.0,9,2,
carfilzomib,sonidegib,0,13,0.0,9,4,
carfilzomib,sunitinib,0,12,0.0,9,3,
carfilzomib,temsirolimus,0,10,0.0,9,1,
carfilzomib,teniposide,0,17,0.0,9,8,
carfilzomib,thiotepa,0,12,0.0,9,3,
carfilzomib,tioguanine,0,25,0.0,9,16,
carfilzomib,tivozanib,0,10,0.0,9,1,
carfilzomib,topotecan,0,11,0.0,9,2,
carfilzomib,trametinib,0,31,0.0,9,22,
carfilzomib,trifluridine,0,15,0.0,9,6,
carfilzomib,tucatinib,0,11,0.0,9,2,
carfilzomib,umbralisib,0,14,0.0,9,5,
carfilzomib,valrubicin,0,20,0.0,9,11,
carfilzomib,vandetanib,0,15,0.0,9,6,
carfilzomib,vemurafenib,0,31,0.0,9,22,
carfilzomib,venetoclax,0,14,0.0,9,5,
carfilzomib,vinorelbine,0,10,0.0,9,1,
carfilzomib,vorinostat,0,27,0.0,9,18,
carfilzomib,zoledronate,0,29,0.0,9,20,
carmustine,celecoxib,0,31,0.0,29,2,
carmustine,cladribine,0,32,0.0,29,3,
carmustine,clofarabine,0,31,0.0,29,2,
carmustine,cytarabine,0,38,0.0,29,9,
carmustine,dabrafenib,0,69,0.0,29,40,
carmustine,dacomitinib,0,38,0.0,29,9,
carmustine,dasatinib,0,54,0.0,29,25,
carmustine,decitabine,0,30,0.0,29,1,
carmustine,doxorubicin,0,30,0.0,29,1,
carmustine,encorafenib,0,44,0.0,29,15,
carmustine,erdafitinib,0,39,0.0,29,10,
carmustine,erlotinib,0,40,0.0,29,11,
carmustine,everolimus,0,40,0.0,29,11,
carmustine,fludarabine,0,33,0.0,29,4,
carmustine,fruquintinib,0,60,0.0,29,31,
carmustine,fulvestrant,0,31,0.0,29,2,
carmustine,gemcitabine,0,33,0.0,29,4,
carmustine,gilteritinib,0,30,0.0,29,1,
carmustine,homoharringtonine,0,30,0.0,29,1,
carmustine,hydroxyurea,0,36,0.0,29,7,
carmustine,ibrutinib,0,42,0.0,29,13,
carmustine,idarubicin,0,40,0.0,29,11,
carmustine,ixazomib,0,34,0.0,29,5,
carmustine,lapatinib,0,30,0.0,29,1,
carmustine,lenvatinib,0,47,0.0,29,18,
carmustine,lorlatinib,0,31,0.0,29,2,
carmustine,mitotane,0,30,0.0,29,1,
carmustine,neratinib,0,35,0.0,29,6,
carmustine,olaparib,0,30,0.0,29,1,
carmustine,osimertinib,0,31,0.0,29,2,
carmustine,panobinostat,0,30,0.0,29,1,
carmustine,pemetrexed,0,31,0.0,29,2,
carmustine,pralatrexate,0,31,0.0,29,2,
carmustine,romidepsin,0,30,0.0,29,1,
carmustine,sirolimus,0,31,0.0,29,2,
carmustine,sonidegib,0,33,0.0,29,4,
carmustine,temsirolimus,0,30,0.0,29,1,
carmustine,thiotepa,0,32,0.0,29,3,
carmustine,tivozanib,0,30,0.0,29,1,
carmustine,topotecan,0,31,0.0,29,2,
carmustine,trametinib,0,51,0.0,29,22,
carmustine,trifluridine,0,35,0.0,29,6,
carmustine,tucatinib,0,31,0.0,29,2,
carmustine,umbralisib,0,34,0.0,29,5,
carmustine,vandetanib,0,35,0.0,29,6,
carmustine,vemurafenib,0,51,0.0,29,22,
carmustine,venetoclax,0,34,0.0,29,5,
carmustine,vinorelbine,0,30,0.0,29,1,
celecoxib,ceritinib,0,14,0.0,2,12,
celecoxib,chlorambucil,0,8,0.0,2,6,
celecoxib,cisplatin,0,8,0.0,2,6,
celecoxib,cladribine,0,5,0.0,2,3,
celecoxib,clofarabine,0,4,0.0,2,2,
celecoxib,cobimetinib,0,31,0.0,2,29,
celecoxib,crizotinib,0,19,0.0,2,17,
celecoxib,cytarabine,0,11,0.0,2,9,
celecoxib,dabrafenib,0,42,0.0,2,40,
celecoxib,dacarbazine,0,17,0.0,2,15,
celecoxib,dacomitinib,0,11,0.0,2,9,
celecoxib,darolutamide,0,10,0.0,2,8,
celecoxib,dasatinib,0,27,0.0,2,25,
celecoxib,daunorubicin,0,14,0.0,2,12,
celecoxib,decitabine,0,3,0.0,2,1,
celecoxib,dexrazoxane,0,20,0.0,2,18,
celecoxib,docetaxel,0,14,0.0,2,12,
celecoxib,doxorubicin,0,3,0.0,2,1,
celecoxib,duvelisib,0,8,0.0,2,6,
celecoxib,encorafenib,0,17,0.0,2,15,
celecoxib,epirubicin,0,6,0.0,2,4,
celecoxib,erdafitinib,0,12,0.0,2,10,
celecoxib,erlotinib,0,13,0.0,2,11,
celecoxib,estramustine,0,9,0.0,2,7,
celecoxib,everolimus,0,13,0.0,2,11,
celecoxib,fludarabine,0,6,0.0,2,4,
celecoxib,fluorouracil,0,14,0.0,2,12,
celecoxib,fruquintinib,0,33,0.0,2,31,
celecoxib,fulvestrant,0,4,0.0,2,2,
celecoxib,gemcitabine,0,6,0.0,2,4,
celecoxib,gilteritinib,0,3,0.0,2,1,
celecoxib,homoharringtonine,0,3,0.0,2,1,
celecoxib,ibrutinib,0,15,0.0,2,13,
celecoxib,idarubicin,0,13,0.0,2,11,
celecoxib,idelalisib,0,11,0.0,2,9,
celecoxib,imatinib,0,7,0.0,2,5,
celecoxib,irinotecan,0,13,0.0,2,11,
celecoxib,ixabepilone,0,13,0.0,2,11,
celecoxib,ixazomib,0,7,0.0,2,5,
celecoxib,lapatinib,0,3,0.0,2,1,
celecoxib,lenvatinib,0,20,0.0,2,18,
celecoxib,lomustine,0,29,0.0,2,27,
celecoxib,lorlatinib,0,4,0.0,2,2,
celecoxib,melphalan,0,8,0.0,2,6,
celecoxib,mercaptopurine,0,29,0.0,2,27,
celecoxib,methotrexate,0,29,0.0,2,27,
celecoxib,mitomycin,0,14,0.0,2,12,
celecoxib,mitotane,0,3,0.0,2,1,
celecoxib,mitoxantrone,0,8,0.0,2,6,
celecoxib,neratinib,0,8,0.0,2,6,
celecoxib,nilotinib,0,16,0.0,2,14,
celecoxib,olaparib,0,3,0.0,2,1,
celecoxib,osimertinib,0,4,0.0,2,2,
celecoxib,paclitaxel,0,12,0.0,2,10,
celecoxib,palbociclib,0,28,0.0,2,26,
celecoxib,panobinostat,0,3,0.0,2,1,
celecoxib,pemetrexed,0,4,0.0,2,2,
celecoxib,pralatrexate,0,4,0.0,2,2,
celecoxib,raloxifene,0,16,0.0,2,14,
celecoxib,ribociclib,0,10,0.0,2,8,
celecoxib,romidepsin,0,3,0.0,2,1,
celecoxib,selinexor,0,5,0.0,2,3,
celecoxib,selumetinib,0,29,0.0,2,27,
celecoxib,sirolimus,0,4,0.0,2,2,
celecoxib,sonidegib,0,6,0.0,2,4,
celecoxib,sunitinib,0,5,0.0,2,3,
celecoxib,tamoxifen,0,20,0.0,2,18,
celecoxib,temsirolimus,0,3,0.0,2,1,
celecoxib,thiotepa,0,5,0.0,2,3,
celecoxib,tioguanine,0,18,0.0,2,16,
celecoxib,tivozanib,0,3,0.0,2,1,
celecoxib,topotecan,0,4,0.0,2,2,
celecoxib,trametinib,0,24,0.0,2,22,
celecoxib,trifluridine,0,8,0.0,2,6,
celecoxib,tucatinib,0,4,0.0,2,2,
celecoxib,umbralisib,0,7,0.0,2,5,
celecoxib,vandetanib,0,8,0.0,2,6,
celecoxib,vemurafenib,0,24,0.0,2,22,
celecoxib,venetoclax,0,7,0.0,2,5,
celecoxib,vinblastine,0,11,0.0,2,9,
celecoxib,vinorelbine,0,3,0.0,2,1,
celecoxib,vorinostat,0,20,0.0,2,18,
celecoxib,zoledronate,0,22,0.0,2,20,
ceritinib,chlorambucil,0,18,0.0,12,6,
ceritinib,cisplatin,0,18,0.0,12,6,
ceritinib,cladribine,0,15,0.0,12,3,
ceritinib,clofarabine,0,14,0.0,12,2,
ceritinib,cyclophosphamide,0,28,0.0,12,16,
ceritinib,cytarabine,0,21,0.0,12,9,
ceritinib,dacarbazine,0,27,0.0,12,15,
ceritinib,dacomitinib,0,21,0.0,12,9,
ceritinib,darolutamide,0,20,0.0,12,8,
ceritinib,dasatinib,0,37,0.0,12,25,
ceritinib,daunorubicin,0,24,0.0,12,12,
ceritinib,decitabine,0,13,0.0,12,1,
ceritinib,docetaxel,0,24,0.0,12,12,
ceritinib,doxorubicin,0,13,0.0,12,1,
ceritinib,duvelisib,0,18,0.0,12,6,
ceritinib,encorafenib,0,27,0.0,12,15,
ceritinib,epirubicin,0,16,0.0,12,4,
ceritinib,erdafitinib,0,22,0.0,12,10,
ceritinib,erlotinib,0,23,0.0,12,11,
ceritinib,estramustine,0,19,0.0,12,7,
ceritinib,etoposide,0,19,0.0,12,7,
ceritinib,everolimus,0,23,0.0,12,11,
ceritinib,fludarabine,0,16,0.0,12,4,
ceritinib,fruquintinib,0,43,0.0,12,31,
ceritinib,fulvestrant,0,14,0.0,12,2,
ceritinib,gemcitabine,0,16,0.0,12,4,
ceritinib,gilteritinib,0,13,0.0,12,1,
ceritinib,homoharringtonine,0,13,0.0,12,1,
ceritinib,hydroxyurea,0,19,0.0,12,7,
ceritinib,ibrutinib,0,25,0.0,12,13,
ceritinib,idarubicin,0,23,0.0,12,11,
ceritinib,idelalisib,0,21,0.0,12,9,
ceritinib,irinotecan,0,23,0.0,12,11,
ceritinib,ixazomib,0,17,0.0,12,5,
ceritinib,lapatinib,0,13,0.0,12,1,
ceritinib,lenvatinib,0,30,0.0,12,18,
ceritinib,lorlatinib,0,14,0.0,12,2,
ceritinib,melphalan,0,18,0.0,12,6,
ceritinib,mitomycin,0,24,0.0,12,12,
ceritinib,mitotane,0,13,0.0,12,1,
ceritinib,mitoxantrone,0,18,0.0,12,6,
ceritinib,neratinib,0,18,0.0,12,6,
ceritinib,olaparib,0,13,0.0,12,1,
ceritinib,osimertinib,0,14,0.0,12,2,
ceritinib,panobinostat,0,13,0.0,12,1,
ceritinib,pemetrexed,0,14,0.0,12,2,
ceritinib,pralatrexate,0,14,0.0,12,2,
ceritinib,romidepsin,0,13,0.0,12,1,
ceritinib,selinexor,0,15,0.0,12,3,
ceritinib,sirolimus,0,14,0.0,12,2,
ceritinib,sonidegib,0,16,0.0,12,4,
ceritinib,sunitinib,0,15,0.0,12,3,
ceritinib,temsirolimus,0,13,0.0,12,1,
ceritinib,teniposide,0,20,0.0,12,8,
ceritinib,thiotepa,0,15,0.0,12,3,
ceritinib,tivozanib,0,13,0.0,12,1,
ceritinib,topotecan,0,14,0.0,12,2,
ceritinib,trifluridine,0,18,0.0,12,6,
ceritinib,tucatinib,0,14,0.0,12,2,
ceritinib,umbralisib,0,17,0.0,12,5,
ceritinib,valrubicin,0,23,0.0,12,11,
ceritinib,vandetanib,0,18,0.0,12,6,
ceritinib,vemurafenib,0,34,0.0,12,22,
ceritinib,venetoclax,0,17,0.0,12,5,
ceritinib,vinblastine,0,21,0.0,12,9,
ceritinib,vinorelbine,0,13,0.0,12,1,
ceritinib,zoledronate,0,32,0.0,12,20,
chlorambucil,cladribine,0,9,0.0,6,3,
chlorambucil,clofarabine,0,8,0.0,6,2,
chlorambucil,cobimetinib,0,35,0.0,6,29,
chlorambucil,crizotinib,0,23,0.0,6,17,
chlorambucil,cyclophosphamide,0,22,0.0,6,16,
chlorambucil,dabrafenib,0,46,0.0,6,40,
chlorambucil,dacarbazine,0,21,0.0,6,15,
chlorambucil,dacomitinib,0,15,0.0,6,9,
chlorambucil,darolutamide,0,14,0.0,6,8,
chlorambucil,dasatinib,0,31,0.0,6,25,
chlorambucil,decitabine,0,7,0.0,6,1,
chlorambucil,docetaxel,0,18,0.0,6,12,
chlorambucil,doxorubicin,0,7,0.0,6,1,
chlorambucil,duvelisib,0,12,0.0,6,6,
chlorambucil,encorafenib,0,21,0.0,6,15,
chlorambucil,erdafitinib,0,16,0.0,6,10,
chlorambucil,erlotinib,0,17,0.0,6,11,
chlorambucil,estramustine,0,13,0.0,6,7,
chlorambucil,everolimus,0,17,0.0,6,11,
chlorambucil,fludarabine,0,10,0.0,6,4,
chlorambucil,fluorouracil,0,18,0.0,6,12,
chlorambucil,fruquintinib,0,37,0.0,6,31,
chlorambucil,fulvestrant,0,8,0.0,6,2,
chlorambucil,gilteritinib,0,7,0.0,6,1,
chlorambucil,homoharringtonine,0,7,0.0,6,1,
chlorambucil,ibrutinib,0,19,0.0,6,13,
chlorambucil,idelalisib,0,15,0.0,6,9,
chlorambucil,imatinib,0,11,0.0,6,5,
chlorambucil,ixabepilone,0,17,0.0,6,11,
chlorambucil,ixazomib,0,11,0.0,6,5,
chlorambucil,lapatinib,0,7,0.0,6,1,
chlorambucil,lenvatinib,0,24,0.0,6,18,
chlorambucil,lomustine,0,33,0.0,6,27,
chlorambucil,lorlatinib,0,8,0.0,6,2,
chlorambucil,mitotane,0,7,0.0,6,1,
chlorambucil,neratinib,0,12,0.0,6,6,
chlorambucil,nilotinib,0,20,0.0,6,14,
chlorambucil,olaparib,0,7,0.0,6,1,
chlorambucil,osimertinib,0,8,0.0,6,2,
chlorambucil,paclitaxel,0,16,0.0,6,10,
chlorambucil,palbociclib,0,32,0.0,6,26,
chlorambucil,panobinostat,0,7,0.0,6,1,
chlorambucil,pemetrexed,0,8,0.0,6,2,
chlorambucil,pralatrexate,0,8,0.0,6,2,
chlorambucil,raloxifene,0,20,0.0,6,14,
chlorambucil,ribociclib,0,14,0.0,6,8,
chlorambucil,romidepsin,0,7,0.0,6,1,
chlorambucil,selinexor,0,9,0.0,6,3,
chlorambucil,selumetinib,0,33,0.0,6,27,
chlorambucil,sirolimus,0,8,0.0,6,2,
chlorambucil,sonidegib,0,10,0.0,6,4,
chlorambucil,sunitinib,0,9,0.0,6,3,
chlorambucil,tamoxifen,0,24,0.0,6,18,
chlorambucil,temsirolimus,0,7,0.0,6,1,
chlorambucil,tivozanib,0,7,0.0,6,1,
chlorambucil,trametinib,0,28,0.0,6,22,
chlorambucil,tucatinib,0,8,0.0,6,2,
chlorambucil,umbralisib,0,11,0.0,6,5,
chlorambucil,vandetanib,0,12,0.0,6,6,
chlorambucil,vemurafenib,0,28,0.0,6,22,
chlorambucil,venetoclax,0,11,0.0,6,5,
chlorambucil,vinblastine,0,15,0.0,6,9,
chlorambucil,vinorelbine,0,7,0.0,6,1,
chlorambucil,vorinostat,0,24,0.0,6,18,
chlorambucil,zoledronate,0,26,0.0,6,20,
cisplatin,cladribine,0,9,0.0,6,3,
cisplatin,clofarabine,0,8,0.0,6,2,
cisplatin,cobimetinib,0,35,0.0,6,29,
cisplatin,cyclophosphamide,0,22,0.0,6,16,
cisplatin,cytarabine,0,15,0.0,6,9,
cisplatin,dabrafenib,0,46,0.0,6,40,
cisplatin,dacarbazine,0,21,0.0,6,15,
cisplatin,dacomitinib,0,15,0.0,6,9,
cisplatin,darolutamide,0,14,0.0,6,8,
cisplatin,dasatinib,0,31,0.0,6,25,
cisplatin,daunorubicin,0,18,0.0,6,12,
cisplatin,decitabine,0,7,0.0,6,1,
cisplatin,dexrazoxane,0,24,0.0,6,18,
cisplatin,docetaxel,0,18,0.0,6,12,
cisplatin,doxorubicin,0,7,0.0,6,1,
cisplatin,duvelisib,0,12,0.0,6,6,
cisplatin,encorafenib,0,21,0.0,6,15,
cisplatin,epirubicin,0,10,0.0,6,4,
cisplatin,erdafitinib,0,16,0.0,6,10,
cisplatin,erlotinib,0,17,0.0,6,11,
cisplatin,estramustine,0,13,0.0,6,7,
cisplatin,etoposide,0,13,0.0,6,7,
cisplatin,everolimus,0,17,0.0,6,11,
cisplatin,fludarabine,0,10,0.0,6,4,
cisplatin,fluorouracil,0,18,0.0,6,12,
cisplatin,fruquintinib,0,37,0.0,6,31,
cisplatin,fulvestrant,0,8,0.0,6,2,
cisplatin,gilteritinib,0,7,0.0,6,1,
cisplatin,homoharringtonine,0,7,0.0,6,1,
cisplatin,hydroxyurea,0,13,0.0,6,7,
cisplatin,ibrutinib,0,19,0.0,6,13,
cisplatin,idelalisib,0,15,0.0,6,9,
cisplatin,irinotecan,0,17,0.0,6,11,
cisplatin,ixabepilone,0,17,0.0,6,11,
cisplatin,ixazomib,0,11,0.0,6,5,
cisplatin,lapatinib,0,7,0.0,6,1,
cisplatin,lenvatinib,0,24,0.0,6,18,
cisplatin,lorlatinib,0,8,0.0,6,2,
cisplatin,mercaptopurine,0,33,0.0,6,27,
cisplatin,methotrexate,0,33,0.0,6,27,
cisplatin,mitotane,0,7,0.0,6,1,
cisplatin,mitoxantrone,0,12,0.0,6,6,
cisplatin,neratinib,0,12,0.0,6,6,
cisplatin,olaparib,0,7,0.0,6,1,
cisplatin,osimertinib,0,8,0.0,6,2,
cisplatin,oxaliplatin,0,37,0.0,6,31,
cisplatin,paclitaxel,0,16,0.0,6,10,
cisplatin,palbociclib,0,32,0.0,6,26,
cisplatin,panobinostat,0,7,0.0,6,1,
cisplatin,pemetrexed,0,8,0.0,6,2,
cisplatin,pralatrexate,0,8,0.0,6,2,
cisplatin,ribociclib,0,14,0.0,6,8,
cisplatin,romidepsin,0,7,0.0,6,1,
cisplatin,selumetinib,0,33,0.0,6,27,
cisplatin,sirolimus,0,8,0.0,6,2,
cisplatin,sonidegib,0,10,0.0,6,4,
cisplatin,sunitinib,0,9,0.0,6,3,
cisplatin,tamoxifen,0,24,0.0,6,18,
cisplatin,temsirolimus,0,7,0.0,6,1,
cisplatin,teniposide,0,14,0.0,6,8,
cisplatin,tioguanine,0,22,0.0,6,16,
cisplatin,tivozanib,0,7,0.0,6,1,
cisplatin,trametinib,0,28,0.0,6,22,
cisplatin,trifluridine,0,12,0.0,6,6,
cisplatin,tucatinib,0,8,0.0,6,2,
cisplatin,umbralisib,0,11,0.0,6,5,
cisplatin,valrubicin,0,17,0.0,6,11,
cisplatin,vandetanib,0,12,0.0,6,6,
cisplatin,vemurafenib,0,28,0.0,6,22,
cisplatin,venetoclax,0,11,0.0,6,5,
cisplatin,vinblastine,0,15,0.0,6,9,
cisplatin,vinorelbine,0,7,0.0,6,1,
cisplatin,vorinostat,0,24,0.0,6,18,
cisplatin,zoledronate,0,26,0.0,6,20,
cladribine,clofarabine,0,5,0.0,3,2,
cladribine,cobimetinib,0,32,0.0,3,29,
cladribine,crizotinib,0,20,0.0,3,17,
cladribine,cyclophosphamide,0,19,0.0,3,16,
cladribine,dacarbazine,0,18,0.0,3,15,
cladribine,dacomitinib,0,12,0.0,3,9,
cladribine,darolutamide,0,11,0.0,3,8,
cladribine,dasatinib,0,28,0.0,3,25,
cladribine,daunorubicin,0,15,0.0,3,12,
cladribine,decitabine,0,4,0.0,3,1,
cladribine,dexrazoxane,0,21,0.0,3,18,
cladribine,docetaxel,0,15,0.0,3,12,
cladribine,doxorubicin,0,4,0.0,3,1,
cladribine,duvelisib,0,9,0.0,3,6,
cladribine,encorafenib,0,18,0.0,3,15,
cladribine,epirubicin,0,7,0.0,3,4,
cladribine,erdafitinib,0,13,0.0,3,10,
cladribine,erlotinib,0,14,0.0,3,11,
cladribine,estramustine,0,10,0.0,3,7,
cladribine,etoposide,0,10,0.0,3,7,
cladribine,everolimus,0,14,0.0,3,11,
cladribine,fludarabine,0,7,0.0,3,4,
cladribine,fluorouracil,0,15,0.0,3,12,
cladribine,fruquintinib,0,34,0.0,3,31,
cladribine,fulvestrant,0,5,0.0,3,2,
cladribine,gilteritinib,0,4,0.0,3,1,
cladribine,homoharringtonine,0,4,0.0,3,1,
cladribine,ibrutinib,0,16,0.0,3,13,
cladribine,idarubicin,0,14,0.0,3,11,
cladribine,idelalisib,0,12,0.0,3,9,
cladribine,imatinib,0,8,0.0,3,5,
cladribine,irinotecan,0,14,0.0,3,11,
cladribine,ixabepilone,0,14,0.0,3,11,
cladribine,ixazomib,0,8,0.0,3,5,
cladribine,lapatinib,0,4,0.0,3,1,
cladribine,lenvatinib,0,21,0.0,3,18,
cladribine,lomustine,0,30,0.0,3,27,
cladribine,lorlatinib,0,5,0.0,3,2,
cladribine,melphalan,0,9,0.0,3,6,
cladribine,mercaptopurine,0,30,0.0,3,27,
cladribine,methotrexate,0,30,0.0,3,27,
cladribine,mitomycin,0,15,0.0,3,12,
cladribine,mitotane,0,4,0.0,3,1,
cladribine,mitoxantrone,0,9,0.0,3,6,
cladribine,neratinib,0,9,0.0,3,6,
cladribine,nilotinib,0,17,0.0,3,14,
cladribine,olaparib,0,4,0.0,3,1,
cladribine,osimertinib,0,5,0.0,3,2,
cladribine,oxaliplatin,0,34,0.0,3,31,
cladribine,paclitaxel,0,13,0.0,3,10,
cladribine,palbociclib,0,29,0.0,3,26,
cladribine,panobinostat,0,4,0.0,3,1,
cladribine,pemetrexed,0,5,0.0,3,2,
cladribine,pralatrexate,0,5,0.0,3,2,
cladribine,raloxifene,0,17,0.0,3,14,
cladribine,ribociclib,0,11,0.0,3,8,
cladribine,romidepsin,0,4,0.0,3,1,
cladribine,selinexor,0,6,0.0,3,3,
cladribine,selumetinib,0,30,0.0,3,27,
cladribine,sirolimus,0,5,0.0,3,2,
cladribine,sonidegib,0,7,0.0,3,4,
cladribine,sunitinib,0,6,0.0,3,3,
cladribine,tamoxifen,0,21,0.0,3,18,
cladribine,temsirolimus,0,4,0.0,3,1,
cladribine,teniposide,0,11,0.0,3,8,
cladribine,tioguanine,0,19,0.0,3,16,
cladribine,tivozanib,0,4,0.0,3,1,
cladribine,topotecan,0,5,0.0,3,2,
cladribine,trametinib,0,25,0.0,3,22,
cladribine,tucatinib,0,5,0.0,3,2,
cladribine,umbralisib,0,8,0.0,3,5,
cladribine,valrubicin,0,14,0.0,3,11,
cladribine,vandetanib,0,9,0.0,3,6,
cladribine,vemurafenib,0,25,0.0,3,22,
cladribine,venetoclax,0,8,0.0,3,5,
cladribine,vinblastine,0,12,0.0,3,9,
cladribine,vinorelbine,0,4,0.0,3,1,
cladribine,vorinostat,0,21,0.0,3,18,
cladribine,zoledronate,0,23,0.0,3,20,
clofarabine,cobimetinib,0,31,0.0,2,29,
clofarabine,crizotinib,0,19,0.0,2,17,
clofarabine,cyclophosphamide,0,18,0.0,2,16,
clofarabine,dabrafenib,0,42,0.0,2,40,
clofarabine,dacarbazine,0,17,0.0,2,15,
clofarabine,dacomitinib,0,11,0.0,2,9,
clofarabine,darolutamide,0,10,0.0,2,8,
clofarabine,dasatinib,0,27,0.0,2,25,
clofarabine,daunorubicin,0,14,0.0,2,12,
clofarabine,decitabine,0,3,0.0,2,1,
clofarabine,dexrazoxane,0,20,0.0,2,18,
clofarabine,docetaxel,0,14,0.0,2,12,
clofarabine,doxorubicin,0,3,0.0,2,1,
clofarabine,duvelisib,0,8,0.0,2,6,
clofarabine,encorafenib,0,17,0.0,2,15,
clofarabine,epirubicin,0,6,0.0,2,4,
clofarabine,erdafitinib,0,12,0.0,2,10,
clofarabine,erlotinib,0,13,0.0,2,11,
clofarabine,estramustine,0,9,0.0,2,7,
clofarabine,etoposide,0,9,0.0,2,7,
clofarabine,everolimus,0,13,0.0,2,11,
clofarabine,fludarabine,0,6,0.0,2,4,
clofarabine,fluorouracil,0,14,0.0,2,12,
clofarabine,fruquintinib,0,33,0.0,2,31,
clofarabine,fulvestrant,0,4,0.0,2,2,
clofarabine,gilteritinib,0,3,0.0,2,1,
clofarabine,homoharringtonine,0,3,0.0,2,1,
clofarabine,hydroxyurea,0,9,0.0,2,7,
clofarabine,ibrutinib,0,15,0.0,2,13,
clofarabine,idarubicin,0,13,0.0,2,11,
clofarabine,idelalisib,0,11,0.0,2,9,
clofarabine,imatinib,0,7,0.0,2,5,
clofarabine,irinotecan,0,13,0.0,2,11,
clofarabine,ixabepilone,0,13,0.0,2,11,
clofarabine,ixazomib,0,7,0.0,2,5,
clofarabine,lapatinib,0,3,0.0,2,1,
clofarabine,lenvatinib,0,20,0.0,2,18,
clofarabine,lomustine,0,29,0.0,2,27,
clofarabine,lorlatinib,0,4,0.0,2,2,
clofarabine,melphalan,0,8,0.0,2,6,
clofarabine,mercaptopurine,0,29,0.0,2,27,
clofarabine,mitomycin,0,14,0.0,2,12,
clofarabine,mitotane,0,3,0.0,2,1,
clofarabine,mitoxantrone,0,8,0.0,2,6,
clofarabine,neratinib,0,8,0.0,2,6,
clofarabine,nilotinib,0,16,0.0,2,14,
clofarabine,olaparib,0,3,0.0,2,1,
clofarabine,osimertinib,0,4,0.0,2,2,
clofarabine,oxaliplatin,0,33,0.0,2,31,
clofarabine,paclitaxel,0,12,0.0,2,10,
clofarabine,palbociclib,0,28,0.0,2,26,
clofarabine,panobinostat,0,3,0.0,2,1,
clofarabine,pemetrexed,0,4,0.0,2,2,
clofarabine,pralatrexate,0,4,0.0,2,2,
clofarabine,raloxifene,0,16,0.0,2,14,
clofarabine,ribociclib,0,10,0.0,2,8,
clofarabine,romidepsin,0,3,0.0,2,1,
clofarabine,selinexor,0,5,0.0,2,3,
clofarabine,selumetinib,0,29,0.0,2,27,
clofarabine,sirolimus,0,4,0.0,2,2,
clofarabine,sonidegib,0,6,0.0,2,4,
clofarabine,sunitinib,0,5,0.0,2,3,
clofarabine,tamoxifen,0,20,0.0,2,18,
clofarabine,temsirolimus,0,3,0.0,2,1,
clofarabine,teniposide,0,10,0.0,2,8,
clofarabine,thiotepa,0,5,0.0,2,3,
clofarabine,tioguanine,0,18,0.0,2,16,
clofarabine,tivozanib,0,3,0.0,2,1,
clofarabine,topotecan,0,4,0.0,2,2,
clofarabine,trametinib,0,24,0.0,2,22,
clofarabine,trifluridine,0,8,0.0,2,6,
clofarabine,tucatinib,0,4,0.0,2,2,
clofarabine,umbralisib,0,7,0.0,2,5,
clofarabine,valrubicin,0,13,0.0,2,11,
clofarabine,vandetanib,0,8,0.0,2,6,
clofarabine,vemurafenib,0,24,0.0,2,22,
clofarabine,venetoclax,0,7,0.0,2,5,
clofarabine,vinblastine,0,11,0.0,2,9,
clofarabine,vinorelbine,0,3,0.0,2,1,
clofarabine,vorinostat,0,20,0.0,2,18,
clofarabine,zoledronate,0,22,0.0,2,20,
cobimetinib,cyclophosphamide,0,45,0.0,29,16,
cobimetinib,cytarabine,0,38,0.0,29,9,
cobimetinib,dacomitinib,0,38,0.0,29,9,
cobimetinib,darolutamide,0,37,0.0,29,8,
cobimetinib,dasatinib,0,54,0.0,29,25,
cobimetinib,daunorubicin,0,41,0.0,29,12,
cobimetinib,decitabine,0,30,0.0,29,1,
cobimetinib,dexrazoxane,0,47,0.0,29,18,
cobimetinib,docetaxel,0,41,0.0,29,12,
cobimetinib,doxorubicin,0,30,0.0,29,1,
cobimetinib,duvelisib,0,35,0.0,29,6,
cobimetinib,epirubicin,0,33,0.0,29,4,
cobimetinib,erdafitinib,0,39,0.0,29,10,
cobimetinib,erlotinib,0,40,0.0,29,11,
cobimetinib,etoposide,0,36,0.0,29,7,
cobimetinib,everolimus,0,40,0.0,29,11,
cobimetinib,fludarabine,0,33,0.0,29,4,
cobimetinib,fluorouracil,0,41,0.0,29,12,
cobimetinib,fruquintinib,0,60,0.0,29,31,
cobimetinib,fulvestrant,0,31,0.0,29,2,
cobimetinib,gemcitabine,0,33,0.0,29,4,
cobimetinib,gilteritinib,0,30,0.0,29,1,
cobimetinib,homoharringtonine,0,30,0.0,29,1,
cobimetinib,hydroxyurea,0,36,0.0,29,7,
cobimetinib,ibrutinib,0,42,0.0,29,13,
cobimetinib,idarubicin,0,40,0.0,29,11,
cobimetinib,idelalisib,0,38,0.0,29,9,
cobimetinib,irinotecan,0,40,0.0,29,11,
cobimetinib,lapatinib,0,30,0.0,29,1,
cobimetinib,lenvatinib,0,47,0.0,29,18,
cobimetinib,lorlatinib,0,31,0.0,29,2,
cobimetinib,melphalan,0,35,0.0,29,6,
cobimetinib,mitomycin,0,41,0.0,29,12,
cobimetinib,mitotane,0,30,0.0,29,1,
cobimetinib,mitoxantrone,0,35,0.0,29,6,
cobimetinib,neratinib,0,35,0.0,29,6,
cobimetinib,olaparib,0,30,0.0,29,1,
cobimetinib,osimertinib,0,31,0.0,29,2,
cobimetinib,panobinostat,0,30,0.0,29,1,
cobimetinib,pemetrexed,0,31,0.0,29,2,
cobimetinib,pralatrexate,0,31,0.0,29,2,
cobimetinib,ribociclib,0,37,0.0,29,8,
cobimetinib,romidepsin,0,30,0.0,29,1,
cobimetinib,selinexor,0,32,0.0,29,3,
cobimetinib,sirolimus,0,31,0.0,29,2,
cobimetinib,sonidegib,0,33,0.0,29,4,
cobimetinib,temsirolimus,0,30,0.0,29,1,
cobimetinib,teniposide,0,37,0.0,29,8,
cobimetinib,thiotepa,0,32,0.0,29,3,
cobimetinib,tivozanib,0,30,0.0,29,1,
cobimetinib,topotecan,0,31,0.0,29,2,
cobimetinib,trifluridine,0,35,0.0,29,6,
cobimetinib,tucatinib,0,31,0.0,29,2,
cobimetinib,umbralisib,0,34,0.0,29,5,
cobimetinib,valrubicin,0,40,0.0,29,11,
cobimetinib,vandetanib,0,35,0.0,29,6,
cobimetinib,vinorelbine,0,30,0.0,29,1,
cobimetinib,zoledronate,0,49,0.0,29,20,
crizotinib,cyclophosphamide,0,33,0.0,17,16,
crizotinib,cytarabine,0,26,0.0,17,9,
crizotinib,dacomitinib,0,26,0.0,17,9,
crizotinib,dasatinib,0,42,0.0,17,25,
crizotinib,decitabine,0,18,0.0,17,1,
crizotinib,duvelisib,0,23,0.0,17,6,
crizotinib,epirubicin,0,21,0.0,17,4,
crizotinib,erdafitinib,0,27,0.0,17,10,
crizotinib,erlotinib,0,28,0.0,17,11,
crizotinib,estramustine,0,24,0.0,17,7,
crizotinib,everolimus,0,28,0.0,17,11,
crizotinib,fludarabine,0,21,0.0,17,4,
crizotinib,fluorouracil,0,29,0.0,17,12,
crizotinib,fruquintinib,0,48,0.0,17,31,
crizotinib,fulvestrant,0,19,0.0,17,2,
crizotinib,gemcitabine,0,21,0.0,17,4,
crizotinib,gilteritinib,0,18,0.0,17,1,
crizotinib,homoharringtonine,0,18,0.0,17,1,
crizotinib,hydroxyurea,0,24,0.0,17,7,
crizotinib,ibrutinib,0,30,0.0,17,13,
crizotinib,idelalisib,0,26,0.0,17,9,
crizotinib,irinotecan,0,28,0.0,17,11,
crizotinib,ixazomib,0,22,0.0,17,5,
crizotinib,lapatinib,0,18,0.0,17,1,
crizotinib,lenvatinib,0,35,0.0,17,18,
crizotinib,lorlatinib,0,19,0.0,17,2,
crizotinib,melphalan,0,23,0.0,17,6,
crizotinib,mitotane,0,18,0.0,17,1,
crizotinib,mitoxantrone,0,23,0.0,17,6,
crizotinib,neratinib,0,23,0.0,17,6,
crizotinib,olaparib,0,18,0.0,17,1,
crizotinib,osimertinib,0,19,0.0,17,2,
crizotinib,panobinostat,0,18,0.0,17,1,
crizotinib,pemetrexed,0,19,0.0,17,2,
crizotinib,pralatrexate,0,19,0.0,17,2,
crizotinib,romidepsin,0,18,0.0,17,1,
crizotinib,sirolimus,0,19,0.0,17,2,
crizotinib,sonidegib,0,21,0.0,17,4,
crizotinib,sunitinib,0,20,0.0,17,3,
crizotinib,temsirolimus,0,18,0.0,17,1,
crizotinib,teniposide,0,25,0.0,17,8,
crizotinib,thiotepa,0,20,0.0,17,3,
crizotinib,tivozanib,0,18,0.0,17,1,
crizotinib,topotecan,0,19,0.0,17,2,
crizotinib,trifluridine,0,23,0.0,17,6,
crizotinib,tucatinib,0,19,0.0,17,2,
crizotinib,umbralisib,0,22,0.0,17,5,
crizotinib,valrubicin,0,28,0.0,17,11,
crizotinib,vandetanib,0,23,0.0,17,6,
crizotinib,vinorelbine,0,18,0.0,17,1,
crizotinib,zoledronate,0,37,0.0,17,20,
cyclophosphamide,dabrafenib,0,56,0.0,16,40,
cyclophosphamide,dacomitinib,0,25,0.0,16,9,
cyclophosphamide,dasatinib,0,41,0.0,16,25,
cyclophosphamide,decitabine,0,17,0.0,16,1,
cyclophosphamide,dexrazoxane,0,34,0.0,16,18,
cyclophosphamide,doxorubicin,0,17,0.0,16,1,
cyclophosphamide,duvelisib,0,22,0.0,16,6,
cyclophosphamide,encorafenib,0,31,0.0,16,15,
cyclophosphamide,erdafitinib,0,26,0.0,16,10,
cyclophosphamide,erlotinib,0,27,0.0,16,11,
cyclophosphamide,estramustine,0,23,0.0,16,7,
cyclophosphamide,everolimus,0,27,0.0,16,11,
cyclophosphamide,fludarabine,0,20,0.0,16,4,
cyclophosphamide,fruquintinib,0,47,0.0,16,31,
cyclophosphamide,gilteritinib,0,17,0.0,16,1,
cyclophosphamide,homoharringtonine,0,17,0.0,16,1,
cyclophosphamide,ibrutinib,0,29,0.0,16,13,
cyclophosphamide,idarubicin,0,27,0.0,16,11,
cyclophosphamide,idelalisib,0,25,0.0,16,9,
cyclophosphamide,imatinib,0,21,0.0,16,5,
cyclophosphamide,ixazomib,0,21,0.0,16,5,
cyclophosphamide,lapatinib,0,17,0.0,16,1,
cyclophosphamide,lenvatinib,0,34,0.0,16,18,
cyclophosphamide,lorlatinib,0,18,0.0,16,2,
cyclophosphamide,melphalan,0,22,0.0,16,6,
cyclophosphamide,mitomycin,0,28,0.0,16,12,
cyclophosphamide,mitotane,0,17,0.0,16,1,
cyclophosphamide,neratinib,0,22,0.0,16,6,
cyclophosphamide,nilotinib,0,30,0.0,16,14,
cyclophosphamide,olaparib,0,17,0.0,16,1,
cyclophosphamide,osimertinib,0,18,0.0,16,2,
cyclophosphamide,panobinostat,0,17,0.0,16,1,
cyclophosphamide,ribociclib,0,24,0.0,16,8,
cyclophosphamide,romidepsin,0,17,0.0,16,1,
cyclophosphamide,selinexor,0,19,0.0,16,3,
cyclophosphamide,selumetinib,0,43,0.0,16,27,
cyclophosphamide,sirolimus,0,18,0.0,16,2,
cyclophosphamide,sonidegib,0,20,0.0,16,4,
cyclophosphamide,sunitinib,0,19,0.0,16,3,
cyclophosphamide,tamoxifen,0,34,0.0,16,18,
cyclophosphamide,temsirolimus,0,17,0.0,16,1,
cyclophosphamide,thiotepa,0,19,0.0,16,3,
cyclophosphamide,tivozanib,0,17,0.0,16,1,
cyclophosphamide,topotecan,0,18,0.0,16,2,
cyclophosphamide,trametinib,0,38,0.0,16,22,
cyclophosphamide,tucatinib,0,18,0.0,16,2,
cyclophosphamide,umbralisib,0,21,0.0,16,5,
cyclophosphamide,vandetanib,0,22,0.0,16,6,
cyclophosphamide,vemurafenib,0,38,0.0,16,22,
cyclophosphamide,vinblastine,0,25,0.0,16,9,
cyclophosphamide,vinorelbine,0,17,0.0,16,1,
cyclophosphamide,zoledronate,0,36,0.0,16,20,
cytarabine,dabrafenib,0,49,0.0,9,40,
cytarabine,dacarbazine,0,24,0.0,9,15,
cytarabine,dacomitinib,0,18,0.0,9,9,
cytarabine,darolutamide,0,17,0.0,9,8,
cytarabine,dasatinib,0,34,0.0,9,25,
cytarabine,decitabine,0,10,0.0,9,1,
cytarabine,doxorubicin,0,10,0.0,9,1,
cytarabine,duvelisib,0,15,0.0,9,6,
cytarabine,encorafenib,0,24,0.0,9,15,
cytarabine,erdafitinib,0,19,0.0,9,10,
cytarabine,erlotinib,0,20,0.0,9,11,
cytarabine,estramustine,0,16,0.0,9,7,
cytarabine,everolimus,0,20,0.0,9,11,
cytarabine,fludarabine,0,13,0.0,9,4,
cytarabine,fruquintinib,0,40,0.0,9,31,
cytarabine,fulvestrant,0,11,0.0,9,2,
cytarabine,gilteritinib,0,10,0.0,9,1,
cytarabine,homoharringtonine,0,10,0.0,9,1,
cytarabine,ibrutinib,0,22,0.0,9,13,
cytarabine,idelalisib,0,18,0.0,9,9,
cytarabine,imatinib,0,14,0.0,9,5,
cytarabine,ixabepilone,0,20,0.0,9,11,
cytarabine,ixazomib,0,14,0.0,9,5,
cytarabine,lapatinib,0,10,0.0,9,1,
cytarabine,lenvatinib,0,27,0.0,9,18,
cytarabine,lomustine,0,36,0.0,9,27,
cytarabine,lorlatinib,0,11,0.0,9,2,
cytarabine,mitotane,0,10,0.0,9,1,
cytarabine,neratinib,0,15,0.0,9,6,
cytarabine,nilotinib,0,23,0.0,9,14,
cytarabine,olaparib,0,10,0.0,9,1,
cytarabine,osimertinib,0,11,0.0,9,2,
cytarabine,palbociclib,0,35,0.0,9,26,
cytarabine,panobinostat,0,10,0.0,9,1,
cytarabine,raloxifene,0,23,0.0,9,14,
cytarabine,ribociclib,0,17,0.0,9,8,
cytarabine,romidepsin,0,10,0.0,9,1,
cytarabine,selinexor,0,12,0.0,9,3,
cytarabine,selumetinib,0,36,0.0,9,27,
cytarabine,sirolimus,0,11,0.0,9,2,
cytarabine,sonidegib,0,13,0.0,9,4,
cytarabine,sunitinib,0,12,0.0,9,3,
cytarabine,tamoxifen,0,27,0.0,9,18,
cytarabine,temsirolimus,0,10,0.0,9,1,
cytarabine,tivozanib,0,10,0.0,9,1,
cytarabine,trametinib,0,31,0.0,9,22,
cytarabine,tucatinib,0,11,0.0,9,2,
cytarabine,umbralisib,0,14,0.0,9,5,
cytarabine,vandetanib,0,15,0.0,9,6,
cytarabine,vemurafenib,0,31,0.0,9,22,
cytarabine,venetoclax,0,14,0.0,9,5,
cytarabine,vinblastine,0,18,0.0,9,9,
cytarabine,vinorelbine,0,10,0.0,9,1,
cytarabine,vorinostat,0,27,0.0,9,18,
cytarabine,zoledronate,0,29,0.0,9,20,
dabrafenib,dacomitinib,0,49,0.0,40,9,
dabrafenib,darolutamide,0,48,0.0,40,8,
dabrafenib,dasatinib,0,65,0.0,40,25,
dabrafenib,daunorubicin,0,52,0.0,40,12,
dabrafenib,decitabine,0,41,0.0,40,1,
dabrafenib,dexrazoxane,0,58,0.0,40,18,
dabrafenib,docetaxel,0,52,0.0,40,12,
dabrafenib,doxorubicin,0,41,0.0,40,1,
dabrafenib,duvelisib,0,46,0.0,40,6,
dabrafenib,epirubicin,0,44,0.0,40,4,
dabrafenib,erdafitinib,0,50,0.0,40,10,
dabrafenib,erlotinib,0,51,0.0,40,11,
dabrafenib,etoposide,0,47,0.0,40,7,
dabrafenib,everolimus,0,51,0.0,40,11,
dabrafenib,fludarabine,0,44,0.0,40,4,
dabrafenib,fruquintinib,0,71,0.0,40,31,
dabrafenib,fulvestrant,0,42,0.0,40,2,
dabrafenib,gemcitabine,0,44,0.0,40,4,
dabrafenib,gilteritinib,0,41,0.0,40,1,
dabrafenib,homoharringtonine,0,41,0.0,40,1,
dabrafenib,hydroxyurea,0,47,0.0,40,7,
dabrafenib,ibrutinib,0,53,0.0,40,13,
dabrafenib,idarubicin,0,51,0.0,40,11,
dabrafenib,idelalisib,0,49,0.0,40,9,
dabrafenib,irinotecan,0,51,0.0,40,11,
dabrafenib,lapatinib,0,41,0.0,40,1,
dabrafenib,lenvatinib,0,58,0.0,40,18,
dabrafenib,lomustine,0,67,0.0,40,27,
dabrafenib,lorlatinib,0,42,0.0,40,2,
dabrafenib,melphalan,0,46,0.0,40,6,
dabrafenib,mitomycin,0,52,0.0,40,12,
dabrafenib,mitotane,0,41,0.0,40,1,
dabrafenib,mitoxantrone,0,46,0.0,40,6,
dabrafenib,neratinib,0,46,0.0,40,6,
dabrafenib,olaparib,0,41,0.0,40,1,
dabrafenib,osimertinib,0,42,0.0,40,2,
dabrafenib,panobinostat,0,41,0.0,40,1,
dabrafenib,pemetrexed,0,42,0.0,40,2,
dabrafenib,pralatrexate,0,42,0.0,40,2,
dabrafenib,ribociclib,0,48,0.0,40,8,
dabrafenib,romidepsin,0,41,0.0,40,1,
dabrafenib,selinexor,0,43,0.0,40,3,
dabrafenib,sirolimus,0,42,0.0,40,2,
dabrafenib,sonidegib,0,44,0.0,40,4,
dabrafenib,temsirolimus,0,41,0.0,40,1,
dabrafenib,teniposide,0,48,0.0,40,8,
dabrafenib,thiotepa,0,43,0.0,40,3,
dabrafenib,tioguanine,0,56,0.0,40,16,
dabrafenib,tivozanib,0,41,0.0,40,1,
dabrafenib,topotecan,0,42,0.0,40,2,
dabrafenib,trifluridine,0,46,0.0,40,6,
dabrafenib,tucatinib,0,42,0.0,40,2,
dabrafenib,umbralisib,0,45,0.0,40,5,
dabrafenib,valrubicin,0,51,0.0,40,11,
dabrafenib,vandetanib,0,46,0.0,40,6,
dabrafenib,zoledronate,0,60,0.0,40,20,
dacarbazine,dacomitinib,0,24,0.0,15,9,
dacarbazine,dasatinib,0,40,0.0,15,25,
dacarbazine,daunorubicin,0,27,0.0,15,12,
dacarbazine,decitabine,0,16,0.0,15,1,
dacarbazine,dexrazoxane,0,33,0.0,15,18,
dacarbazine,docetaxel,0,27,0.0,15,12,
dacarbazine,doxorubicin,0,16,0.0,15,1,
dacarbazine,duvelisib,0,21,0.0,15,6,
dacarbazine,encorafenib,0,30,0.0,15,15,
dacarbazine,epirubicin,0,19,0.0,15,4,
dacarbazine,erdafitinib,0,25,0.0,15,10,
dacarbazine,erlotinib,0,26,0.0,15,11,
dacarbazine,estramustine,0,22,0.0,15,7,
dacarbazine,etoposide,0,22,0.0,15,7,
dacarbazine,everolimus,0,26,0.0,15,11,
dacarbazine,fludarabine,0,19,0.0,15,4,
dacarbazine,fluorouracil,0,27,0.0,15,12,
dacarbazine,fruquintinib,0,46,0.0,15,31,
dacarbazine,fulvestrant,0,17,0.0,15,2,
dacarbazine,gemcitabine,0,19,0.0,15,4,
dacarbazine,gilteritinib,0,16,0.0,15,1,
dacarbazine,homoharringtonine,0,16,0.0,15,1,
dacarbazine,hydroxyurea,0,22,0.0,15,7,
dacarbazine,ibrutinib,0,28,0.0,15,13,
dacarbazine,idarubicin,0,26,0.0,15,11,
dacarbazine,idelalisib,0,24,0.0,15,9,
dacarbazine,ixazomib,0,20,0.0,15,5,
dacarbazine,lapatinib,0,16,0.0,15,1,
dacarbazine,lenvatinib,0,33,0.0,15,18,
dacarbazine,lorlatinib,0,17,0.0,15,2,
dacarbazine,melphalan,0,21,0.0,15,6,
dacarbazine,mitotane,0,16,0.0,15,1,
dacarbazine,mitoxantrone,0,21,0.0,15,6,
dacarbazine,neratinib,0,21,0.0,15,6,
dacarbazine,olaparib,0,16,0.0,15,1,
dacarbazine,osimertinib,0,17,0.0,15,2,
dacarbazine,oxaliplatin,0,46,0.0,15,31,
dacarbazine,palbociclib,0,41,0.0,15,26,
dacarbazine,panobinostat,0,16,0.0,15,1,
dacarbazine,pemetrexed,0,17,0.0,15,2,
dacarbazine,pralatrexate,0,17,0.0,15,2,
dacarbazine,romidepsin,0,16,0.0,15,1,
dacarbazine,selinexor,0,18,0.0,15,3,
dacarbazine,sirolimus,0,17,0.0,15,2,
dacarbazine,sonidegib,0,19,0.0,15,4,
dacarbazine,sunitinib,0,18,0.0,15,3,
dacarbazine,temsirolimus,0,16,0.0,15,1,
dacarbazine,teniposide,0,23,0.0,15,8,
dacarbazine,thiotepa,0,18,0.0,15,3,
dacarbazine,tivozanib,0,16,0.0,15,1,
dacarbazine,topotecan,0,17,0.0,15,2,
dacarbazine,trametinib,0,37,0.0,15,22,
dacarbazine,trifluridine,0,21,0.0,15,6,
dacarbazine,tucatinib,0,17,0.0,15,2,
dacarbazine,umbralisib,0,20,0.0,15,5,
dacarbazine,valrubicin,0,26,0.0,15,11,
dacarbazine,vandetanib,0,21,0.0,15,6,
dacarbazine,vemurafenib,0,37,0.0,15,22,
dacarbazine,venetoclax,0,20,0.0,15,5,
dacarbazine,vinorelbine,0,16,0.0,15,1,
dacarbazine,zoledronate,0,35,0.0,15,20,
dacomitinib,darolutamide,0,17,0.0,9,8,
dacomitinib,daunorubicin,0,21,0.0,9,12,
dacomitinib,decitabine,0,10,0.0,9,1,
dacomitinib,dexrazoxane,0,27,0.0,9,18,
dacomitinib,docetaxel,0,21,0.0,9,12,
dacomitinib,doxorubicin,0,10,0.0,9,1,
dacomitinib,encorafenib,0,24,0.0,9,15,
dacomitinib,epirubicin,0,13,0.0,9,4,
dacomitinib,erdafitinib,0,19,0.0,9,10,
dacomitinib,estramustine,0,16,0.0,9,7,
dacomitinib,etoposide,0,16,0.0,9,7,
dacomitinib,everolimus,0,20,0.0,9,11,
dacomitinib,fludarabine,0,13,0.0,9,4,
dacomitinib,fluorouracil,0,21,0.0,9,12,
dacomitinib,fruquintinib,0,40,0.0,9,31,
dacomitinib,fulvestrant,0,11,0.0,9,2,
dacomitinib,gemcitabine,0,13,0.0,9,4,
dacomitinib,gilteritinib,0,10,0.0,9,1,
dacomitinib,homoharringtonine,0,10,0.0,9,1,
dacomitinib,hydroxyurea,0,16,0.0,9,7,
dacomitinib,idarubicin,0,20,0.0,9,11,
dacomitinib,idelalisib,0,18,0.0,9,9,
dacomitinib,imatinib,0,14,0.0,9,5,
dacomitinib,irinotecan,0,20,0.0,9,11,
dacomitinib,ixabepilone,0,20,0.0,9,11,
dacomitinib,ixazomib,0,14,0.0,9,5,
dacomitinib,lapatinib,0,10,0.0,9,1,
dacomitinib,lenvatinib,0,27,0.0,9,18,
dacomitinib,lomustine,0,36,0.0,9,27,
dacomitinib,lorlatinib,0,11,0.0,9,2,
dacomitinib,melphalan,0,15,0.0,9,6,
dacomitinib,mercaptopurine,0,36,0.0,9,27,
dacomitinib,methotrexate,0,36,0.0,9,27,
dacomitinib,mitomycin,0,21,0.0,9,12,
dacomitinib,mitotane,0,10,0.0,9,1,
dacomitinib,mitoxantrone,0,15,0.0,9,6,
dacomitinib,nilotinib,0,23,0.0,9,14,
dacomitinib,olaparib,0,10,0.0,9,1,
dacomitinib,oxaliplatin,0,40,0.0,9,31,
dacomitinib,paclitaxel,0,19,0.0,9,10,
dacomitinib,palbociclib,0,35,0.0,9,26,
dacomitinib,panobinostat,0,10,0.0,9,1,
dacomitinib,pemetrexed,0,11,0.0,9,2,
dacomitinib,pralatrexate,0,11,0.0,9,2,
dacomitinib,raloxifene,0,23,0.0,9,14,
dacomitinib,ribociclib,0,17,0.0,9,8,
dacomitinib,romidepsin,0,10,0.0,9,1,
dacomitinib,selinexor,0,12,0.0,9,3,
dacomitinib,selumetinib,0,36,0.0,9,27,
dacomitinib,sirolimus,0,11,0.0,9,2,
dacomitinib,sunitinib,0,12,0.0,9,3,
dacomitinib,tamoxifen,0,27,0.0,9,18,
dacomitinib,temsirolimus,0,10,0.0,9,1,
dacomitinib,teniposide,0,17,0.0,9,8,
dacomitinib,thiotepa,0,12,0.0,9,3,
dacomitinib,tioguanine,0,25,0.0,9,16,
dacomitinib,tivozanib,0,10,0.0,9,1,
dacomitinib,topotecan,0,11,0.0,9,2,
dacomitinib,trametinib,0,31,0.0,9,22,
dacomitinib,trifluridine,0,15,0.0,9,6,
dacomitinib,umbralisib,0,14,0.0,9,5,
dacomitinib,valrubicin,0,20,0.0,9,11,
dacomitinib,vemurafenib,0,31,0.0,9,22,
dacomitinib,venetoclax,0,14,0.0,9,5,
dacomitinib,vinblastine,0,18,0.0,9,9,
dacomitinib,vinorelbine,0,10,0.0,9,1,
dacomitinib,vorinostat,0,27,0.0,9,18,
dacomitinib,zoledronate,0,29,0.0,9,20,
darolutamide,dasatinib,0,33,0.0,8,25,
darolutamide,daunorubicin,0,20,0.0,8,12,
darolutamide,decitabine,0,9,0.0,8,1,
darolutamide,docetaxel,0,20,0.0,8,12,
darolutamide,doxorubicin,0,9,0.0,8,1,
darolutamide,duvelisib,0,14,0.0,8,6,
darolutamide,encorafenib,0,23,0.0,8,15,
darolutamide,epirubicin,0,12,0.0,8,4,
darolutamide,erdafitinib,0,18,0.0,8,10,
darolutamide,erlotinib,0,19,0.0,8,11,
darolutamide,estramustine,0,15,0.0,8,7,
darolutamide,etoposide,0,15,0.0,8,7,
darolutamide,everolimus,0,19,0.0,8,11,
darolutamide,fludarabine,0,12,0.0,8,4,
darolutamide,fluorouracil,0,20,0.0,8,12,
darolutamide,fruquintinib,0,39,0.0,8,31,
darolutamide,fulvestrant,0,10,0.0,8,2,
darolutamide,gemcitabine,0,12,0.0,8,4,
darolutamide,gilteritinib,0,9,0.0,8,1,
darolutamide,homoharringtonine,0,9,0.0,8,1,
darolutamide,hydroxyurea,0,15,0.0,8,7,
darolutamide,ibrutinib,0,21,0.0,8,13,
darolutamide,idarubicin,0,19,0.0,8,11,
darolutamide,idelalisib,0,17,0.0,8,9,
darolutamide,imatinib,0,13,0.0,8,5,
darolutamide,irinotecan,0,19,0.0,8,11,
darolutamide,ixabepilone,0,19,0.0,8,11,
darolutamide,ixazomib,0,13,0.0,8,5,
darolutamide,lapatinib,0,9,0.0,8,1,
darolutamide,lenvatinib,0,26,0.0,8,18,
darolutamide,lorlatinib,0,10,0.0,8,2,
darolutamide,melphalan,0,14,0.0,8,6,
darolutamide,methotrexate,0,35,0.0,8,27,
darolutamide,mitomycin,0,20,0.0,8,12,
darolutamide,mitotane,0,9,0.0,8,1,
darolutamide,mitoxantrone,0,14,0.0,8,6,
darolutamide,neratinib,0,14,0.0,8,6,
darolutamide,olaparib,0,9,0.0,8,1,
darolutamide,osimertinib,0,10,0.0,8,2,
darolutamide,paclitaxel,0,18,0.0,8,10,
darolutamide,panobinostat,0,9,0.0,8,1,
darolutamide,pemetrexed,0,10,0.0,8,2,
darolutamide,pralatrexate,0,10,0.0,8,2,
darolutamide,romidepsin,0,9,0.0,8,1,
darolutamide,selinexor,0,11,0.0,8,3,
darolutamide,selumetinib,0,35,0.0,8,27,
darolutamide,sirolimus,0,10,0.0,8,2,
darolutamide,sonidegib,0,12,0.0,8,4,
darolutamide,sunitinib,0,11,0.0,8,3,
darolutamide,temsirolimus,0,9,0.0,8,1,
darolutamide,teniposide,0,16,0.0,8,8,
darolutamide,thiotepa,0,11,0.0,8,3,
darolutamide,tivozanib,0,9,0.0,8,1,
darolutamide,topotecan,0,10,0.0,8,2,
darolutamide,trametinib,0,30,0.0,8,22,
darolutamide,trifluridine,0,14,0.0,8,6,
darolutamide,tucatinib,0,10,0.0,8,2,
darolutamide,umbralisib,0,13,0.0,8,5,
darolutamide,valrubicin,0,19,0.0,8,11,
darolutamide,vandetanib,0,14,0.0,8,6,
darolutamide,vemurafenib,0,30,0.0,8,22,
darolutamide,vinblastine,0,17,0.0,8,9,
darolutamide,vinorelbine,0,9,0.0,8,1,
darolutamide,zoledronate,0,28,0.0,8,20,
dasatinib,daunorubicin,0,37,0.0,25,12,
dasatinib,decitabine,0,26,0.0,25,1,
dasatinib,dexrazoxane,0,43,0.0,25,18,
dasatinib,docetaxel,0,37,0.0,25,12,
dasatinib,doxorubicin,0,26,0.0,25,1,
dasatinib,duvelisib,0,31,0.0,25,6,
dasatinib,encorafenib,0,40,0.0,25,15,
dasatinib,epirubicin,0,29,0.0,25,4,
dasatinib,estramustine,0,32,0.0,25,7,
dasatinib,etoposide,0,32,0.0,25,7,
dasatinib,fludarabine,0,29,0.0,25,4,
dasatinib,fluorouracil,0,37,0.0,25,12,
dasatinib,fulvestrant,0,27,0.0,25,2,
dasatinib,gemcitabine,0,29,0.0,25,4,
dasatinib,gilteritinib,0,26,0.0,25,1,
dasatinib,homoharringtonine,0,26,0.0,25,1,
dasatinib,hydroxyurea,0,32,0.0,25,7,
dasatinib,idarubicin,0,36,0.0,25,11,
dasatinib,idelalisib,0,34,0.0,25,9,
dasatinib,imatinib,0,30,0.0,25,5,
dasatinib,irinotecan,0,36,0.0,25,11,
dasatinib,ixabepilone,0,36,0.0,25,11,
dasatinib,ixazomib,0,30,0.0,25,5,
dasatinib,lapatinib,0,26,0.0,25,1,
dasatinib,lomustine,0,52,0.0,25,27,
dasatinib,melphalan,0,31,0.0,25,6,
dasatinib,mercaptopurine,0,52,0.0,25,27,
dasatinib,methotrexate,0,52,0.0,25,27,
dasatinib,mitomycin,0,37,0.0,25,12,
dasatinib,mitoxantrone,0,31,0.0,25,6,
dasatinib,nilotinib,0,39,0.0,25,14,
dasatinib,olaparib,0,26,0.0,25,1,
dasatinib,osimertinib,0,27,0.0,25,2,
dasatinib,oxaliplatin,0,56,0.0,25,31,
dasatinib,paclitaxel,0,35,0.0,25,10,
dasatinib,palbociclib,0,51,0.0,25,26,
dasatinib,panobinostat,0,26,0.0,25,1,
dasatinib,pemetrexed,0,27,0.0,25,2,
dasatinib,pralatrexate,0,27,0.0,25,2,
dasatinib,raloxifene,0,39,0.0,25,14,
dasatinib,ribociclib,0,33,0.0,25,8,
dasatinib,romidepsin,0,26,0.0,25,1,
dasatinib,selinexor,0,28,0.0,25,3,
dasatinib,selumetinib,0,52,0.0,25,27,
dasatinib,sirolimus,0,27,0.0,25,2,
dasatinib,sonidegib,0,29,0.0,25,4,
dasatinib,sunitinib,0,28,0.0,25,3,
dasatinib,tamoxifen,0,43,0.0,25,18,
dasatinib,temsirolimus,0,26,0.0,25,1,
dasatinib,teniposide,0,33,0.0,25,8,
dasatinib,thiotepa,0,28,0.0,25,3,
dasatinib,tioguanine,0,41,0.0,25,16,
dasatinib,tivozanib,0,26,0.0,25,1,
dasatinib,topotecan,0,27,0.0,25,2,
dasatinib,trametinib,0,47,0.0,25,22,
dasatinib,trifluridine,0,31,0.0,25,6,
dasatinib,tucatinib,0,27,0.0,25,2,
dasatinib,umbralisib,0,30,0.0,25,5,
dasatinib,valrubicin,0,36,0.0,25,11,
dasatinib,vemurafenib,0,47,0.0,25,22,
dasatinib,venetoclax,0,30,0.0,25,5,
dasatinib,vinblastine,0,34,0.0,25,9,
dasatinib,vinorelbine,0,26,0.0,25,1,
dasatinib,vorinostat,0,43,0.0,25,18,
daunorubicin,duvelisib,0,18,0.0,12,6,
daunorubicin,encorafenib,0,27,0.0,12,15,
daunorubicin,epirubicin,0,16,0.0,12,4,
daunorubicin,erdafitinib,0,22,0.0,12,10,
daunorubicin,erlotinib,0,23,0.0,12,11,
daunorubicin,estramustine,0,19,0.0,12,7,
daunorubicin,everolimus,0,23,0.0,12,11,
daunorubicin,fludarabine,0,16,0.0,12,4,
daunorubicin,fruquintinib,0,43,0.0,12,31,
daunorubicin,fulvestrant,0,14,0.0,12,2,
daunorubicin,gilteritinib,0,13,0.0,12,1,
daunorubicin,homoharringtonine,0,13,0.0,12,1,
daunorubicin,ibrutinib,0,25,0.0,12,13,
daunorubicin,idelalisib,0,21,0.0,12,9,
daunorubicin,imatinib,0,17,0.0,12,5,
daunorubicin,ixabepilone,0,23,0.0,12,11,
daunorubicin,ixazomib,0,17,0.0,12,5,
daunorubicin,lapatinib,0,13,0.0,12,1,
daunorubicin,lenvatinib,0,30,0.0,12,18,
daunorubicin,lorlatinib,0,14,0.0,12,2,
daunorubicin,mitotane,0,13,0.0,12,1,
daunorubicin,neratinib,0,18,0.0,12,6,
daunorubicin,nilotinib,0,26,0.0,12,14,
daunorubicin,olaparib,0,13,0.0,12,1,
daunorubicin,osimertinib,0,14,0.0,12,2,
daunorubicin,panobinostat,0,13,0.0,12,1,
daunorubicin,raloxifene,0,26,0.0,12,14,
daunorubicin,ribociclib,0,20,0.0,12,8,
daunorubicin,romidepsin,0,13,0.0,12,1,
daunorubicin,selinexor,0,15,0.0,12,3,
daunorubicin,selumetinib,0,39,0.0,12,27,
daunorubicin,sirolimus,0,14,0.0,12,2,
daunorubicin,sonidegib,0,16,0.0,12,4,
daunorubicin,sunitinib,0,15,0.0,12,3,
daunorubicin,tamoxifen,0,30,0.0,12,18,
daunorubicin,temsirolimus,0,13,0.0,12,1,
daunorubicin,tivozanib,0,13,0.0,12,1,
daunorubicin,trametinib,0,34,0.0,12,22,
daunorubicin,tucatinib,0,14,0.0,12,2,
daunorubicin,umbralisib,0,17,0.0,12,5,
daunorubicin,vandetanib,0,18,0.0,12,6,
daunorubicin,vemurafenib,0,34,0.0,12,22,
daunorubicin,venetoclax,0,17,0.0,12,5,
daunorubicin,vinorelbine,0,13,0.0,12,1,
daunorubicin,vorinostat,0,30,0.0,12,18,
daunorubicin,zoledronate,0,32,0.0,12,20,
decitabine,dexrazoxane,0,19,0.0,1,18,
decitabine,docetaxel,0,13,0.0,1,12,
decitabine,doxorubicin,0,2,0.0,1,1,
decitabine,duvelisib,0,7,0.0,1,6,
decitabine,encorafenib,0,16,0.0,1,15,
decitabine,epirubicin,0,5,0.0,1,4,
decitabine,erdafitinib,0,11,0.0,1,10,
decitabine,erlotinib,0,12,0.0,1,11,
decitabine,estramustine,0,8,0.0,1,7,
decitabine,etoposide,0,8,0.0,1,7,
decitabine,everolimus,0,12,0.0,1,11,
decitabine,fludarabine,0,5,0.0,1,4,
decitabine,fluorouracil,0,13,0.0,1,12,
decitabine,fruquintinib,0,32,0.0,1,31,
decitabine,fulvestrant,0,3,0.0,1,2,
decitabine,gemcitabine,0,5,0.0,1,4,
decitabine,gilteritinib,0,2,0.0,1,1,
decitabine,homoharringtonine,0,2,0.0,1,1,
decitabine,hydroxyurea,0,8,0.0,1,7,
decitabine,ibrutinib,0,14,0.0,1,13,
decitabine,idarubicin,0,12,0.0,1,11,
decitabine,idelalisib,0,10,0.0,1,9,
decitabine,imatinib,0,6,0.0,1,5,
decitabine,irinotecan,0,12,0.0,1,11,
decitabine,ixabepilone,0,12,0.0,1,11,
decitabine,ixazomib,0,6,0.0,1,5,
decitabine,lapatinib,0,2,0.0,1,1,
decitabine,lenvatinib,0,19,0.0,1,18,
decitabine,lomustine,0,28,0.0,1,27,
decitabine,lorlatinib,0,3,0.0,1,2,
decitabine,mercaptopurine,0,28,0.0,1,27,
decitabine,mitotane,0,2,0.0,1,1,
decitabine,mitoxantrone,0,7,0.0,1,6,
decitabine,neratinib,0,7,0.0,1,6,
decitabine,nilotinib,0,15,0.0,1,14,
decitabine,olaparib,0,2,0.0,1,1,
decitabine,osimertinib,0,3,0.0,1,2,
decitabine,oxaliplatin,0,32,0.0,1,31,
decitabine,paclitaxel,0,11,0.0,1,10,
decitabine,palbociclib,0,27,0.0,1,26,
decitabine,panobinostat,0,2,0.0,1,1,
decitabine,pemetrexed,0,3,0.0,1,2,
decitabine,pralatrexate,0,3,0.0,1,2,
decitabine,raloxifene,0,15,0.0,1,14,
decitabine,ribociclib,0,9,0.0,1,8,
decitabine,romidepsin,0,2,0.0,1,1,
decitabine,selinexor,0,4,0.0,1,3,
decitabine,selumetinib,0,28,0.0,1,27,
decitabine,sirolimus,0,3,0.0,1,2,
decitabine,sonidegib,0,5,0.0,1,4,
decitabine,sunitinib,0,4,0.0,1,3,
decitabine,tamoxifen,0,19,0.0,1,18,
decitabine,temsirolimus,0,2,0.0,1,1,
decitabine,thiotepa,0,4,0.0,1,3,
decitabine,tioguanine,0,17,0.0,1,16,
decitabine,tivozanib,0,2,0.0,1,1,
decitabine,topotecan,0,3,0.0,1,2,
decitabine,trametinib,0,23,0.0,1,22,
decitabine,trifluridine,0,7,0.0,1,6,
decitabine,tucatinib,0,3,0.0,1,2,
decitabine,umbralisib,0,6,0.0,1,5,
decitabine,vandetanib,0,7,0.0,1,6,
decitabine,vemurafenib,0,23,0.0,1,22,
decitabine,venetoclax,0,6,0.0,1,5,
decitabine,vinblastine,0,10,0.0,1,9,
decitabine,vinorelbine,0,2,0.0,1,1,
decitabine,vorinostat,0,19,0.0,1,18,
decitabine,zoledronate,0,21,0.0,1,20,
dexrazoxane,docetaxel,0,30,0.0,18,12,
dexrazoxane,doxorubicin,0,19,0.0,18,1,
dexrazoxane,duvelisib,0,24,0.0,18,6,
dexrazoxane,encorafenib,0,33,0.0,18,15,
dexrazoxane,epirubicin,0,22,0.0,18,4,
dexrazoxane,erdafitinib,0,28,0.0,18,10,
dexrazoxane,erlotinib,0,29,0.0,18,11,
dexrazoxane,estramustine,0,25,0.0,18,7,
dexrazoxane,everolimus,0,29,0.0,18,11,
dexrazoxane,fludarabine,0,22,0.0,18,4,
dexrazoxane,fruquintinib,0,49,0.0,18,31,
dexrazoxane,fulvestrant,0,20,0.0,18,2,
dexrazoxane,gemcitabine,0,22,0.0,18,4,
dexrazoxane,gilteritinib,0,19,0.0,18,1,
dexrazoxane,homoharringtonine,0,19,0.0,18,1,
dexrazoxane,hydroxyurea,0,25,0.0,18,7,
dexrazoxane,ibrutinib,0,31,0.0,18,13,
dexrazoxane,idelalisib,0,27,0.0,18,9,
dexrazoxane,imatinib,0,23,0.0,18,5,
dexrazoxane,ixabepilone,0,29,0.0,18,11,
dexrazoxane,ixazomib,0,23,0.0,18,5,
dexrazoxane,lapatinib,0,19,0.0,18,1,
dexrazoxane,lenvatinib,0,36,0.0,18,18,
dexrazoxane,lorlatinib,0,20,0.0,18,2,
dexrazoxane,mitotane,0,19,0.0,18,1,
dexrazoxane,neratinib,0,24,0.0,18,6,
dexrazoxane,olaparib,0,19,0.0,18,1,
dexrazoxane,osimertinib,0,20,0.0,18,2,
dexrazoxane,paclitaxel,0,28,0.0,18,10,
dexrazoxane,panobinostat,0,19,0.0,18,1,
dexrazoxane,pemetrexed,0,20,0.0,18,2,
dexrazoxane,pralatrexate,0,20,0.0,18,2,
dexrazoxane,romidepsin,0,19,0.0,18,1,
dexrazoxane,selinexor,0,21,0.0,18,3,
dexrazoxane,selumetinib,0,45,0.0,18,27,
dexrazoxane,sirolimus,0,20,0.0,18,2,
dexrazoxane,sonidegib,0,22,0.0,18,4,
dexrazoxane,sunitinib,0,21,0.0,18,3,
dexrazoxane,tamoxifen,0,36,0.0,18,18,
dexrazoxane,temsirolimus,0,19,0.0,18,1,
dexrazoxane,tioguanine,0,34,0.0,18,16,
dexrazoxane,tivozanib,0,19,0.0,18,1,
dexrazoxane,trametinib,0,40,0.0,18,22,
dexrazoxane,tucatinib,0,20,0.0,18,2,
dexrazoxane,vandetanib,0,24,0.0,18,6,
dexrazoxane,vemurafenib,0,40,0.0,18,22,
dexrazoxane,venetoclax,0,23,0.0,18,5,
dexrazoxane,vinblastine,0,27,0.0,18,9,
dexrazoxane,vinorelbine,0,19,0.0,18,1,
dexrazoxane,vorinostat,0,36,0.0,18,18,
dexrazoxane,zoledronate,0,38,0.0,18,20,
docetaxel,doxorubicin,0,13,0.0,12,1,
docetaxel,duvelisib,0,18,0.0,12,6,
docetaxel,encorafenib,0,27,0.0,12,15,
docetaxel,epirubicin,0,16,0.0,12,4,
docetaxel,erdafitinib,0,22,0.0,12,10,
docetaxel,erlotinib,0,23,0.0,12,11,
docetaxel,estramustine,0,19,0.0,12,7,
docetaxel,etoposide,0,19,0.0,12,7,
docetaxel,everolimus,0,23,0.0,12,11,
docetaxel,fludarabine,0,16,0.0,12,4,
docetaxel,fruquintinib,0,43,0.0,12,31,
docetaxel,fulvestrant,0,14,0.0,12,2,
docetaxel,gilteritinib,0,13,0.0,12,1,
docetaxel,homoharringtonine,0,13,0.0,12,1,
docetaxel,ibrutinib,0,25,0.0,12,13,
docetaxel,idarubicin,0,23,0.0,12,11,
docetaxel,idelalisib,0,21,0.0,12,9,
docetaxel,imatinib,0,17,0.0,12,5,
docetaxel,ixazomib,0,17,0.0,12,5,
docetaxel,lapatinib,0,13,0.0,12,1,
docetaxel,lenvatinib,0,30,0.0,12,18,
docetaxel,lorlatinib,0,14,0.0,12,2,
docetaxel,melphalan,0,18,0.0,12,6,
docetaxel,mitomycin,0,24,0.0,12,12,
docetaxel,mitotane,0,13,0.0,12,1,
docetaxel,mitoxantrone,0,18,0.0,12,6,
docetaxel,neratinib,0,18,0.0,12,6,
docetaxel,nilotinib,0,26,0.0,12,14,
docetaxel,olaparib,0,13,0.0,12,1,
docetaxel,osimertinib,0,14,0.0,12,2,
docetaxel,palbociclib,0,38,0.0,12,26,
docetaxel,panobinostat,0,13,0.0,12,1,
docetaxel,ribociclib,0,20,0.0,12,8,
docetaxel,romidepsin,0,13,0.0,12,1,
docetaxel,selinexor,0,15,0.0,12,3,
docetaxel,selumetinib,0,39,0.0,12,27,
docetaxel,sirolimus,0,14,0.0,12,2,
docetaxel,sonidegib,0,16,0.0,12,4,
docetaxel,sunitinib,0,15,0.0,12,3,
docetaxel,temsirolimus,0,13,0.0,12,1,
docetaxel,teniposide,0,20,0.0,12,8,
docetaxel,thiotepa,0,15,0.0,12,3,
docetaxel,tivozanib,0,13,0.0,12,1,
docetaxel,topotecan,0,14,0.0,12,2,
docetaxel,trametinib,0,34,0.0,12,22,
docetaxel,tucatinib,0,14,0.0,12,2,
docetaxel,umbralisib,0,17,0.0,12,5,
docetaxel,valrubicin,0,23,0.0,12,11,
docetaxel,vandetanib,0,18,0.0,12,6,
docetaxel,vemurafenib,0,34,0.0,12,22,
docetaxel,venetoclax,0,17,0.0,12,5,
docetaxel,vinorelbine,0,13,0.0,12,1,
docetaxel,vorinostat,0,30,0.0,12,18,
docetaxel,zoledronate,0,32,0.0,12,20,
doxorubicin,duvelisib,0,7,0.0,1,6,
doxorubicin,encorafenib,0,16,0.0,1,15,
doxorubicin,epirubicin,0,5,0.0,1,4,
doxorubicin,erdafitinib,0,11,0.0,1,10,
doxorubicin,erlotinib,0,12,0.0,1,11,
doxorubicin,estramustine,0,8,0.0,1,7,
doxorubicin,everolimus,0,12,0.0,1,11,
doxorubicin,fludarabine,0,5,0.0,1,4,
doxorubicin,fluorouracil,0,13,0.0,1,12,
doxorubicin,fruquintinib,0,32,0.0,1,31,
doxorubicin,fulvestrant,0,3,0.0,1,2,
doxorubicin,gemcitabine,0,5,0.0,1,4,
doxorubicin,gilteritinib,0,2,0.0,1,1,
doxorubicin,homoharringtonine,0,2,0.0,1,1,
doxorubicin,hydroxyurea,0,8,0.0,1,7,
doxorubicin,ibrutinib,0,14,0.0,1,13,
doxorubicin,idelalisib,0,10,0.0,1,9,
doxorubicin,imatinib,0,6,0.0,1,5,
doxorubicin,irinotecan,0,12,0.0,1,11,
doxorubicin,ixabepilone,0,12,0.0,1,11,
doxorubicin,ixazomib,0,6,0.0,1,5,
doxorubicin,lapatinib,0,2,0.0,1,1,
doxorubicin,lenvatinib,0,19,0.0,1,18,
doxorubicin,lomustine,0,28,0.0,1,27,
doxorubicin,lorlatinib,0,3,0.0,1,2,
doxorubicin,melphalan,0,7,0.0,1,6,
doxorubicin,mercaptopurine,0,28,0.0,1,27,
doxorubicin,methotrexate,0,28,0.0,1,27,
doxorubicin,mitotane,0,2,0.0,1,1,
doxorubicin,mitoxantrone,0,7,0.0,1,6,
doxorubicin,neratinib,0,7,0.0,1,6,
doxorubicin,nilotinib,0,15,0.0,1,14,
doxorubicin,olaparib,0,2,0.0,1,1,
doxorubicin,osimertinib,0,3,0.0,1,2,
doxorubicin,oxaliplatin,0,32,0.0,1,31,
doxorubicin,paclitaxel,0,11,0.0,1,10,
doxorubicin,palbociclib,0,27,0.0,1,26,
doxorubicin,panobinostat,0,2,0.0,1,1,
doxorubicin,pemetrexed,0,3,0.0,1,2,
doxorubicin,pralatrexate,0,3,0.0,1,2,
doxorubicin,raloxifene,0,15,0.0,1,14,
doxorubicin,ribociclib,0,9,0.0,1,8,
doxorubicin,romidepsin,0,2,0.0,1,1,
doxorubicin,selinexor,0,4,0.0,1,3,
doxorubicin,selumetinib,0,28,0.0,1,27,
doxorubicin,sirolimus,0,3,0.0,1,2,
doxorubicin,sonidegib,0,5,0.0,1,4,
doxorubicin,sunitinib,0,4,0.0,1,3,
doxorubicin,tamoxifen,0,19,0.0,1,18,
doxorubicin,temsirolimus,0,2,0.0,1,1,
doxorubicin,teniposide,0,9,0.0,1,8,
doxorubicin,thiotepa,0,4,0.0,1,3,
doxorubicin,tioguanine,0,17,0.0,1,16,
doxorubicin,tivozanib,0,2,0.0,1,1,
doxorubicin,topotecan,0,3,0.0,1,2,
doxorubicin,trametinib,0,23,0.0,1,22,
doxorubicin,trifluridine,0,7,0.0,1,6,
doxorubicin,tucatinib,0,3,0.0,1,2,
doxorubicin,umbralisib,0,6,0.0,1,5,
doxorubicin,valrubicin,0,12,0.0,1,11,
doxorubicin,vandetanib,0,7,0.0,1,6,
doxorubicin,vemurafenib,0,23,0.0,1,22,
doxorubicin,venetoclax,0,6,0.0,1,5,
doxorubicin,vinblastine,0,10,0.0,1,9,
doxorubicin,vinorelbine,0,2,0.0,1,1,
doxorubicin,vorinostat,0,19,0.0,1,18,
doxorubicin,zoledronate,0,21,0.0,1,20,
duvelisib,encorafenib,0,21,0.0,6,15,
duvelisib,epirubicin,0,10,0.0,6,4,
duvelisib,erdafitinib,0,16,0.0,6,10,
duvelisib,erlotinib,0,17,0.0,6,11,
duvelisib,estramustine,0,13,0.0,6,7,
duvelisib,etoposide,0,13,0.0,6,7,
duvelisib,fludarabine,0,10,0.0,6,4,
duvelisib,fluorouracil,0,18,0.0,6,12,
duvelisib,fruquintinib,0,37,0.0,6,31,
duvelisib,fulvestrant,0,8,0.0,6,2,
duvelisib,gemcitabine,0,10,0.0,6,4,
duvelisib,gilteritinib,0,7,0.0,6,1,
duvelisib,homoharringtonine,0,7,0.0,6,1,
duvelisib,hydroxyurea,0,13,0.0,6,7,
duvelisib,idarubicin,0,17,0.0,6,11,
duvelisib,imatinib,0,11,0.0,6,5,
duvelisib,irinotecan,0,17,0.0,6,11,
duvelisib,ixabepilone,0,17,0.0,6,11,
duvelisib,ixazomib,0,11,0.0,6,5,
duvelisib,lapatinib,0,7,0.0,6,1,
duvelisib,lenvatinib,0,24,0.0,6,18,
duvelisib,lomustine,0,33,0.0,6,27,
duvelisib,lorlatinib,0,8,0.0,6,2,
duvelisib,melphalan,0,12,0.0,6,6,
duvelisib,mercaptopurine,0,33,0.0,6,27,
duvelisib,methotrexate,0,33,0.0,6,27,
duvelisib,mitomycin,0,18,0.0,6,12,
duvelisib,mitotane,0,7,0.0,6,1,
duvelisib,mitoxantrone,0,12,0.0,6,6,
duvelisib,neratinib,0,12,0.0,6,6,
duvelisib,nilotinib,0,20,0.0,6,14,
duvelisib,olaparib,0,7,0.0,6,1,
duvelisib,osimertinib,0,8,0.0,6,2,
duvelisib,oxaliplatin,0,37,0.0,6,31,
duvelisib,paclitaxel,0,16,0.0,6,10,
duvelisib,palbociclib,0,32,0.0,6,26,
duvelisib,panobinostat,0,7,0.0,6,1,
duvelisib,pemetrexed,0,8,0.0,6,2,
duvelisib,pralatrexate,0,8,0.0,6,2,
duvelisib,raloxifene,0,20,0.0,6,14,
duvelisib,ribociclib,0,14,0.0,6,8,
duvelisib,romidepsin,0,7,0.0,6,1,
duvelisib,selinexor,0,9,0.0,6,3,
duvelisib,selumetinib,0,33,0.0,6,27,
duvelisib,sirolimus,0,8,0.0,6,2,
duvelisib,sonidegib,0,10,0.0,6,4,
duvelisib,sunitinib,0,9,0.0,6,3,
duvelisib,tamoxifen,0,24,0.0,6,18,
duvelisib,temsirolimus,0,7,0.0,6,1,
duvelisib,teniposide,0,14,0.0,6,8,
duvelisib,thiotepa,0,9,0.0,6,3,
duvelisib,tioguanine,0,22,0.0,6,16,
duvelisib,tivozanib,0,7,0.0,6,1,
duvelisib,topotecan,0,8,0.0,6,2,
duvelisib,trametinib,0,28,0.0,6,22,
duvelisib,trifluridine,0,12,0.0,6,6,
duvelisib,umbralisib,0,11,0.0,6,5,
duvelisib,valrubicin,0,17,0.0,6,11,
duvelisib,vemurafenib,0,28,0.0,6,22,
duvelisib,venetoclax,0,11,0.0,6,5,
duvelisib,vinblastine,0,15,0.0,6,9,
duvelisib,vinorelbine,0,7,0.0,6,1,
duvelisib,vorinostat,0,24,0.0,6,18,
encorafenib,epirubicin,0,19,0.0,15,4,
encorafenib,erdafitinib,0,25,0.0,15,10,
encorafenib,erlotinib,0,26,0.0,15,11,
encorafenib,etoposide,0,22,0.0,15,7,
encorafenib,everolimus,0,26,0.0,15,11,
encorafenib,fludarabine,0,19,0.0,15,4,
encorafenib,fluorouracil,0,27,0.0,15,12,
encorafenib,fruquintinib,0,46,0.0,15,31,
encorafenib,fulvestrant,0,17,0.0,15,2,
encorafenib,gemcitabine,0,19,0.0,15,4,
encorafenib,gilteritinib,0,16,0.0,15,1,
encorafenib,homoharringtonine,0,16,0.0,15,1,
encorafenib,hydroxyurea,0,22,0.0,15,7,
encorafenib,ibrutinib,0,28,0.0,15,13,
encorafenib,idarubicin,0,26,0.0,15,11,
encorafenib,idelalisib,0,24,0.0,15,9,
encorafenib,imatinib,0,20,0.0,15,5,
encorafenib,irinotecan,0,26,0.0,15,11,
encorafenib,ixabepilone,0,26,0.0,15,11,
encorafenib,lapatinib,0,16,0.0,15,1,
encorafenib,lenvatinib,0,33,0.0,15,18,
encorafenib,lomustine,0,42,0.0,15,27,
encorafenib,lorlatinib,0,17,0.0,15,2,
encorafenib,melphalan,0,21,0.0,15,6,
encorafenib,mercaptopurine,0,42,0.0,15,27,
encorafenib,methotrexate,0,42,0.0,15,27,
encorafenib,mitomycin,0,27,0.0,15,12,
encorafenib,mitotane,0,16,0.0,15,1,
encorafenib,mitoxantrone,0,21,0.0,15,6,
encorafenib,neratinib,0,21,0.0,15,6,
encorafenib,olaparib,0,16,0.0,15,1,
encorafenib,osimertinib,0,17,0.0,15,2,
encorafenib,oxaliplatin,0,46,0.0,15,31,
encorafenib,paclitaxel,0,25,0.0,15,10,
encorafenib,palbociclib,0,41,0.0,15,26,
encorafenib,panobinostat,0,16,0.0,15,1,
encorafenib,pemetrexed,0,17,0.0,15,2,
encorafenib,pralatrexate,0,17,0.0,15,2,
encorafenib,raloxifene,0,29,0.0,15,14,
encorafenib,ribociclib,0,23,0.0,15,8,
encorafenib,romidepsin,0,16,0.0,15,1,
encorafenib,selinexor,0,18,0.0,15,3,
encorafenib,sirolimus,0,17,0.0,15,2,
encorafenib,sonidegib,0,19,0.0,15,4,
encorafenib,tamoxifen,0,33,0.0,15,18,
encorafenib,temsirolimus,0,16,0.0,15,1,
encorafenib,teniposide,0,23,0.0,15,8,
encorafenib,thiotepa,0,18,0.0,15,3,
encorafenib,tioguanine,0,31,0.0,15,16,
encorafenib,tivozanib,0,16,0.0,15,1,
encorafenib,topotecan,0,17,0.0,15,2,
encorafenib,trifluridine,0,21,0.0,15,6,
encorafenib,tucatinib,0,17,0.0,15,2,
encorafenib,umbralisib,0,20,0.0,15,5,
encorafenib,valrubicin,0,26,0.0,15,11,
encorafenib,vandetanib,0,21,0.0,15,6,
encorafenib,vinblastine,0,24,0.0,15,9,
encorafenib,vinorelbine,0,16,0.0,15,1,
encorafenib,zoledronate,0,35,0.0,15,20,
epirubicin,erdafitinib,0,14,0.0,4,10,
epirubicin,erlotinib,0,15,0.0,4,11,
epirubicin,estramustine,0,11,0.0,4,7,
epirubicin,everolimus,0,15,0.0,4,11,
epirubicin,fludarabine,0,8,0.0,4,4,
epirubicin,fluorouracil,0,16,0.0,4,12,
epirubicin,fruquintinib,0,35,0.0,4,31,
epirubicin,fulvestrant,0,6,0.0,4,2,
epirubicin,gemcitabine,0,8,0.0,4,4,
epirubicin,gilteritinib,0,5,0.0,4,1,
epirubicin,homoharringtonine,0,5,0.0,4,1,
epirubicin,hydroxyurea,0,11,0.0,4,7,
epirubicin,ibrutinib,0,17,0.0,4,13,
epirubicin,idarubicin,0,15,0.0,4,11,
epirubicin,idelalisib,0,13,0.0,4,9,
epirubicin,imatinib,0,9,0.0,4,5,
epirubicin,irinotecan,0,15,0.0,4,11,
epirubicin,ixabepilone,0,15,0.0,4,11,
epirubicin,ixazomib,0,9,0.0,4,5,
epirubicin,lapatinib,0,5,0.0,4,1,
epirubicin,lenvatinib,0,22,0.0,4,18,
epirubicin,lomustine,0,31,0.0,4,27,
epirubicin,lorlatinib,0,6,0.0,4,2,
epirubicin,melphalan,0,10,0.0,4,6,
epirubicin,mercaptopurine,0,31,0.0,4,27,
epirubicin,methotrexate,0,31,0.0,4,27,
epirubicin,mitotane,0,5,0.0,4,1,
epirubicin,neratinib,0,10,0.0,4,6,
epirubicin,nilotinib,0,18,0.0,4,14,
epirubicin,olaparib,0,5,0.0,4,1,
epirubicin,osimertinib,0,6,0.0,4,2,
epirubicin,oxaliplatin,0,35,0.0,4,31,
epirubicin,paclitaxel,0,14,0.0,4,10,
epirubicin,palbociclib,0,30,0.0,4,26,
epirubicin,panobinostat,0,5,0.0,4,1,
epirubicin,pemetrexed,0,6,0.0,4,2,
epirubicin,pralatrexate,0,6,0.0,4,2,
epirubicin,raloxifene,0,18,0.0,4,14,
epirubicin,ribociclib,0,12,0.0,4,8,
epirubicin,romidepsin,0,5,0.0,4,1,
epirubicin,selinexor,0,7,0.0,4,3,
epirubicin,selumetinib,0,31,0.0,4,27,
epirubicin,sirolimus,0,6,0.0,4,2,
epirubicin,sonidegib,0,8,0.0,4,4,
epirubicin,sunitinib,0,7,0.0,4,3,
epirubicin,tamoxifen,0,22,0.0,4,18,
epirubicin,temsirolimus,0,5,0.0,4,1,
epirubicin,thiotepa,0,7,0.0,4,3,
epirubicin,tioguanine,0,20,0.0,4,16,
epirubicin,tivozanib,0,5,0.0,4,1,
epirubicin,topotecan,0,6,0.0,4,2,
epirubicin,trametinib,0,26,0.0,4,22,
epirubicin,trifluridine,0,10,0.0,4,6,
epirubicin,tucatinib,0,6,0.0,4,2,
epirubicin,umbralisib,0,9,0.0,4,5,
epirubicin,vandetanib,0,10,0.0,4,6,
epirubicin,vemurafenib,0,26,0.0,4,22,
epirubicin,venetoclax,0,9,0.0,4,5,
epirubicin,vinblastine,0,13,0.0,4,9,
epirubicin,vinorelbine,0,5,0.0,4,1,
epirubicin,vorinostat,0,22,0.0,4,18,
epirubicin,zoledronate,0,24,0.0,4,20,
erdafitinib,estramustine,0,17,0.0,10,7,
erdafitinib,etoposide,0,17,0.0,10,7,
erdafitinib,fludarabine,0,14,0.0,10,4,
erdafitinib,fluorouracil,0,22,0.0,10,12,
erdafitinib,fulvestrant,0,12,0.0,10,2,
erdafitinib,gemcitabine,0,14,0.0,10,4,
erdafitinib,gilteritinib,0,11,0.0,10,1,
erdafitinib,homoharringtonine,0,11,0.0,10,1,
erdafitinib,hydroxyurea,0,17,0.0,10,7,
erdafitinib,idarubicin,0,21,0.0,10,11,
erdafitinib,imatinib,0,15,0.0,10,5,
erdafitinib,irinotecan,0,21,0.0,10,11,
erdafitinib,ixabepilone,0,21,0.0,10,11,
erdafitinib,ixazomib,0,15,0.0,10,5,
erdafitinib,lapatinib,0,11,0.0,10,1,
erdafitinib,lomustine,0,37,0.0,10,27,
erdafitinib,lorlatinib,0,12,0.0,10,2,
erdafitinib,melphalan,0,16,0.0,10,6,
erdafitinib,mercaptopurine,0,37,0.0,10,27,
erdafitinib,methotrexate,0,37,0.0,10,27,
erdafitinib,mitomycin,0,22,0.0,10,12,
erdafitinib,mitotane,0,11,0.0,10,1,
erdafitinib,mitoxantrone,0,16,0.0,10,6,
erdafitinib,neratinib,0,16,0.0,10,6,
erdafitinib,nilotinib,0,24,0.0,10,14,
erdafitinib,olaparib,0,11,0.0,10,1,
erdafitinib,osimertinib,0,12,0.0,10,2,
erdafitinib,oxaliplatin,0,41,0.0,10,31,
erdafitinib,paclitaxel,0,20,0.0,10,10,
erdafitinib,palbociclib,0,36,0.0,10,26,
erdafitinib,panobinostat,0,11,0.0,10,1,
erdafitinib,pemetrexed,0,12,0.0,10,2,
erdafitinib,pralatrexate,0,12,0.0,10,2,
erdafitinib,raloxifene,0,24,0.0,10,14,
erdafitinib,ribociclib,0,18,0.0,10,8,
erdafitinib,romidepsin,0,11,0.0,10,1,
erdafitinib,selinexor,0,13,0.0,10,3,
erdafitinib,selumetinib,0,37,0.0,10,27,
erdafitinib,sonidegib,0,14,0.0,10,4,
erdafitinib,sunitinib,0,13,0.0,10,3,
erdafitinib,tamoxifen,0,28,0.0,10,18,
erdafitinib,temsirolimus,0,11,0.0,10,1,
erdafitinib,teniposide,0,18,0.0,10,8,
erdafitinib,thiotepa,0,13,0.0,10,3,
erdafitinib,tioguanine,0,26,0.0,10,16,
erdafitinib,tivozanib,0,11,0.0,10,1,
erdafitinib,topotecan,0,12,0.0,10,2,
erdafitinib,trametinib,0,32,0.0,10,22,
erdafitinib,trifluridine,0,16,0.0,10,6,
erdafitinib,tucatinib,0,12,0.0,10,2,
erdafitinib,umbralisib,0,15,0.0,10,5,
erdafitinib,valrubicin,0,21,0.0,10,11,
erdafitinib,vandetanib,0,16,0.0,10,6,
erdafitinib,vemurafenib,0,32,0.0,10,22,
erdafitinib,venetoclax,0,15,0.0,10,5,
erdafitinib,vinblastine,0,19,0.0,10,9,
erdafitinib,vinorelbine,0,11,0.0,10,1,
erdafitinib,vorinostat,0,28,0.0,10,18,
erlotinib,estramustine,0,18,0.0,11,7,
erlotinib,etoposide,0,18,0.0,11,7,
erlotinib,fludarabine,0,15,0.0,11,4,
erlotinib,fluorouracil,0,23,0.0,11,12,
erlotinib,fulvestrant,0,13,0.0,11,2,
erlotinib,gemcitabine,0,15,0.0,11,4,
erlotinib,gilteritinib,0,12,0.0,11,1,
erlotinib,homoharringtonine,0,12,0.0,11,1,
erlotinib,hydroxyurea,0,18,0.0,11,7,
erlotinib,idarubicin,0,22,0.0,11,11,
erlotinib,imatinib,0,16,0.0,11,5,
erlotinib,irinotecan,0,22,0.0,11,11,
erlotinib,ixabepilone,0,22,0.0,11,11,
erlotinib,ixazomib,0,16,0.0,11,5,
erlotinib,lapatinib,0,12,0.0,11,1,
erlotinib,lomustine,0,38,0.0,11,27,
erlotinib,lorlatinib,0,13,0.0,11,2,
erlotinib,melphalan,0,17,0.0,11,6,
erlotinib,mercaptopurine,0,38,0.0,11,27,
erlotinib,methotrexate,0,38,0.0,11,27,
erlotinib,mitomycin,0,23,0.0,11,12,
erlotinib,mitotane,0,12,0.0,11,1,
erlotinib,mitoxantrone,0,17,0.0,11,6,
erlotinib,nilotinib,0,25,0.0,11,14,
erlotinib,olaparib,0,12,0.0,11,1,
erlotinib,oxaliplatin,0,42,0.0,11,31,
erlotinib,paclitaxel,0,21,0.0,11,10,
erlotinib,palbociclib,0,37,0.0,11,26,
erlotinib,panobinostat,0,12,0.0,11,1,
erlotinib,pemetrexed,0,13,0.0,11,2,
erlotinib,pralatrexate,0,13,0.0,11,2,
erlotinib,raloxifene,0,25,0.0,11,14,
erlotinib,ribociclib,0,19,0.0,11,8,
erlotinib,romidepsin,0,12,0.0,11,1,
erlotinib,selinexor,0,14,0.0,11,3,
erlotinib,selumetinib,0,38,0.0,11,27,
erlotinib,sirolimus,0,13,0.0,11,2,
erlotinib,sonidegib,0,15,0.0,11,4,
erlotinib,sunitinib,0,14,0.0,11,3,
erlotinib,tamoxifen,0,29,0.0,11,18,
erlotinib,temsirolimus,0,12,0.0,11,1,
erlotinib,teniposide,0,19,0.0,11,8,
erlotinib,thiotepa,0,14,0.0,11,3,
erlotinib,tioguanine,0,27,0.0,11,16,
erlotinib,tivozanib,0,12,0.0,11,1,
erlotinib,topotecan,0,13,0.0,11,2,
erlotinib,trametinib,0,33,0.0,11,22,
erlotinib,trifluridine,0,17,0.0,11,6,
erlotinib,tucatinib,0,13,0.0,11,2,
erlotinib,umbralisib,0,16,0.0,11,5,
erlotinib,valrubicin,0,22,0.0,11,11,
erlotinib,vemurafenib,0,33,0.0,11,22,
erlotinib,venetoclax,0,16,0.0,11,5,
erlotinib,vinblastine,0,20,0.0,11,9,
erlotinib,vinorelbine,0,12,0.0,11,1,
erlotinib,vorinostat,0,29,0.0,11,18,
estramustine,etoposide,0,14,0.0,7,7,
estramustine,everolimus,0,18,0.0,7,11,
estramustine,fludarabine,0,11,0.0,7,4,
estramustine,fluorouracil,0,19,0.0,7,12,
estramustine,fulvestrant,0,9,0.0,7,2,
estramustine,gemcitabine,0,11,0.0,7,4,
estramustine,gilteritinib,0,8,0.0,7,1,
estramustine,homoharringtonine,0,8,0.0,7,1,
estramustine,hydroxyurea,0,14,0.0,7,7,
estramustine,ibrutinib,0,20,0.0,7,13,
estramustine,idarubicin,0,18,0.0,7,11,
estramustine,idelalisib,0,16,0.0,7,9,
estramustine,imatinib,0,12,0.0,7,5,
estramustine,irinotecan,0,18,0.0,7,11,
estramustine,ixabepilone,0,18,0.0,7,11,
estramustine,ixazomib,0,12,0.0,7,5,
estramustine,lapatinib,0,8,0.0,7,1,
estramustine,lenvatinib,0,25,0.0,7,18,
estramustine,lorlatinib,0,9,0.0,7,2,
estramustine,melphalan,0,13,0.0,7,6,
estramustine,mercaptopurine,0,34,0.0,7,27,
estramustine,methotrexate,0,34,0.0,7,27,
estramustine,mitomycin,0,19,0.0,7,12,
estramustine,mitotane,0,8,0.0,7,1,
estramustine,mitoxantrone,0,13,0.0,7,6,
estramustine,neratinib,0,13,0.0,7,6,
estramustine,nilotinib,0,21,0.0,7,14,
estramustine,olaparib,0,8,0.0,7,1,
estramustine,osimertinib,0,9,0.0,7,2,
estramustine,oxaliplatin,0,38,0.0,7,31,
estramustine,paclitaxel,0,17,0.0,7,10,
estramustine,palbociclib,0,33,0.0,7,26,
estramustine,panobinostat,0,8,0.0,7,1,
estramustine,pemetrexed,0,9,0.0,7,2,
estramustine,pralatrexate,0,9,0.0,7,2,
estramustine,raloxifene,0,21,0.0,7,14,
estramustine,ribociclib,0,15,0.0,7,8,
estramustine,romidepsin,0,8,0.0,7,1,
estramustine,selinexor,0,10,0.0,7,3,
estramustine,sirolimus,0,9,0.0,7,2,
estramustine,sonidegib,0,11,0.0,7,4,
estramustine,sunitinib,0,10,0.0,7,3,
estramustine,tamoxifen,0,25,0.0,7,18,
estramustine,temsirolimus,0,8,0.0,7,1,
estramustine,teniposide,0,15,0.0,7,8,
estramustine,thiotepa,0,10,0.0,7,3,
estramustine,tioguanine,0,23,0.0,7,16,
estramustine,tivozanib,0,8,0.0,7,1,
estramustine,topotecan,0,9,0.0,7,2,
estramustine,trifluridine,0,13,0.0,7,6,
estramustine,tucatinib,0,9,0.0,7,2,
estramustine,umbralisib,0,12,0.0,7,5,
estramustine,valrubicin,0,18,0.0,7,11,
estramustine,vandetanib,0,13,0.0,7,6,
estramustine,venetoclax,0,12,0.0,7,5,
estramustine,vinblastine,0,16,0.0,7,9,
estramustine,vinorelbine,0,8,0.0,7,1,
estramustine,vorinostat,0,25,0.0,7,18,
estramustine,zoledronate,0,27,0.0,7,20,
etoposide,everolimus,0,18,0.0,7,11,
etoposide,fludarabine,0,11,0.0,7,4,
etoposide,fluorouracil,0,19,0.0,7,12,
etoposide,fruquintinib,0,38,0.0,7,31,
etoposide,fulvestrant,0,9,0.0,7,2,
etoposide,gemcitabine,0,11,0.0,7,4,
etoposide,gilteritinib,0,8,0.0,7,1,
etoposide,homoharringtonine,0,8,0.0,7,1,
etoposide,ibrutinib,0,20,0.0,7,13,
etoposide,idelalisib,0,16,0.0,7,9,
etoposide,imatinib,0,12,0.0,7,5,
etoposide,ixabepilone,0,18,0.0,7,11,
etoposide,ixazomib,0,12,0.0,7,5,
etoposide,lapatinib,0,8,0.0,7,1,
etoposide,lenvatinib,0,25,0.0,7,18,
etoposide,lorlatinib,0,9,0.0,7,2,
etoposide,mercaptopurine,0,34,0.0,7,27,
etoposide,mitotane,0,8,0.0,7,1,
etoposide,neratinib,0,13,0.0,7,6,
etoposide,nilotinib,0,21,0.0,7,14,
etoposide,olaparib,0,8,0.0,7,1,
etoposide,osimertinib,0,9,0.0,7,2,
etoposide,paclitaxel,0,17,0.0,7,10,
etoposide,palbociclib,0,33,0.0,7,26,
etoposide,panobinostat,0,8,0.0,7,1,
etoposide,pemetrexed,0,9,0.0,7,2,
etoposide,pralatrexate,0,9,0.0,7,2,
etoposide,raloxifene,0,21,0.0,7,14,
etoposide,ribociclib,0,15,0.0,7,8,
etoposide,romidepsin,0,8,0.0,7,1,
etoposide,selinexor,0,10,0.0,7,3,
etoposide,selumetinib,0,34,0.0,7,27,
etoposide,sirolimus,0,9,0.0,7,2,
etoposide,sonidegib,0,11,0.0,7,4,
etoposide,sunitinib,0,10,0.0,7,3,
etoposide,tamoxifen,0,25,0.0,7,18,
etoposide,temsirolimus,0,8,0.0,7,1,
etoposide,tioguanine,0,23,0.0,7,16,
etoposide,tivozanib,0,8,0.0,7,1,
etoposide,trametinib,0,29,0.0,7,22,
etoposide,tucatinib,0,9,0.0,7,2,
etoposide,umbralisib,0,12,0.0,7,5,
etoposide,vandetanib,0,13,0.0,7,6,
etoposide,vemurafenib,0,29,0.0,7,22,
etoposide,venetoclax,0,12,0.0,7,5,
etoposide,vinblastine,0,16,0.0,7,9,
etoposide,vinorelbine,0,8,0.0,7,1,
etoposide,vorinostat,0,25,0.0,7,18,
etoposide,zoledronate,0,27,0.0,7,20,
everolimus,fludarabine,0,15,0.0,11,4,
everolimus,fluorouracil,0,23,0.0,11,12,
everolimus,fulvestrant,0,13,0.0,11,2,
everolimus,gemcitabine,0,15,0.0,11,4,
everolimus,homoharringtonine,0,12,0.0,11,1,
everolimus,hydroxyurea,0,18,0.0,11,7,
everolimus,ibrutinib,0,24,0.0,11,13,
everolimus,idarubicin,0,22,0.0,11,11,
everolimus,imatinib,0,16,0.0,11,5,
everolimus,irinotecan,0,22,0.0,11,11,
everolimus,ixabepilone,0,22,0.0,11,11,
everolimus,ixazomib,0,16,0.0,11,5,
everolimus,lapatinib,0,12,0.0,11,1,
everolimus,lomustine,0,38,0.0,11,27,
everolimus,melphalan,0,17,0.0,11,6,
everolimus,mercaptopurine,0,38,0.0,11,27,
everolimus,methotrexate,0,38,0.0,11,27,
everolimus,mitomycin,0,23,0.0,11,12,
everolimus,mitotane,0,12,0.0,11,1,
everolimus,mitoxantrone,0,17,0.0,11,6,
everolimus,neratinib,0,17,0.0,11,6,
everolimus,nilotinib,0,25,0.0,11,14,
everolimus,olaparib,0,12,0.0,11,1,
everolimus,osimertinib,0,13,0.0,11,2,
everolimus,oxaliplatin,0,42,0.0,11,31,
everolimus,paclitaxel,0,21,0.0,11,10,
everolimus,palbociclib,0,37,0.0,11,26,
everolimus,panobinostat,0,12,0.0,11,1,
everolimus,pemetrexed,0,13,0.0,11,2,
everolimus,pralatrexate,0,13,0.0,11,2,
everolimus,raloxifene,0,25,0.0,11,14,
everolimus,ribociclib,0,19,0.0,11,8,
everolimus,romidepsin,0,12,0.0,11,1,
everolimus,selinexor,0,14,0.0,11,3,
everolimus,selumetinib,0,38,0.0,11,27,
everolimus,sonidegib,0,15,0.0,11,4,
everolimus,sunitinib,0,14,0.0,11,3,
everolimus,tamoxifen,0,29,0.0,11,18,
everolimus,teniposide,0,19,0.0,11,8,
everolimus,thiotepa,0,14,0.0,11,3,
everolimus,tioguanine,0,27,0.0,11,16,
everolimus,tivozanib,0,12,0.0,11,1,
everolimus,topotecan,0,13,0.0,11,2,
everolimus,trametinib,0,33,0.0,11,22,
everolimus,trifluridine,0,17,0.0,11,6,
everolimus,tucatinib,0,13,0.0,11,2,
everolimus,umbralisib,0,16,0.0,11,5,
everolimus,valrubicin,0,22,0.0,11,11,
everolimus,vemurafenib,0,33,0.0,11,22,
everolimus,venetoclax,0,16,0.0,11,5,
everolimus,vinblastine,0,20,0.0,11,9,
everolimus,vinorelbine,0,12,0.0,11,1,
everolimus,vorinostat,0,29,0.0,11,18,
fludarabine,fluorouracil,0,16,0.0,4,12,
fludarabine,fruquintinib,0,35,0.0,4,31,
fludarabine,fulvestrant,0,6,0.0,4,2,
fludarabine,gemcitabine,0,8,0.0,4,4,
fludarabine,gilteritinib,0,5,0.0,4,1,
fludarabine,homoharringtonine,0,5,0.0,4,1,
fludarabine,hydroxyurea,0,11,0.0,4,7,
fludarabine,ibrutinib,0,17,0.0,4,13,
fludarabine,idarubicin,0,15,0.0,4,11,
fludarabine,idelalisib,0,13,0.0,4,9,
fludarabine,imatinib,0,9,0.0,4,5,
fludarabine,irinotecan,0,15,0.0,4,11,
fludarabine,ixabepilone,0,15,0.0,4,11,
fludarabine,ixazomib,0,9,0.0,4,5,
fludarabine,lapatinib,0,5,0.0,4,1,
fludarabine,lenvatinib,0,22,0.0,4,18,
fludarabine,lomustine,0,31,0.0,4,27,
fludarabine,lorlatinib,0,6,0.0,4,2,
fludarabine,melphalan,0,10,0.0,4,6,
fludarabine,mitomycin,0,16,0.0,4,12,
fludarabine,mitotane,0,5,0.0,4,1,
fludarabine,mitoxantrone,0,10,0.0,4,6,
fludarabine,neratinib,0,10,0.0,4,6,
fludarabine,nilotinib,0,18,0.0,4,14,
fludarabine,olaparib,0,5,0.0,4,1,
fludarabine,osimertinib,0,6,0.0,4,2,
fludarabine,oxaliplatin,0,35,0.0,4,31,
fludarabine,paclitaxel,0,14,0.0,4,10,
fludarabine,palbociclib,0,30,0.0,4,26,
fludarabine,panobinostat,0,5,0.0,4,1,
fludarabine,pemetrexed,0,6,0.0,4,2,
fludarabine,pralatrexate,0,6,0.0,4,2,
fludarabine,raloxifene,0,18,0.0,4,14,
fludarabine,ribociclib,0,12,0.0,4,8,
fludarabine,romidepsin,0,5,0.0,4,1,
fludarabine,selinexor,0,7,0.0,4,3,
fludarabine,selumetinib,0,31,0.0,4,27,
fludarabine,sirolimus,0,6,0.0,4,2,
fludarabine,sonidegib,0,8,0.0,4,4,
fludarabine,sunitinib,0,7,0.0,4,3,
fludarabine,tamoxifen,0,22,0.0,4,18,
fludarabine,temsirolimus,0,5,0.0,4,1,
fludarabine,teniposide,0,12,0.0,4,8,
fludarabine,thiotepa,0,7,0.0,4,3,
fludarabine,tivozanib,0,5,0.0,4,1,
fludarabine,topotecan,0,6,0.0,4,2,
fludarabine,trametinib,0,26,0.0,4,22,
fludarabine,trifluridine,0,10,0.0,4,6,
fludarabine,tucatinib,0,6,0.0,4,2,
fludarabine,valrubicin,0,15,0.0,4,11,
fludarabine,vandetanib,0,10,0.0,4,6,
fludarabine,vemurafenib,0,26,0.0,4,22,
fludarabine,venetoclax,0,9,0.0,4,5,
fludarabine,vinblastine,0,13,0.0,4,9,
fludarabine,vinorelbine,0,5,0.0,4,1,
fludarabine,vorinostat,0,22,0.0,4,18,
fludarabine,zoledronate,0,24,0.0,4,20,
fluorouracil,fruquintinib,0,43,0.0,12,31,
fluorouracil,fulvestrant,0,14,0.0,12,2,
fluorouracil,gilteritinib,0,13,0.0,12,1,
fluorouracil,homoharringtonine,0,13,0.0,12,1,
fluorouracil,ibrutinib,0,25,0.0,12,13,
fluorouracil,idelalisib,0,21,0.0,12,9,
fluorouracil,imatinib,0,17,0.0,12,5,
fluorouracil,ixazomib,0,17,0.0,12,5,
fluorouracil,lapatinib,0,13,0.0,12,1,
fluorouracil,lenvatinib,0,30,0.0,12,18,
fluorouracil,lomustine,0,39,0.0,12,27,
fluorouracil,lorlatinib,0,14,0.0,12,2,
fluorouracil,mitomycin,0,24,0.0,12,12,
fluorouracil,mitotane,0,13,0.0,12,1,
fluorouracil,mitoxantrone,0,18,0.0,12,6,
fluorouracil,neratinib,0,18,0.0,12,6,
fluorouracil,nilotinib,0,26,0.0,12,14,
fluorouracil,olaparib,0,13,0.0,12,1,
fluorouracil,osimertinib,0,14,0.0,12,2,
fluorouracil,raloxifene,0,26,0.0,12,14,
fluorouracil,romidepsin,0,13,0.0,12,1,
fluorouracil,selinexor,0,15,0.0,12,3,
fluorouracil,selumetinib,0,39,0.0,12,27,
fluorouracil,sirolimus,0,14,0.0,12,2,
fluorouracil,sonidegib,0,16,0.0,12,4,
fluorouracil,temsirolimus,0,13,0.0,12,1,
fluorouracil,teniposide,0,20,0.0,12,8,
fluorouracil,thiotepa,0,15,0.0,12,3,
fluorouracil,tivozanib,0,13,0.0,12,1,
fluorouracil,topotecan,0,14,0.0,12,2,
fluorouracil,trametinib,0,34,0.0,12,22,
fluorouracil,tucatinib,0,14,0.0,12,2,
fluorouracil,valrubicin,0,23,0.0,12,11,
fluorouracil,vandetanib,0,18,0.0,12,6,
fluorouracil,vemurafenib,0,34,0.0,12,22,
fluorouracil,venetoclax,0,17,0.0,12,5,
fluorouracil,vinblastine,0,21,0.0,12,9,
fluorouracil,vinorelbine,0,13,0.0,12,1,
fluorouracil,zoledronate,0,32,0.0,12,20,
fruquintinib,fulvestrant,0,33,0.0,31,2,
fruquintinib,gemcitabine,0,35,0.0,31,4,
fruquintinib,gilteritinib,0,32,0.0,31,1,
fruquintinib,homoharringtonine,0,32,0.0,31,1,
fruquintinib,hydroxyurea,0,38,0.0,31,7,
fruquintinib,idarubicin,0,42,0.0,31,11,
fruquintinib,imatinib,0,36,0.0,31,5,
fruquintinib,irinotecan,0,42,0.0,31,11,
fruquintinib,ixabepilone,0,42,0.0,31,11,
fruquintinib,ixazomib,0,36,0.0,31,5,
fruquintinib,lapatinib,0,32,0.0,31,1,
fruquintinib,lomustine,0,58,0.0,31,27,
fruquintinib,lorlatinib,0,33,0.0,31,2,
fruquintinib,melphalan,0,37,0.0,31,6,
fruquintinib,mercaptopurine,0,58,0.0,31,27,
fruquintinib,methotrexate,0,58,0.0,31,27,
fruquintinib,mitomycin,0,43,0.0,31,12,
fruquintinib,mitotane,0,32,0.0,31,1,
fruquintinib,mitoxantrone,0,37,0.0,31,6,
fruquintinib,neratinib,0,37,0.0,31,6,
fruquintinib,nilotinib,0,45,0.0,31,14,
fruquintinib,olaparib,0,32,0.0,31,1,
fruquintinib,osimertinib,0,33,0.0,31,2,
fruquintinib,oxaliplatin,0,62,0.0,31,31,
fruquintinib,paclitaxel,0,41,0.0,31,10,
fruquintinib,palbociclib,0,57,0.0,31,26,
fruquintinib,panobinostat,0,32,0.0,31,1,
fruquintinib,pemetrexed,0,33,0.0,31,2,
fruquintinib,pralatrexate,0,33,0.0,31,2,
fruquintinib,raloxifene,0,45,0.0,31,14,
fruquintinib,ribociclib,0,39,0.0,31,8,
fruquintinib,romidepsin,0,32,0.0,31,1,
fruquintinib,selinexor,0,34,0.0,31,3,
fruquintinib,selumetinib,0,58,0.0,31,27,
fruquintinib,sirolimus,0,33,0.0,31,2,
fruquintinib,sonidegib,0,35,0.0,31,4,
fruquintinib,sunitinib,0,34,0.0,31,3,
fruquintinib,tamoxifen,0,49,0.0,31,18,
fruquintinib,temsirolimus,0,32,0.0,31,1,
fruquintinib,teniposide,0,39,0.0,31,8,
fruquintinib,thiotepa,0,34,0.0,31,3,
fruquintinib,tioguanine,0,47,0.0,31,16,
fruquintinib,tivozanib,0,32,0.0,31,1,
fruquintinib,topotecan,0,33,0.0,31,2,
fruquintinib,trametinib,0,53,0.0,31,22,
fruquintinib,trifluridine,0,37,0.0,31,6,
fruquintinib,tucatinib,0,33,0.0,31,2,
fruquintinib,umbralisib,0,36,0.0,31,5,
fruquintinib,valrubicin,0,42,0.0,31,11,
fruquintinib,vemurafenib,0,53,0.0,31,22,
fruquintinib,venetoclax,0,36,0.0,31,5,
fruquintinib,vinblastine,0,40,0.0,31,9,
fruquintinib,vinorelbine,0,32,0.0,31,1,
fruquintinib,vorinostat,0,49,0.0,31,18,
fulvestrant,gemcitabine,0,6,0.0,2,4,
fulvestrant,gilteritinib,0,3,0.0,2,1,
fulvestrant,homoharringtonine,0,3,0.0,2,1,
fulvestrant,hydroxyurea,0,9,0.0,2,7,
fulvestrant,ibrutinib,0,15,0.0,2,13,
fulvestrant,idarubicin,0,13,0.0,2,11,
fulvestrant,idelalisib,0,11,0.0,2,9,
fulvestrant,imatinib,0,7,0.0,2,5,
fulvestrant,irinotecan,0,13,0.0,2,11,
fulvestrant,ixabepilone,0,13,0.0,2,11,
fulvestrant,ixazomib,0,7,0.0,2,5,
fulvestrant,lapatinib,0,3,0.0,2,1,
fulvestrant,lenvatinib,0,20,0.0,2,18,
fulvestrant,lomustine,0,29,0.0,2,27,
fulvestrant,lorlatinib,0,4,0.0,2,2,
fulvestrant,melphalan,0,8,0.0,2,6,
fulvestrant,mercaptopurine,0,29,0.0,2,27,
fulvestrant,methotrexate,0,29,0.0,2,27,
fulvestrant,mitomycin,0,14,0.0,2,12,
fulvestrant,mitotane,0,3,0.0,2,1,
fulvestrant,mitoxantrone,0,8,0.0,2,6,
fulvestrant,neratinib,0,8,0.0,2,6,
fulvestrant,nilotinib,0,16,0.0,2,14,
fulvestrant,olaparib,0,3,0.0,2,1,
fulvestrant,osimertinib,0,4,0.0,2,2,
fulvestrant,oxaliplatin,0,33,0.0,2,31,
fulvestrant,paclitaxel,0,12,0.0,2,10,
fulvestrant,palbociclib,0,28,0.0,2,26,
fulvestrant,panobinostat,0,3,0.0,2,1,
fulvestrant,pemetrexed,0,4,0.0,2,2,
fulvestrant,pralatrexate,0,4,0.0,2,2,
fulvestrant,raloxifene,0,16,0.0,2,14,
fulvestrant,ribociclib,0,10,0.0,2,8,
fulvestrant,romidepsin,0,3,0.0,2,1,
fulvestrant,selinexor,0,5,0.0,2,3,
fulvestrant,selumetinib,0,29,0.0,2,27,
fulvestrant,sirolimus,0,4,0.0,2,2,
fulvestrant,sonidegib,0,6,0.0,2,4,
fulvestrant,sunitinib,0,5,0.0,2,3,
fulvestrant,tamoxifen,0,20,0.0,2,18,
fulvestrant,temsirolimus,0,3,0.0,2,1,
fulvestrant,teniposide,0,10,0.0,2,8,
fulvestrant,thiotepa,0,5,0.0,2,3,
fulvestrant,tioguanine,0,18,0.0,2,16,
fulvestrant,tivozanib,0,3,0.0,2,1,
fulvestrant,topotecan,0,4,0.0,2,2,
fulvestrant,trametinib,0,24,0.0,2,22,
fulvestrant,trifluridine,0,8,0.0,2,6,
fulvestrant,tucatinib,0,4,0.0,2,2,
fulvestrant,umbralisib,0,7,0.0,2,5,
fulvestrant,valrubicin,0,13,0.0,2,11,
fulvestrant,vandetanib,0,8,0.0,2,6,
fulvestrant,vemurafenib,0,24,0.0,2,22,
fulvestrant,venetoclax,0,7,0.0,2,5,
fulvestrant,vinblastine,0,11,0.0,2,9,
fulvestrant,vinorelbine,0,3,0.0,2,1,
fulvestrant,vorinostat,0,20,0.0,2,18,
fulvestrant,zoledronate,0,22,0.0,2,20,
gemcitabine,gilteritinib,0,5,0.0,4,1,
gemcitabine,homoharringtonine,0,5,0.0,4,1,
gemcitabine,ibrutinib,0,17,0.0,4,13,
gemcitabine,idelalisib,0,13,0.0,4,9,
gemcitabine,imatinib,0,9,0.0,4,5,
gemcitabine,ixabepilone,0,15,0.0,4,11,
gemcitabine,ixazomib,0,9,0.0,4,5,
gemcitabine,lapatinib,0,5,0.0,4,1,
gemcitabine,lenvatinib,0,22,0.0,4,18,
gemcitabine,lomustine,0,31,0.0,4,27,
gemcitabine,lorlatinib,0,6,0.0,4,2,
gemcitabine,mitotane,0,5,0.0,4,1,
gemcitabine,mitoxantrone,0,10,0.0,4,6,
gemcitabine,neratinib,0,10,0.0,4,6,
gemcitabine,nilotinib,0,18,0.0,4,14,
gemcitabine,olaparib,0,5,0.0,4,1,
gemcitabine,osimertinib,0,6,0.0,4,2,
gemcitabine,palbociclib,0,30,0.0,4,26,
gemcitabine,panobinostat,0,5,0.0,4,1,
gemcitabine,raloxifene,0,18,0.0,4,14,
gemcitabine,ribociclib,0,12,0.0,4,8,
gemcitabine,romidepsin,0,5,0.0,4,1,
gemcitabine,selinexor,0,7,0.0,4,3,
gemcitabine,selumetinib,0,31,0.0,4,27,
gemcitabine,sirolimus,0,6,0.0,4,2,
gemcitabine,sonidegib,0,8,0.0,4,4,
gemcitabine,sunitinib,0,7,0.0,4,3,
gemcitabine,tamoxifen,0,22,0.0,4,18,
gemcitabine,temsirolimus,0,5,0.0,4,1,
gemcitabine,teniposide,0,12,0.0,4,8,
gemcitabine,tivozanib,0,5,0.0,4,1,
gemcitabine,topotecan,0,6,0.0,4,2,
gemcitabine,trametinib,0,26,0.0,4,22,
gemcitabine,tucatinib,0,6,0.0,4,2,
gemcitabine,umbralisib,0,9,0.0,4,5,
gemcitabine,valrubicin,0,15,0.0,4,11,
gemcitabine,vandetanib,0,10,0.0,4,6,
gemcitabine,vemurafenib,0,26,0.0,4,22,
gemcitabine,venetoclax,0,9,0.0,4,5,
gemcitabine,vinblastine,0,13,0.0,4,9,
gemcitabine,vinorelbine,0,5,0.0,4,1,
gemcitabine,vorinostat,0,22,0.0,4,18,
gemcitabine,zoledronate,0,24,0.0,4,20,
gilteritinib,homoharringtonine,0,2,0.0,1,1,
gilteritinib,hydroxyurea,0,8,0.0,1,7,
gilteritinib,ibrutinib,0,14,0.0,1,13,
gilteritinib,idarubicin,0,12,0.0,1,11,
gilteritinib,idelalisib,0,10,0.0,1,9,
gilteritinib,imatinib,0,6,0.0,1,5,
gilteritinib,irinotecan,0,12,0.0,1,11,
gilteritinib,ixabepilone,0,12,0.0,1,11,
gilteritinib,ixazomib,0,6,0.0,1,5,
gilteritinib,lapatinib,0,2,0.0,1,1,
gilteritinib,lenvatinib,0,19,0.0,1,18,
gilteritinib,lomustine,0,28,0.0,1,27,
gilteritinib,melphalan,0,7,0.0,1,6,
gilteritinib,mercaptopurine,0,28,0.0,1,27,
gilteritinib,methotrexate,0,28,0.0,1,27,
gilteritinib,mitomycin,0,13,0.0,1,12,
gilteritinib,mitotane,0,2,0.0,1,1,
gilteritinib,mitoxantrone,0,7,0.0,1,6,
gilteritinib,neratinib,0,7,0.0,1,6,
gilteritinib,nilotinib,0,15,0.0,1,14,
gilteritinib,olaparib,0,2,0.0,1,1,
gilteritinib,osimertinib,0,3,0.0,1,2,
gilteritinib,oxaliplatin,0,32,0.0,1,31,
gilteritinib,paclitaxel,0,11,0.0,1,10,
gilteritinib,palbociclib,0,27,0.0,1,26,
gilteritinib,panobinostat,0,2,0.0,1,1,
gilteritinib,pemetrexed,0,3,0.0,1,2,
gilteritinib,pralatrexate,0,3,0.0,1,2,
gilteritinib,raloxifene,0,15,0.0,1,14,
gilteritinib,ribociclib,0,9,0.0,1,8,
gilteritinib,romidepsin,0,2,0.0,1,1,
gilteritinib,selinexor,0,4,0.0,1,3,
gilteritinib,selumetinib,0,28,0.0,1,27,
gilteritinib,sirolimus,0,3,0.0,1,2,
gilteritinib,sonidegib,0,5,0.0,1,4,
gilteritinib,sunitinib,0,4,0.0,1,3,
gilteritinib,tamoxifen,0,19,0.0,1,18,
gilteritinib,temsirolimus,0,2,0.0,1,1,
gilteritinib,teniposide,0,9,0.0,1,8,
gilteritinib,thiotepa,0,4,0.0,1,3,
gilteritinib,tioguanine,0,17,0.0,1,16,
gilteritinib,tivozanib,0,2,0.0,1,1,
gilteritinib,topotecan,0,3,0.0,1,2,
gilteritinib,trametinib,0,23,0.0,1,22,
gilteritinib,trifluridine,0,7,0.0,1,6,
gilteritinib,tucatinib,0,3,0.0,1,2,
gilteritinib,umbralisib,0,6,0.0,1,5,
gilteritinib,valrubicin,0,12,0.0,1,11,
gilteritinib,vandetanib,0,7,0.0,1,6,
gilteritinib,vemurafenib,0,23,0.0,1,22,
gilteritinib,venetoclax,0,6,0.0,1,5,
gilteritinib,vinblastine,0,10,0.0,1,9,
gilteritinib,vinorelbine,0,2,0.0,1,1,
gilteritinib,vorinostat,0,19,0.0,1,18,
gilteritinib,zoledronate,0,21,0.0,1,20,
homoharringtonine,hydroxyurea,0,8,0.0,1,7,
homoharringtonine,ibrutinib,0,14,0.0,1,13,
homoharringtonine,idarubicin,0,12,0.0,1,11,
homoharringtonine,idelalisib,0,10,0.0,1,9,
homoharringtonine,imatinib,0,6,0.0,1,5,
homoharringtonine,irinotecan,0,12,0.0,1,11,
homoharringtonine,ixabepilone,0,12,0.0,1,11,
homoharringtonine,ixazomib,0,6,0.0,1,5,
homoharringtonine,lapatinib,0,2,0.0,1,1,
homoharringtonine,lenvatinib,0,19,0.0,1,18,
homoharringtonine,lomustine,0,28,0.0,1,27,
homoharringtonine,lorlatinib,0,3,0.0,1,2,
homoharringtonine,melphalan,0,7,0.0,1,6,
homoharringtonine,mercaptopurine,0,28,0.0,1,27,
homoharringtonine,methotrexate,0,28,0.0,1,27,
homoharringtonine,mitomycin,0,13,0.0,1,12,
homoharringtonine,mitotane,0,2,0.0,1,1,
homoharringtonine,mitoxantrone,0,7,0.0,1,6,
homoharringtonine,neratinib,0,7,0.0,1,6,
homoharringtonine,nilotinib,0,15,0.0,1,14,
homoharringtonine,olaparib,0,2,0.0,1,1,
homoharringtonine,osimertinib,0,3,0.0,1,2,
homoharringtonine,oxaliplatin,0,32,0.0,1,31,
homoharringtonine,paclitaxel,0,11,0.0,1,10,
homoharringtonine,palbociclib,0,27,0.0,1,26,
homoharringtonine,panobinostat,0,2,0.0,1,1,
homoharringtonine,pemetrexed,0,3,0.0,1,2,
homoharringtonine,pralatrexate,0,3,0.0,1,2,
homoharringtonine,raloxifene,0,15,0.0,1,14,
homoharringtonine,ribociclib,0,9,0.0,1,8,
homoharringtonine,romidepsin,0,2,0.0,1,1,
homoharringtonine,selinexor,0,4,0.0,1,3,
homoharringtonine,selumetinib,0,28,0.0,1,27,
homoharringtonine,sirolimus,0,3,0.0,1,2,
homoharringtonine,sonidegib,0,5,0.0,1,4,
homoharringtonine,sunitinib,0,4,0.0,1,3,
homoharringtonine,tamoxifen,0,19,0.0,1,18,
homoharringtonine,temsirolimus,0,2,0.0,1,1,
homoharringtonine,teniposide,0,9,0.0,1,8,
homoharringtonine,thiotepa,0,4,0.0,1,3,
homoharringtonine,tioguanine,0,17,0.0,1,16,
homoharringtonine,tivozanib,0,2,0.0,1,1,
homoharringtonine,topotecan,0,3,0.0,1,2,
homoharringtonine,trametinib,0,23,0.0,1,22,
homoharringtonine,trifluridine,0,7,0.0,1,6,
homoharringtonine,tucatinib,0,3,0.0,1,2,
homoharringtonine,umbralisib,0,6,0.0,1,5,
homoharringtonine,valrubicin,0,12,0.0,1,11,
homoharringtonine,vandetanib,0,7,0.0,1,6,
homoharringtonine,vemurafenib,0,23,0.0,1,22,
homoharringtonine,venetoclax,0,6,0.0,1,5,
homoharringtonine,vinblastine,0,10,0.0,1,9,
homoharringtonine,vinorelbine,0,2,0.0,1,1,
homoharringtonine,vorinostat,0,19,0.0,1,18,
homoharringtonine,zoledronate,0,21,0.0,1,20,
hydroxyurea,ibrutinib,0,20,0.0,7,13,
hydroxyurea,idelalisib,0,16,0.0,7,9,
hydroxyurea,imatinib,0,12,0.0,7,5,
hydroxyurea,ixabepilone,0,18,0.0,7,11,
hydroxyurea,ixazomib,0,12,0.0,7,5,
hydroxyurea,lapatinib,0,8,0.0,7,1,
hydroxyurea,lenvatinib,0,25,0.0,7,18,
hydroxyurea,lomustine,0,34,0.0,7,27,
hydroxyurea,lorlatinib,0,9,0.0,7,2,
hydroxyurea,mitomycin,0,19,0.0,7,12,
hydroxyurea,mitotane,0,8,0.0,7,1,
hydroxyurea,mitoxantrone,0,13,0.0,7,6,
hydroxyurea,neratinib,0,13,0.0,7,6,
hydroxyurea,nilotinib,0,21,0.0,7,14,
hydroxyurea,olaparib,0,8,0.0,7,1,
hydroxyurea,osimertinib,0,9,0.0,7,2,
hydroxyurea,palbociclib,0,33,0.0,7,26,
hydroxyurea,panobinostat,0,8,0.0,7,1,
hydroxyurea,raloxifene,0,21,0.0,7,14,
hydroxyurea,ribociclib,0,15,0.0,7,8,
hydroxyurea,romidepsin,0,8,0.0,7,1,
hydroxyurea,selinexor,0,10,0.0,7,3,
hydroxyurea,selumetinib,0,34,0.0,7,27,
hydroxyurea,sirolimus,0,9,0.0,7,2,
hydroxyurea,sonidegib,0,11,0.0,7,4,
hydroxyurea,sunitinib,0,10,0.0,7,3,
hydroxyurea,tamoxifen,0,25,0.0,7,18,
hydroxyurea,temsirolimus,0,8,0.0,7,1,
hydroxyurea,tivozanib,0,8,0.0,7,1,
hydroxyurea,topotecan,0,9,0.0,7,2,
hydroxyurea,trametinib,0,29,0.0,7,22,
hydroxyurea,tucatinib,0,9,0.0,7,2,
hydroxyurea,umbralisib,0,12,0.0,7,5,
hydroxyurea,vandetanib,0,13,0.0,7,6,
hydroxyurea,vemurafenib,0,29,0.0,7,22,
hydroxyurea,venetoclax,0,12,0.0,7,5,
hydroxyurea,vinblastine,0,16,0.0,7,9,
hydroxyurea,vinorelbine,0,8,0.0,7,1,
hydroxyurea,vorinostat,0,25,0.0,7,18,
hydroxyurea,zoledronate,0,27,0.0,7,20,
ibrutinib,idarubicin,0,24,0.0,13,11,
ibrutinib,imatinib,0,18,0.0,13,5,
ibrutinib,irinotecan,0,24,0.0,13,11,
ibrutinib,ixabepilone,0,24,0.0,13,11,
ibrutinib,ixazomib,0,18,0.0,13,5,
ibrutinib,lapatinib,0,14,0.0,13,1,
ibrutinib,lomustine,0,40,0.0,13,27,
ibrutinib,lorlatinib,0,15,0.0,13,2,
ibrutinib,melphalan,0,19,0.0,13,6,
ibrutinib,mercaptopurine,0,40,0.0,13,27,
ibrutinib,methotrexate,0,40,0.0,13,27,
ibrutinib,mitomycin,0,25,0.0,13,12,
ibrutinib,mitotane,0,14,0.0,13,1,
ibrutinib,mitoxantrone,0,19,0.0,13,6,
ibrutinib,nilotinib,0,27,0.0,13,14,
ibrutinib,olaparib,0,14,0.0,13,1,
ibrutinib,oxaliplatin,0,44,0.0,13,31,
ibrutinib,paclitaxel,0,23,0.0,13,10,
ibrutinib,palbociclib,0,39,0.0,13,26,
ibrutinib,panobinostat,0,14,0.0,13,1,
ibrutinib,pemetrexed,0,15,0.0,13,2,
ibrutinib,pralatrexate,0,15,0.0,13,2,
ibrutinib,raloxifene,0,27,0.0,13,14,
ibrutinib,ribociclib,0,21,0.0,13,8,
ibrutinib,romidepsin,0,14,0.0,13,1,
ibrutinib,selinexor,0,16,0.0,13,3,
ibrutinib,selumetinib,0,40,0.0,13,27,
ibrutinib,sirolimus,0,15,0.0,13,2,
ibrutinib,sunitinib,0,16,0.0,13,3,
ibrutinib,tamoxifen,0,31,0.0,13,18,
ibrutinib,temsirolimus,0,14,0.0,13,1,
ibrutinib,teniposide,0,21,0.0,13,8,
ibrutinib,thiotepa,0,16,0.0,13,3,
ibrutinib,tioguanine,0,29,0.0,13,16,
ibrutinib,tivozanib,0,14,0.0,13,1,
ibrutinib,topotecan,0,15,0.0,13,2,
ibrutinib,trametinib,0,35,0.0,13,22,
ibrutinib,trifluridine,0,19,0.0,13,6,
ibrutinib,umbralisib,0,18,0.0,13,5,
ibrutinib,valrubicin,0,24,0.0,13,11,
ibrutinib,vemurafenib,0,35,0.0,13,22,
ibrutinib,venetoclax,0,18,0.0,13,5,
ibrutinib,vinblastine,0,22,0.0,13,9,
ibrutinib,vinorelbine,0,14,0.0,13,1,
ibrutinib,vorinostat,0,31,0.0,13,18,
ibrutinib,zoledronate,0,33,0.0,13,20,
idarubicin,idelalisib,0,20,0.0,11,9,
idarubicin,imatinib,0,16,0.0,11,5,
idarubicin,ixabepilone,0,22,0.0,11,11,
idarubicin,ixazomib,0,16,0.0,11,5,
idarubicin,lapatinib,0,12,0.0,11,1,
idarubicin,lenvatinib,0,29,0.0,11,18,
idarubicin,lomustine,0,38,0.0,11,27,
idarubicin,lorlatinib,0,13,0.0,11,2,
idarubicin,mitotane,0,12,0.0,11,1,
idarubicin,neratinib,0,17,0.0,11,6,
idarubicin,nilotinib,0,25,0.0,11,14,
idarubicin,olaparib,0,12,0.0,11,1,
idarubicin,osimertinib,0,13,0.0,11,2,
idarubicin,paclitaxel,0,21,0.0,11,10,
idarubicin,panobinostat,0,12,0.0,11,1,
idarubicin,pralatrexate,0,13,0.0,11,2,
idarubicin,raloxifene,0,25,0.0,11,14,
idarubicin,ribociclib,0,19,0.0,11,8,
idarubicin,romidepsin,0,12,0.0,11,1,
idarubicin,selinexor,0,14,0.0,11,3,
idarubicin,selumetinib,0,38,0.0,11,27,
idarubicin,sirolimus,0,13,0.0,11,2,
idarubicin,sonidegib,0,15,0.0,11,4,
idarubicin,sunitinib,0,14,0.0,11,3,
idarubicin,tamoxifen,0,29,0.0,11,18,
idarubicin,temsirolimus,0,12,0.0,11,1,
idarubicin,tioguanine,0,27,0.0,11,16,
idarubicin,tivozanib,0,12,0.0,11,1,
idarubicin,trametinib,0,33,0.0,11,22,
idarubicin,tucatinib,0,13,0.0,11,2,
idarubicin,vandetanib,0,17,0.0,11,6,
idarubicin,vemurafenib,0,33,0.0,11,22,
idarubicin,venetoclax,0,16,0.0,11,5,
idarubicin,vinblastine,0,20,0.0,11,9,
idarubicin,vinorelbine,0,12,0.0,11,1,
idarubicin,vorinostat,0,29,0.0,11,18,
idarubicin,zoledronate,0,31,0.0,11,20,
idelalisib,imatinib,0,14,0.0,9,5,
idelalisib,irinotecan,0,20,0.0,9,11,
idelalisib,ixabepilone,0,20,0.0,9,11,
idelalisib,ixazomib,0,14,0.0,9,5,
idelalisib,lapatinib,0,10,0.0,9,1,
idelalisib,lenvatinib,0,27,0.0,9,18,
idelalisib,lomustine,0,36,0.0,9,27,
idelalisib,lorlatinib,0,11,0.0,9,2,
idelalisib,melphalan,0,15,0.0,9,6,
idelalisib,mercaptopurine,0,36,0.0,9,27,
idelalisib,methotrexate,0,36,0.0,9,27,
idelalisib,mitomycin,0,21,0.0,9,12,
idelalisib,mitotane,0,10,0.0,9,1,
idelalisib,mitoxantrone,0,15,0.0,9,6,
idelalisib,neratinib,0,15,0.0,9,6,
idelalisib,nilotinib,0,23,0.0,9,14,
idelalisib,olaparib,0,10,0.0,9,1,
idelalisib,osimertinib,0,11,0.0,9,2,
idelalisib,oxaliplatin,0,40,0.0,9,31,
idelalisib,paclitaxel,0,19,0.0,9,10,
idelalisib,palbociclib,0,35,0.0,9,26,
idelalisib,panobinostat,0,10,0.0,9,1,
idelalisib,pemetrexed,0,11,0.0,9,2,
idelalisib,pralatrexate,0,11,0.0,9,2,
idelalisib,raloxifene,0,23,0.0,9,14,
idelalisib,ribociclib,0,17,0.0,9,8,
idelalisib,romidepsin,0,10,0.0,9,1,
idelalisib,selinexor,0,12,0.0,9,3,
idelalisib,selumetinib,0,36,0.0,9,27,
idelalisib,sonidegib,0,13,0.0,9,4,
idelalisib,sunitinib,0,12,0.0,9,3,
idelalisib,tamoxifen,0,27,0.0,9,18,
idelalisib,teniposide,0,17,0.0,9,8,
idelalisib,thiotepa,0,12,0.0,9,3,
idelalisib,tioguanine,0,25,0.0,9,16,
idelalisib,tivozanib,0,10,0.0,9,1,
idelalisib,topotecan,0,11,0.0,9,2,
idelalisib,trametinib,0,31,0.0,9,22,
idelalisib,trifluridine,0,15,0.0,9,6,
idelalisib,tucatinib,0,11,0.0,9,2,
idelalisib,umbralisib,0,14,0.0,9,5,
idelalisib,valrubicin,0,20,0.0,9,11,
idelalisib,vemurafenib,0,31,0.0,9,22,
idelalisib,venetoclax,0,14,0.0,9,5,
idelalisib,vinblastine,0,18,0.0,9,9,
idelalisib,vinorelbine,0,10,0.0,9,1,
idelalisib,vorinostat,0,27,0.0,9,18,
imatinib,irinotecan,0,16,0.0,5,11,
imatinib,ixazomib,0,10,0.0,5,5,
imatinib,lapatinib,0,6,0.0,5,1,
imatinib,lenvatinib,0,23,0.0,5,18,
imatinib,lorlatinib,0,7,0.0,5,2,
imatinib,melphalan,0,11,0.0,5,6,
imatinib,mitomycin,0,17,0.0,5,12,
imatinib,mitotane,0,6,0.0,5,1,
imatinib,mitoxantrone,0,11,0.0,5,6,
imatinib,neratinib,0,11,0.0,5,6,
imatinib,olaparib,0,6,0.0,5,1,
imatinib,osimertinib,0,7,0.0,5,2,
imatinib,panobinostat,0,6,0.0,5,1,
imatinib,pemetrexed,0,7,0.0,5,2,
imatinib,pralatrexate,0,7,0.0,5,2,
imatinib,ribociclib,0,13,0.0,5,8,
imatinib,romidepsin,0,6,0.0,5,1,
imatinib,sirolimus,0,7,0.0,5,2,
imatinib,sonidegib,0,9,0.0,5,4,
imatinib,sunitinib,0,8,0.0,5,3,
imatinib,temsirolimus,0,6,0.0,5,1,
imatinib,teniposide,0,13,0.0,5,8,
imatinib,thiotepa,0,8,0.0,5,3,
imatinib,tivozanib,0,6,0.0,5,1,
imatinib,topotecan,0,7,0.0,5,2,
imatinib,trametinib,0,27,0.0,5,22,
imatinib,trifluridine,0,11,0.0,5,6,
imatinib,tucatinib,0,7,0.0,5,2,
imatinib,valrubicin,0,16,0.0,5,11,
imatinib,vandetanib,0,11,0.0,5,6,
imatinib,vemurafenib,0,27,0.0,5,22,
imatinib,venetoclax,0,10,0.0,5,5,
imatinib,vinorelbine,0,6,0.0,5,1,
imatinib,zoledronate,0,25,0.0,5,20,
irinotecan,ixabepilone,0,22,0.0,11,11,
irinotecan,ixazomib,0,16,0.0,11,5,
irinotecan,lapatinib,0,12,0.0,11,1,
irinotecan,lenvatinib,0,29,0.0,11,18,
irinotecan,lorlatinib,0,13,0.0,11,2,
irinotecan,mitotane,0,12,0.0,11,1,
irinotecan,neratinib,0,17,0.0,11,6,
irinotecan,nilotinib,0,25,0.0,11,14,
irinotecan,olaparib,0,12,0.0,11,1,
irinotecan,osimertinib,0,13,0.0,11,2,
irinotecan,panobinostat,0,12,0.0,11,1,
irinotecan,raloxifene,0,25,0.0,11,14,
irinotecan,ribociclib,0,19,0.0,11,8,
irinotecan,romidepsin,0,12,0.0,11,1,
irinotecan,selinexor,0,14,0.0,11,3,
irinotecan,selumetinib,0,38,0.0,11,27,
irinotecan,sirolimus,0,13,0.0,11,2,
irinotecan,sonidegib,0,15,0.0,11,4,
irinotecan,sunitinib,0,14,0.0,11,3,
irinotecan,tamoxifen,0,29,0.0,11,18,
irinotecan,temsirolimus,0,12,0.0,11,1,
irinotecan,tivozanib,0,12,0.0,11,1,
irinotecan,trametinib,0,33,0.0,11,22,
irinotecan,tucatinib,0,13,0.0,11,2,
irinotecan,umbralisib,0,16,0.0,11,5,
irinotecan,vandetanib,0,17,0.0,11,6,
irinotecan,vemurafenib,0,33,0.0,11,22,
irinotecan,venetoclax,0,16,0.0,11,5,
irinotecan,vinblastine,0,20,0.0,11,9,
irinotecan,vinorelbine,0,12,0.0,11,1,
irinotecan,vorinostat,0,29,0.0,11,18,
irinotecan,zoledronate,0,31,0.0,11,20,
ixabepilone,ixazomib,0,16,0.0,11,5,
ixabepilone,lapatinib,0,12,0.0,11,1,
ixabepilone,lenvatinib,0,29,0.0,11,18,
ixabepilone,lorlatinib,0,13,0.0,11,2,
ixabepilone,melphalan,0,17,0.0,11,6,
ixabepilone,mitomycin,0,23,0.0,11,12,
ixabepilone,mitotane,0,12,0.0,11,1,
ixabepilone,mitoxantrone,0,17,0.0,11,6,
ixabepilone,neratinib,0,17,0.0,11,6,
ixabepilone,olaparib,0,12,0.0,11,1,
ixabepilone,osimertinib,0,13,0.0,11,2,
ixabepilone,pemetrexed,0,13,0.0,11,2,
ixabepilone,pralatrexate,0,13,0.0,11,2,
ixabepilone,romidepsin,0,12,0.0,11,1,
ixabepilone,selinexor,0,14,0.0,11,3,
ixabepilone,sirolimus,0,13,0.0,11,2,
ixabepilone,sonidegib,0,15,0.0,11,4,
ixabepilone,temsirolimus,0,12,0.0,11,1,
ixabepilone,teniposide,0,19,0.0,11,8,
ixabepilone,thiotepa,0,14,0.0,11,3,
ixabepilone,tivozanib,0,12,0.0,11,1,
ixabepilone,topotecan,0,13,0.0,11,2,
ixabepilone,trifluridine,0,17,0.0,11,6,
ixabepilone,tucatinib,0,13,0.0,11,2,
ixabepilone,umbralisib,0,16,0.0,11,5,
ixabepilone,valrubicin,0,22,0.0,11,11,
ixabepilone,vandetanib,0,17,0.0,11,6,
ixabepilone,vemurafenib,0,33,0.0,11,22,
ixabepilone,venetoclax,0,16,0.0,11,5,
ixabepilone,vinblastine,0,20,0.0,11,9,
ixabepilone,vinorelbine,0,12,0.0,11,1,
ixabepilone,zoledronate,0,31,0.0,11,20,
ixazomib,lapatinib,0,6,0.0,5,1,
ixazomib,lenvatinib,0,23,0.0,5,18,
ixazomib,lomustine,0,32,0.0,5,27,
ixazomib,lorlatinib,0,7,0.0,5,2,
ixazomib,melphalan,0,11,0.0,5,6,
ixazomib,mercaptopurine,0,32,0.0,5,27,
ixazomib,methotrexate,0,32,0.0,5,27,
ixazomib,mitomycin,0,17,0.0,5,12,
ixazomib,mitotane,0,6,0.0,5,1,
ixazomib,mitoxantrone,0,11,0.0,5,6,
ixazomib,neratinib,0,11,0.0,5,6,
ixazomib,nilotinib,0,19,0.0,5,14,
ixazomib,olaparib,0,6,0.0,5,1,
ixazomib,osimertinib,0,7,0.0,5,2,
ixazomib,oxaliplatin,0,36,0.0,5,31,
ixazomib,paclitaxel,0,15,0.0,5,10,
ixazomib,palbociclib,0,31,0.0,5,26,
ixazomib,panobinostat,0,6,0.0,5,1,
ixazomib,pemetrexed,0,7,0.0,5,2,
ixazomib,pralatrexate,0,7,0.0,5,2,
ixazomib,raloxifene,0,19,0.0,5,14,
ixazomib,ribociclib,0,13,0.0,5,8,
ixazomib,romidepsin,0,6,0.0,5,1,
ixazomib,selinexor,0,8,0.0,5,3,
ixazomib,sirolimus,0,7,0.0,5,2,
ixazomib,sonidegib,0,9,0.0,5,4,
ixazomib,sunitinib,0,8,0.0,5,3,
ixazomib,tamoxifen,0,23,0.0,5,18,
ixazomib,temsirolimus,0,6,0.0,5,1,
ixazomib,teniposide,0,13,0.0,5,8,
ixazomib,thiotepa,0,8,0.0,5,3,
ixazomib,tioguanine,0,21,0.0,5,16,
ixazomib,tivozanib,0,6,0.0,5,1,
ixazomib,topotecan,0,7,0.0,5,2,
ixazomib,trifluridine,0,11,0.0,5,6,
ixazomib,tucatinib,0,7,0.0,5,2,
ixazomib,umbralisib,0,10,0.0,5,5,
ixazomib,valrubicin,0,16,0.0,5,11,
ixazomib,vandetanib,0,11,0.0,5,6,
ixazomib,vinblastine,0,14,0.0,5,9,
ixazomib,vinorelbine,0,6,0.0,5,1,
ixazomib,vorinostat,0,23,0.0,5,18,
ixazomib,zoledronate,0,25,0.0,5,20,
lapatinib,lenvatinib,0,19,0.0,1,18,
lapatinib,lomustine,0,28,0.0,1,27,
lapatinib,lorlatinib,0,3,0.0,1,2,
lapatinib,melphalan,0,7,0.0,1,6,
lapatinib,mercaptopurine,0,28,0.0,1,27,
lapatinib,methotrexate,0,28,0.0,1,27,
lapatinib,mitomycin,0,13,0.0,1,12,
lapatinib,mitotane,0,2,0.0,1,1,
lapatinib,mitoxantrone,0,7,0.0,1,6,
lapatinib,neratinib,0,7,0.0,1,6,
lapatinib,nilotinib,0,15,0.0,1,14,
lapatinib,olaparib,0,2,0.0,1,1,
lapatinib,osimertinib,0,3,0.0,1,2,
lapatinib,oxaliplatin,0,32,0.0,1,31,
lapatinib,paclitaxel,0,11,0.0,1,10,
lapatinib,panobinostat,0,2,0.0,1,1,
lapatinib,pemetrexed,0,3,0.0,1,2,
lapatinib,pralatrexate,0,3,0.0,1,2,
lapatinib,raloxifene,0,15,0.0,1,14,
lapatinib,ribociclib,0,9,0.0,1,8,
lapatinib,romidepsin,0,2,0.0,1,1,
lapatinib,selinexor,0,4,0.0,1,3,
lapatinib,selumetinib,0,28,0.0,1,27,
lapatinib,sirolimus,0,3,0.0,1,2,
lapatinib,sonidegib,0,5,0.0,1,4,
lapatinib,tamoxifen,0,19,0.0,1,18,
lapatinib,temsirolimus,0,2,0.0,1,1,
lapatinib,teniposide,0,9,0.0,1,8,
lapatinib,thiotepa,0,4,0.0,1,3,
lapatinib,tioguanine,0,17,0.0,1,16,
lapatinib,tivozanib,0,2,0.0,1,1,
lapatinib,topotecan,0,3,0.0,1,2,
lapatinib,trametinib,0,23,0.0,1,22,
lapatinib,trifluridine,0,7,0.0,1,6,
lapatinib,tucatinib,0,3,0.0,1,2,
lapatinib,umbralisib,0,6,0.0,1,5,
lapatinib,valrubicin,0,12,0.0,1,11,
lapatinib,vandetanib,0,7,0.0,1,6,
lapatinib,vemurafenib,0,23,0.0,1,22,
lapatinib,venetoclax,0,6,0.0,1,5,
lapatinib,vinblastine,0,10,0.0,1,9,
lapatinib,vinorelbine,0,2,0.0,1,1,
lapatinib,vorinostat,0,19,0.0,1,18,
lapatinib,zoledronate,0,21,0.0,1,20,
lenvatinib,lomustine,0,45,0.0,18,27,
lenvatinib,lorlatinib,0,20,0.0,18,2,
lenvatinib,melphalan,0,24,0.0,18,6,
lenvatinib,mercaptopurine,0,45,0.0,18,27,
lenvatinib,methotrexate,0,45,0.0,18,27,
lenvatinib,mitomycin,0,30,0.0,18,12,
lenvatinib,mitotane,0,19,0.0,18,1,
lenvatinib,mitoxantrone,0,24,0.0,18,6,
lenvatinib,neratinib,0,24,0.0,18,6,
lenvatinib,nilotinib,0,32,0.0,18,14,
lenvatinib,olaparib,0,19,0.0,18,1,
lenvatinib,osimertinib,0,20,0.0,18,2,
lenvatinib,oxaliplatin,0,49,0.0,18,31,
lenvatinib,paclitaxel,0,28,0.0,18,10,
lenvatinib,palbociclib,0,44,0.0,18,26,
lenvatinib,panobinostat,0,19,0.0,18,1,
lenvatinib,pemetrexed,0,20,0.0,18,2,
lenvatinib,pralatrexate,0,20,0.0,18,2,
lenvatinib,raloxifene,0,32,0.0,18,14,
lenvatinib,ribociclib,0,26,0.0,18,8,
lenvatinib,romidepsin,0,19,0.0,18,1,
lenvatinib,selinexor,0,21,0.0,18,3,
lenvatinib,selumetinib,0,45,0.0,18,27,
lenvatinib,sirolimus,0,20,0.0,18,2,
lenvatinib,sonidegib,0,22,0.0,18,4,
lenvatinib,sunitinib,0,21,0.0,18,3,
lenvatinib,tamoxifen,0,36,0.0,18,18,
lenvatinib,temsirolimus,0,19,0.0,18,1,
lenvatinib,teniposide,0,26,0.0,18,8,
lenvatinib,thiotepa,0,21,0.0,18,3,
lenvatinib,tioguanine,0,34,0.0,18,16,
lenvatinib,tivozanib,0,19,0.0,18,1,
lenvatinib,topotecan,0,20,0.0,18,2,
lenvatinib,trametinib,0,40,0.0,18,22,
lenvatinib,trifluridine,0,24,0.0,18,6,
lenvatinib,tucatinib,0,20,0.0,18,2,
lenvatinib,umbralisib,0,23,0.0,18,5,
lenvatinib,valrubicin,0,29,0.0,18,11,
lenvatinib,vandetanib,0,24,0.0,18,6,
lenvatinib,vemurafenib,0,40,0.0,18,22,
lenvatinib,venetoclax,0,23,0.0,18,5,
lenvatinib,vinblastine,0,27,0.0,18,9,
lenvatinib,vinorelbine,0,19,0.0,18,1,
lenvatinib,vorinostat,0,36,0.0,18,18,
lomustine,lorlatinib,0,29,0.0,27,2,
lomustine,mitotane,0,28,0.0,27,1,
lomustine,neratinib,0,33,0.0,27,6,
lomustine,olaparib,0,28,0.0,27,1,
lomustine,osimertinib,0,29,0.0,27,2,
lomustine,panobinostat,0,28,0.0,27,1,
lomustine,pemetrexed,0,29,0.0,27,2,
lomustine,pralatrexate,0,29,0.0,27,2,
lomustine,romidepsin,0,28,0.0,27,1,
lomustine,sirolimus,0,29,0.0,27,2,
lomustine,sonidegib,0,31,0.0,27,4,
lomustine,sunitinib,0,30,0.0,27,3,
lomustine,temsirolimus,0,28,0.0,27,1,
lomustine,teniposide,0,35,0.0,27,8,
lomustine,thiotepa,0,30,0.0,27,3,
lomustine,tivozanib,0,28,0.0,27,1,
lomustine,topotecan,0,29,0.0,27,2,
lomustine,trametinib,0,49,0.0,27,22,
lomustine,trifluridine,0,33,0.0,27,6,
lomustine,tucatinib,0,29,0.0,27,2,
lomustine,umbralisib,0,32,0.0,27,5,
lomustine,valrubicin,0,38,0.0,27,11,
lomustine,vandetanib,0,33,0.0,27,6,
lomustine,vemurafenib,0,49,0.0,27,22,
lomustine,venetoclax,0,32,0.0,27,5,
lomustine,vinorelbine,0,28,0.0,27,1,
lomustine,zoledronate,0,47,0.0,27,20,
lorlatinib,melphalan,0,8,0.0,2,6,
lorlatinib,mercaptopurine,0,29,0.0,2,27,
lorlatinib,methotrexate,0,29,0.0,2,27,
lorlatinib,mitomycin,0,14,0.0,2,12,
lorlatinib,mitotane,0,3,0.0,2,1,
lorlatinib,mitoxantrone,0,8,0.0,2,6,
lorlatinib,neratinib,0,8,0.0,2,6,
lorlatinib,nilotinib,0,16,0.0,2,14,
lorlatinib,olaparib,0,3,0.0,2,1,
lorlatinib,osimertinib,0,4,0.0,2,2,
lorlatinib,oxaliplatin,0,33,0.0,2,31,
lorlatinib,paclitaxel,0,12,0.0,2,10,
lorlatinib,palbociclib,0,28,0.0,2,26,
lorlatinib,panobinostat,0,3,0.0,2,1,
lorlatinib,pemetrexed,0,4,0.0,2,2,
lorlatinib,pralatrexate,0,4,0.0,2,2,
lorlatinib,raloxifene,0,16,0.0,2,14,
lorlatinib,ribociclib,0,10,0.0,2,8,
lorlatinib,romidepsin,0,3,0.0,2,1,
lorlatinib,selinexor,0,5,0.0,2,3,
lorlatinib,selumetinib,0,29,0.0,2,27,
lorlatinib,sirolimus,0,4,0.0,2,2,
lorlatinib,sonidegib,0,6,0.0,2,4,
lorlatinib,sunitinib,0,5,0.0,2,3,
lorlatinib,tamoxifen,0,20,0.0,2,18,
lorlatinib,temsirolimus,0,3,0.0,2,1,
lorlatinib,teniposide,0,10,0.0,2,8,
lorlatinib,thiotepa,0,5,0.0,2,3,
lorlatinib,tioguanine,0,18,0.0,2,16,
lorlatinib,tivozanib,0,3,0.0,2,1,
lorlatinib,topotecan,0,4,0.0,2,2,
lorlatinib,trametinib,0,24,0.0,2,22,
lorlatinib,trifluridine,0,8,0.0,2,6,
lorlatinib,tucatinib,0,4,0.0,2,2,
lorlatinib,umbralisib,0,7,0.0,2,5,
lorlatinib,valrubicin,0,13,0.0,2,11,
lorlatinib,vandetanib,0,8,0.0,2,6,
lorlatinib,vemurafenib,0,24,0.0,2,22,
lorlatinib,venetoclax,0,7,0.0,2,5,
lorlatinib,vinblastine,0,11,0.0,2,9,
lorlatinib,vinorelbine,0,3,0.0,2,1,
lorlatinib,vorinostat,0,20,0.0,2,18,
lorlatinib,zoledronate,0,22,0.0,2,20,
melphalan,mitotane,0,7,0.0,6,1,
melphalan,neratinib,0,12,0.0,6,6,
melphalan,nilotinib,0,20,0.0,6,14,
melphalan,olaparib,0,7,0.0,6,1,
melphalan,osimertinib,0,8,0.0,6,2,
melphalan,paclitaxel,0,16,0.0,6,10,
melphalan,palbociclib,0,32,0.0,6,26,
melphalan,panobinostat,0,7,0.0,6,1,
melphalan,pemetrexed,0,8,0.0,6,2,
melphalan,pralatrexate,0,8,0.0,6,2,
melphalan,raloxifene,0,20,0.0,6,14,
melphalan,ribociclib,0,14,0.0,6,8,
melphalan,romidepsin,0,7,0.0,6,1,
melphalan,selinexor,0,9,0.0,6,3,
melphalan,selumetinib,0,33,0.0,6,27,
melphalan,sirolimus,0,8,0.0,6,2,
melphalan,sonidegib,0,10,0.0,6,4,
melphalan,sunitinib,0,9,0.0,6,3,
melphalan,tamoxifen,0,24,0.0,6,18,
melphalan,temsirolimus,0,7,0.0,6,1,
melphalan,tioguanine,0,22,0.0,6,16,
melphalan,tivozanib,0,7,0.0,6,1,
melphalan,trametinib,0,28,0.0,6,22,
melphalan,tucatinib,0,8,0.0,6,2,
melphalan,umbralisib,0,11,0.0,6,5,
melphalan,vandetanib,0,12,0.0,6,6,
melphalan,vemurafenib,0,28,0.0,6,22,
melphalan,venetoclax,0,11,0.0,6,5,
melphalan,vinblastine,0,15,0.0,6,9,
melphalan,vinorelbine,0,7,0.0,6,1,
melphalan,vorinostat,0,24,0.0,6,18,
melphalan,zoledronate,0,26,0.0,6,20,
mercaptopurine,mitomycin,0,39,0.0,27,12,
mercaptopurine,mitotane,0,28,0.0,27,1,
mercaptopurine,mitoxantrone,0,33,0.0,27,6,
mercaptopurine,neratinib,0,33,0.0,27,6,
mercaptopurine,olaparib,0,28,0.0,27,1,
mercaptopurine,osimertinib,0,29,0.0,27,2,
mercaptopurine,panobinostat,0,28,0.0,27,1,
mercaptopurine,ribociclib,0,35,0.0,27,8,
mercaptopurine,romidepsin,0,28,0.0,27,1,
mercaptopurine,selinexor,0,30,0.0,27,3,
mercaptopurine,sirolimus,0,29,0.0,27,2,
mercaptopurine,sonidegib,0,31,0.0,27,4,
mercaptopurine,sunitinib,0,30,0.0,27,3,
mercaptopurine,temsirolimus,0,28,0.0,27,1,
mercaptopurine,teniposide,0,35,0.0,27,8,
mercaptopurine,thiotepa,0,30,0.0,27,3,
mercaptopurine,tivozanib,0,28,0.0,27,1,
mercaptopurine,topotecan,0,29,0.0,27,2,
mercaptopurine,trametinib,0,49,0.0,27,22,
mercaptopurine,tucatinib,0,29,0.0,27,2,
mercaptopurine,valrubicin,0,38,0.0,27,11,
mercaptopurine,vandetanib,0,33,0.0,27,6,
mercaptopurine,vemurafenib,0,49,0.0,27,22,
mercaptopurine,venetoclax,0,32,0.0,27,5,
mercaptopurine,vinorelbine,0,28,0.0,27,1,
mercaptopurine,zoledronate,0,47,0.0,27,20,
methotrexate,mitotane,0,28,0.0,27,1,
methotrexate,neratinib,0,33,0.0,27,6,
methotrexate,olaparib,0,28,0.0,27,1,
methotrexate,osimertinib,0,29,0.0,27,2,
methotrexate,romidepsin,0,28,0.0,27,1,
methotrexate,selinexor,0,30,0.0,27,3,
methotrexate,sirolimus,0,29,0.0,27,2,
methotrexate,sonidegib,0,31,0.0,27,4,
methotrexate,temsirolimus,0,28,0.0,27,1,
methotrexate,tivozanib,0,28,0.0,27,1,
methotrexate,trametinib,0,49,0.0,27,22,
methotrexate,tucatinib,0,29,0.0,27,2,
methotrexate,umbralisib,0,32,0.0,27,5,
methotrexate,vandetanib,0,33,0.0,27,6,
methotrexate,vemurafenib,0,49,0.0,27,22,
methotrexate,venetoclax,0,32,0.0,27,5,
methotrexate,vinorelbine,0,28,0.0,27,1,
methotrexate,zoledronate,0,47,0.0,27,20,
mitomycin,mitotane,0,13,0.0,12,1,
mitomycin,neratinib,0,18,0.0,12,6,
mitomycin,nilotinib,0,26,0.0,12,14,
mitomycin,olaparib,0,13,0.0,12,1,
mitomycin,osimertinib,0,14,0.0,12,2,
mitomycin,paclitaxel,0,22,0.0,12,10,
mitomycin,panobinostat,0,13,0.0,12,1,
mitomycin,pralatrexate,0,14,0.0,12,2,
mitomycin,raloxifene,0,26,0.0,12,14,
mitomycin,ribociclib,0,20,0.0,12,8,
mitomycin,romidepsin,0,13,0.0,12,1,
mitomycin,selinexor,0,15,0.0,12,3,
mitomycin,selumetinib,0,39,0.0,12,27,
mitomycin,sirolimus,0,14,0.0,12,2,
mitomycin,sonidegib,0,16,0.0,12,4,
mitomycin,sunitinib,0,15,0.0,12,3,
mitomycin,tamoxifen,0,30,0.0,12,18,
mitomycin,temsirolimus,0,13,0.0,12,1,
mitomycin,tioguanine,0,28,0.0,12,16,
mitomycin,tivozanib,0,13,0.0,12,1,
mitomycin,trametinib,0,34,0.0,12,22,
mitomycin,tucatinib,0,14,0.0,12,2,
mitomycin,umbralisib,0,17,0.0,12,5,
mitomycin,vandetanib,0,18,0.0,12,6,
mitomycin,vemurafenib,0,34,0.0,12,22,
mitomycin,venetoclax,0,17,0.0,12,5,
mitomycin,vinorelbine,0,13,0.0,12,1,
mitomycin,vorinostat,0,30,0.0,12,18,
mitomycin,zoledronate,0,32,0.0,12,20,
mitotane,mitoxantrone,0,7,0.0,1,6,
mitotane,neratinib,0,7,0.0,1,6,
mitotane,nilotinib,0,15,0.0,1,14,
mitotane,olaparib,0,2,0.0,1,1,
mitotane,osimertinib,0,3,0.0,1,2,
mitotane,oxaliplatin,0,32,0.0,1,31,
mitotane,paclitaxel,0,11,0.0,1,10,
mitotane,palbociclib,0,27,0.0,1,26,
mitotane,panobinostat,0,2,0.0,1,1,
mitotane,pemetrexed,0,3,0.0,1,2,
mitotane,pralatrexate,0,3,0.0,1,2,
mitotane,raloxifene,0,15,0.0,1,14,
mitotane,ribociclib,0,9,0.0,1,8,
mitotane,romidepsin,0,2,0.0,1,1,
mitotane,selinexor,0,4,0.0,1,3,
mitotane,selumetinib,0,28,0.0,1,27,
mitotane,sirolimus,0,3,0.0,1,2,
mitotane,sonidegib,0,5,0.0,1,4,
mitotane,sunitinib,0,4,0.0,1,3,
mitotane,tamoxifen,0,19,0.0,1,18,
mitotane,temsirolimus,0,2,0.0,1,1,
mitotane,teniposide,0,9,0.0,1,8,
mitotane,thiotepa,0,4,0.0,1,3,
mitotane,tioguanine,0,17,0.0,1,16,
mitotane,tivozanib,0,2,0.0,1,1,
mitotane,topotecan,0,3,0.0,1,2,
mitotane,trametinib,0,23,0.0,1,22,
mitotane,trifluridine,0,7,0.0,1,6,
mitotane,tucatinib,0,3,0.0,1,2,
mitotane,umbralisib,0,6,0.0,1,5,
mitotane,valrubicin,0,12,0.0,1,11,
mitotane,vandetanib,0,7,0.0,1,6,
mitotane,vemurafenib,0,23,0.0,1,22,
mitotane,venetoclax,0,6,0.0,1,5,
mitotane,vinblastine,0,10,0.0,1,9,
mitotane,vinorelbine,0,2,0.0,1,1,
mitotane,vorinostat,0,19,0.0,1,18,
mitotane,zoledronate,0,21,0.0,1,20,
mitoxantrone,neratinib,0,12,0.0,6,6,
mitoxantrone,nilotinib,0,20,0.0,6,14,
mitoxantrone,olaparib,0,7,0.0,6,1,
mitoxantrone,osimertinib,0,8,0.0,6,2,
mitoxantrone,paclitaxel,0,16,0.0,6,10,
mitoxantrone,palbociclib,0,32,0.0,6,26,
mitoxantrone,panobinostat,0,7,0.0,6,1,
mitoxantrone,pemetrexed,0,8,0.0,6,2,
mitoxantrone,pralatrexate,0,8,0.0,6,2,
mitoxantrone,raloxifene,0,20,0.0,6,14,
mitoxantrone,ribociclib,0,14,0.0,6,8,
mitoxantrone,romidepsin,0,7,0.0,6,1,
mitoxantrone,selinexor,0,9,0.0,6,3,
mitoxantrone,selumetinib,0,33,0.0,6,27,
mitoxantrone,sirolimus,0,8,0.0,6,2,
mitoxantrone,sonidegib,0,10,0.0,6,4,
mitoxantrone,sunitinib,0,9,0.0,6,3,
mitoxantrone,tamoxifen,0,24,0.0,6,18,
mitoxantrone,temsirolimus,0,7,0.0,6,1,
mitoxantrone,tioguanine,0,22,0.0,6,16,
mitoxantrone,tivozanib,0,7,0.0,6,1,
mitoxantrone,trametinib,0,28,0.0,6,22,
mitoxantrone,tucatinib,0,8,0.0,6,2,
mitoxantrone,umbralisib,0,11,0.0,6,5,
mitoxantrone,vandetanib,0,12,0.0,6,6,
mitoxantrone,vemurafenib,0,28,0.0,6,22,
mitoxantrone,venetoclax,0,11,0.0,6,5,
mitoxantrone,vinblastine,0,15,0.0,6,9,
mitoxantrone,vinorelbine,0,7,0.0,6,1,
mitoxantrone,vorinostat,0,24,0.0,6,18,
mitoxantrone,zoledronate,0,26,0.0,6,20,
neratinib,nilotinib,0,20,0.0,6,14,
neratinib,olaparib,0,7,0.0,6,1,
neratinib,oxaliplatin,0,37,0.0,6,31,
neratinib,paclitaxel,0,16,0.0,6,10,
neratinib,palbociclib,0,32,0.0,6,26,
neratinib,panobinostat,0,7,0.0,6,1,
neratinib,pemetrexed,0,8,0.0,6,2,
neratinib,pralatrexate,0,8,0.0,6,2,
neratinib,raloxifene,0,20,0.0,6,14,
neratinib,ribociclib,0,14,0.0,6,8,
neratinib,romidepsin,0,7,0.0,6,1,
neratinib,selinexor,0,9,0.0,6,3,
neratinib,selumetinib,0,33,0.0,6,27,
neratinib,sirolimus,0,8,0.0,6,2,
neratinib,sonidegib,0,10,0.0,6,4,
neratinib,sunitinib,0,9,0.0,6,3,
neratinib,tamoxifen,0,24,0.0,6,18,
neratinib,temsirolimus,0,7,0.0,6,1,
neratinib,teniposide,0,14,0.0,6,8,
neratinib,thiotepa,0,9,0.0,6,3,
neratinib,tioguanine,0,22,0.0,6,16,
neratinib,tivozanib,0,7,0.0,6,1,
neratinib,topotecan,0,8,0.0,6,2,
neratinib,trametinib,0,28,0.0,6,22,
neratinib,trifluridine,0,12,0.0,6,6,
neratinib,tucatinib,0,8,0.0,6,2,
neratinib,umbralisib,0,11,0.0,6,5,
neratinib,valrubicin,0,17,0.0,6,11,
neratinib,vandetanib,0,12,0.0,6,6,
neratinib,vemurafenib,0,28,0.0,6,22,
neratinib,venetoclax,0,11,0.0,6,5,
neratinib,vinblastine,0,15,0.0,6,9,
neratinib,vinorelbine,0,7,0.0,6,1,
neratinib,vorinostat,0,24,0.0,6,18,
neratinib,zoledronate,0,26,0.0,6,20,
nilotinib,olaparib,0,15,0.0,14,1,
nilotinib,osimertinib,0,16,0.0,14,2,
nilotinib,panobinostat,0,15,0.0,14,1,
nilotinib,pemetrexed,0,16,0.0,14,2,
nilotinib,pralatrexate,0,16,0.0,14,2,
nilotinib,romidepsin,0,15,0.0,14,1,
nilotinib,sirolimus,0,16,0.0,14,2,
nilotinib,sonidegib,0,18,0.0,14,4,
nilotinib,sunitinib,0,17,0.0,14,3,
nilotinib,temsirolimus,0,15,0.0,14,1,
nilotinib,teniposide,0,22,0.0,14,8,
nilotinib,thiotepa,0,17,0.0,14,3,
nilotinib,tivozanib,0,15,0.0,14,1,
nilotinib,topotecan,0,16,0.0,14,2,
nilotinib,trametinib,0,36,0.0,14,22,
nilotinib,trifluridine,0,20,0.0,14,6,
nilotinib,tucatinib,0,16,0.0,14,2,
nilotinib,umbralisib,0,19,0.0,14,5,
nilotinib,valrubicin,0,25,0.0,14,11,
nilotinib,vandetanib,0,20,0.0,14,6,
nilotinib,venetoclax,0,19,0.0,14,5,
nilotinib,vinorelbine,0,15,0.0,14,1,
nilotinib,zoledronate,0,34,0.0,14,20,
olaparib,osimertinib,0,3,0.0,1,2,
olaparib,oxaliplatin,0,32,0.0,1,31,
olaparib,paclitaxel,0,11,0.0,1,10,
olaparib,palbociclib,0,27,0.0,1,26,
olaparib,panobinostat,0,2,0.0,1,1,
olaparib,pemetrexed,0,3,0.0,1,2,
olaparib,pralatrexate,0,3,0.0,1,2,
olaparib,raloxifene,0,15,0.0,1,14,
olaparib,ribociclib,0,9,0.0,1,8,
olaparib,romidepsin,0,2,0.0,1,1,
olaparib,selinexor,0,4,0.0,1,3,
olaparib,selumetinib,0,28,0.0,1,27,
olaparib,sirolimus,0,3,0.0,1,2,
olaparib,sonidegib,0,5,0.0,1,4,
olaparib,sunitinib,0,4,0.0,1,3,
olaparib,tamoxifen,0,19,0.0,1,18,
olaparib,temsirolimus,0,2,0.0,1,1,
olaparib,thiotepa,0,4,0.0,1,3,
olaparib,tioguanine,0,17,0.0,1,16,
olaparib,tivozanib,0,2,0.0,1,1,
olaparib,topotecan,0,3,0.0,1,2,
olaparib,trametinib,0,23,0.0,1,22,
olaparib,trifluridine,0,7,0.0,1,6,
olaparib,tucatinib,0,3,0.0,1,2,
olaparib,umbralisib,0,6,0.0,1,5,
olaparib,valrubicin,0,12,0.0,1,11,
olaparib,vandetanib,0,7,0.0,1,6,
olaparib,vemurafenib,0,23,0.0,1,22,
olaparib,venetoclax,0,6,0.0,1,5,
olaparib,vinblastine,0,10,0.0,1,9,
olaparib,vinorelbine,0,2,0.0,1,1,
olaparib,vorinostat,0,19,0.0,1,18,
olaparib,zoledronate,0,21,0.0,1,20,
osimertinib,oxaliplatin,0,33,0.0,2,31,
osimertinib,paclitaxel,0,12,0.0,2,10,
osimertinib,palbociclib,0,28,0.0,2,26,
osimertinib,panobinostat,0,3,0.0,2,1,
osimertinib,pemetrexed,0,4,0.0,2,2,
osimertinib,pralatrexate,0,4,0.0,2,2,
osimertinib,raloxifene,0,16,0.0,2,14,
osimertinib,ribociclib,0,10,0.0,2,8,
osimertinib,romidepsin,0,3,0.0,2,1,
osimertinib,selinexor,0,5,0.0,2,3,
osimertinib,selumetinib,0,29,0.0,2,27,
osimertinib,sirolimus,0,4,0.0,2,2,
osimertinib,sonidegib,0,6,0.0,2,4,
osimertinib,sunitinib,0,5,0.0,2,3,
osimertinib,tamoxifen,0,20,0.0,2,18,
osimertinib,temsirolimus,0,3,0.0,2,1,
osimertinib,teniposide,0,10,0.0,2,8,
osimertinib,thiotepa,0,5,0.0,2,3,
osimertinib,tioguanine,0,18,0.0,2,16,
osimertinib,tivozanib,0,3,0.0,2,1,
osimertinib,topotecan,0,4,0.0,2,2,
osimertinib,trametinib,0,24,0.0,2,22,
osimertinib,trifluridine,0,8,0.0,2,6,
osimertinib,tucatinib,0,4,0.0,2,2,
osimertinib,umbralisib,0,7,0.0,2,5,
osimertinib,valrubicin,0,13,0.0,2,11,
osimertinib,vandetanib,0,8,0.0,2,6,
osimertinib,vemurafenib,0,24,0.0,2,22,
osimertinib,venetoclax,0,7,0.0,2,5,
osimertinib,vinblastine,0,11,0.0,2,9,
osimertinib,vinorelbine,0,3,0.0,2,1,
osimertinib,vorinostat,0,20,0.0,2,18,
osimertinib,zoledronate,0,22,0.0,2,20,
oxaliplatin,panobinostat,0,32,0.0,31,1,
oxaliplatin,romidepsin,0,32,0.0,31,1,
oxaliplatin,selinexor,0,34,0.0,31,3,
oxaliplatin,sirolimus,0,33,0.0,31,2,
oxaliplatin,sonidegib,0,35,0.0,31,4,
oxaliplatin,temsirolimus,0,32,0.0,31,1,
oxaliplatin,tivozanib,0,32,0.0,31,1,
oxaliplatin,trametinib,0,53,0.0,31,22,
oxaliplatin,tucatinib,0,33,0.0,31,2,
oxaliplatin,vandetanib,0,37,0.0,31,6,
oxaliplatin,vemurafenib,0,53,0.0,31,22,
oxaliplatin,venetoclax,0,36,0.0,31,5,
oxaliplatin,vinblastine,0,40,0.0,31,9,
oxaliplatin,vinorelbine,0,32,0.0,31,1,
oxaliplatin,zoledronate,0,51,0.0,31,20,
paclitaxel,panobinostat,0,11,0.0,10,1,
paclitaxel,ribociclib,0,18,0.0,10,8,
paclitaxel,romidepsin,0,11,0.0,10,1,
paclitaxel,selinexor,0,13,0.0,10,3,
paclitaxel,sirolimus,0,12,0.0,10,2,
paclitaxel,sonidegib,0,14,0.0,10,4,
paclitaxel,sunitinib,0,13,0.0,10,3,
paclitaxel,temsirolimus,0,11,0.0,10,1,
paclitaxel,teniposide,0,18,0.0,10,8,
paclitaxel,thiotepa,0,13,0.0,10,3,
paclitaxel,tivozanib,0,11,0.0,10,1,
paclitaxel,topotecan,0,12,0.0,10,2,
paclitaxel,trametinib,0,32,0.0,10,22,
paclitaxel,tucatinib,0,12,0.0,10,2,
paclitaxel,umbralisib,0,15,0.0,10,5,
paclitaxel,valrubicin,0,21,0.0,10,11,
paclitaxel,vandetanib,0,16,0.0,10,6,
paclitaxel,vemurafenib,0,32,0.0,10,22,
paclitaxel,venetoclax,0,15,0.0,10,5,
paclitaxel,vinorelbine,0,11,0.0,10,1,
paclitaxel,zoledronate,0,30,0.0,10,20,
palbociclib,panobinostat,0,27,0.0,26,1,
palbociclib,pralatrexate,0,28,0.0,26,2,
palbociclib,romidepsin,0,27,0.0,26,1,
palbociclib,selinexor,0,29,0.0,26,3,
palbociclib,sirolimus,0,28,0.0,26,2,
palbociclib,sonidegib,0,30,0.0,26,4,
palbociclib,temsirolimus,0,27,0.0,26,1,
palbociclib,thiotepa,0,29,0.0,26,3,
palbociclib,tivozanib,0,27,0.0,26,1,
palbociclib,topotecan,0,28,0.0,26,2,
palbociclib,trametinib,0,48,0.0,26,22,
palbociclib,tucatinib,0,28,0.0,26,2,
palbociclib,vandetanib,0,32,0.0,26,6,
palbociclib,vemurafenib,0,48,0.0,26,22,
palbociclib,vinblastine,0,35,0.0,26,9,
palbociclib,vinorelbine,0,27,0.0,26,1,
palbociclib,zoledronate,0,46,0.0,26,20,
panobinostat,pemetrexed,0,3,0.0,1,2,
panobinostat,pralatrexate,0,3,0.0,1,2,
panobinostat,raloxifene,0,15,0.0,1,14,
panobinostat,ribociclib,0,9,0.0,1,8,
panobinostat,romidepsin,0,2,0.0,1,1,
panobinostat,selinexor,0,4,0.0,1,3,
panobinostat,selumetinib,0,28,0.0,1,27,
panobinostat,sirolimus,0,3,0.0,1,2,
panobinostat,sonidegib,0,5,0.0,1,4,
panobinostat,sunitinib,0,4,0.0,1,3,
panobinostat,temsirolimus,0,2,0.0,1,1,
panobinostat,teniposide,0,9,0.0,1,8,
panobinostat,thiotepa,0,4,0.0,1,3,
panobinostat,tioguanine,0,17,0.0,1,16,
panobinostat,tivozanib,0,2,0.0,1,1,
panobinostat,topotecan,0,3,0.0,1,2,
panobinostat,trametinib,0,23,0.0,1,22,
panobinostat,trifluridine,0,7,0.0,1,6,
panobinostat,tucatinib,0,3,0.0,1,2,
panobinostat,umbralisib,0,6,0.0,1,5,
panobinostat,valrubicin,0,12,0.0,1,11,
panobinostat,vandetanib,0,7,0.0,1,6,
panobinostat,vemurafenib,0,23,0.0,1,22,
panobinostat,venetoclax,0,6,0.0,1,5,
panobinostat,vinblastine,0,10,0.0,1,9,
panobinostat,vinorelbine,0,2,0.0,1,1,
panobinostat,zoledronate,0,21,0.0,1,20,
pemetrexed,raloxifene,0,16,0.0,2,14,
pemetrexed,ribociclib,0,10,0.0,2,8,
pemetrexed,romidepsin,0,3,0.0,2,1,
pemetrexed,selinexor,0,5,0.0,2,3,
pemetrexed,selumetinib,0,29,0.0,2,27,
pemetrexed,sirolimus,0,4,0.0,2,2,
pemetrexed,sonidegib,0,6,0.0,2,4,
pemetrexed,sunitinib,0,5,0.0,2,3,
pemetrexed,tamoxifen,0,20,0.0,2,18,
pemetrexed,temsirolimus,0,3,0.0,2,1,
pemetrexed,teniposide,0,10,0.0,2,8,
pemetrexed,thiotepa,0,5,0.0,2,3,
pemetrexed,tivozanib,0,3,0.0,2,1,
pemetrexed,topotecan,0,4,0.0,2,2,
pemetrexed,trametinib,0,24,0.0,2,22,
pemetrexed,tucatinib,0,4,0.0,2,2,
pemetrexed,umbralisib,0,7,0.0,2,5,
pemetrexed,valrubicin,0,13,0.0,2,11,
pemetrexed,vandetanib,0,8,0.0,2,6,
pemetrexed,vemurafenib,0,24,0.0,2,22,
pemetrexed,venetoclax,0,7,0.0,2,5,
pemetrexed,vinblastine,0,11,0.0,2,9,
pemetrexed,vinorelbine,0,3,0.0,2,1,
pemetrexed,vorinostat,0,20,0.0,2,18,
pemetrexed,zoledronate,0,22,0.0,2,20,
pralatrexate,raloxifene,0,16,0.0,2,14,
pralatrexate,ribociclib,0,10,0.0,2,8,
pralatrexate,romidepsin,0,3,0.0,2,1,
pralatrexate,selinexor,0,5,0.0,2,3,
pralatrexate,selumetinib,0,29,0.0,2,27,
pralatrexate,sirolimus,0,4,0.0,2,2,
pralatrexate,sonidegib,0,6,0.0,2,4,
pralatrexate,sunitinib,0,5,0.0,2,3,
pralatrexate,tamoxifen,0,20,0.0,2,18,
pralatrexate,temsirolimus,0,3,0.0,2,1,
pralatrexate,teniposide,0,10,0.0,2,8,
pralatrexate,thiotepa,0,5,0.0,2,3,
pralatrexate,tivozanib,0,3,0.0,2,1,
pralatrexate,topotecan,0,4,0.0,2,2,
pralatrexate,trametinib,0,24,0.0,2,22,
pralatrexate,tucatinib,0,4,0.0,2,2,
pralatrexate,umbralisib,0,7,0.0,2,5,
pralatrexate,valrubicin,0,13,0.0,2,11,
pralatrexate,vandetanib,0,8,0.0,2,6,
pralatrexate,vemurafenib,0,24,0.0,2,22,
pralatrexate,venetoclax,0,7,0.0,2,5,
pralatrexate,vinblastine,0,11,0.0,2,9,
pralatrexate,vinorelbine,0,3,0.0,2,1,
pralatrexate,vorinostat,0,20,0.0,2,18,
pralatrexate,zoledronate,0,22,0.0,2,20,
raloxifene,romidepsin,0,15,0.0,14,1,
raloxifene,sirolimus,0,16,0.0,14,2,
raloxifene,sonidegib,0,18,0.0,14,4,
raloxifene,sunitinib,0,17,0.0,14,3,
raloxifene,temsirolimus,0,15,0.0,14,1,
raloxifene,thiotepa,0,17,0.0,14,3,
raloxifene,tivozanib,0,15,0.0,14,1,
raloxifene,topotecan,0,16,0.0,14,2,
raloxifene,trametinib,0,36,0.0,14,22,
raloxifene,trifluridine,0,20,0.0,14,6,
raloxifene,tucatinib,0,16,0.0,14,2,
raloxifene,umbralisib,0,19,0.0,14,5,
raloxifene,vandetanib,0,20,0.0,14,6,
raloxifene,vemurafenib,0,36,0.0,14,22,
raloxifene,vinorelbine,0,15,0.0,14,1,
raloxifene,zoledronate,0,34,0.0,14,20,
ribociclib,selinexor,0,11,0.0,8,3,
ribociclib,selumetinib,0,35,0.0,8,27,
ribociclib,sirolimus,0,10,0.0,8,2,
ribociclib,sonidegib,0,12,0.0,8,4,
ribociclib,tamoxifen,0,26,0.0,8,18,
ribociclib,temsirolimus,0,9,0.0,8,1,
ribociclib,teniposide,0,16,0.0,8,8,
ribociclib,thiotepa,0,11,0.0,8,3,
ribociclib,tioguanine,0,24,0.0,8,16,
ribociclib,tivozanib,0,9,0.0,8,1,
ribociclib,topotecan,0,10,0.0,8,2,
ribociclib,trametinib,0,30,0.0,8,22,
ribociclib,trifluridine,0,14,0.0,8,6,
ribociclib,tucatinib,0,10,0.0,8,2,
ribociclib,umbralisib,0,13,0.0,8,5,
ribociclib,valrubicin,0,19,0.0,8,11,
ribociclib,vandetanib,0,14,0.0,8,6,
ribociclib,vemurafenib,0,30,0.0,8,22,
ribociclib,venetoclax,0,13,0.0,8,5,
ribociclib,vinblastine,0,17,0.0,8,9,
ribociclib,vinorelbine,0,9,0.0,8,1,
ribociclib,zoledronate,0,28,0.0,8,20,
romidepsin,selinexor,0,4,0.0,1,3,
romidepsin,selumetinib,0,28,0.0,1,27,
romidepsin,sirolimus,0,3,0.0,1,2,
romidepsin,sonidegib,0,5,0.0,1,4,
romidepsin,sunitinib,0,4,0.0,1,3,
romidepsin,tamoxifen,0,19,0.0,1,18,
romidepsin,temsirolimus,0,2,0.0,1,1,
romidepsin,teniposide,0,9,0.0,1,8,
romidepsin,thiotepa,0,4,0.0,1,3,
romidepsin,tioguanine,0,17,0.0,1,16,
romidepsin,tivozanib,0,2,0.0,1,1,
romidepsin,topotecan,0,3,0.0,1,2,
romidepsin,trametinib,0,23,0.0,1,22,
romidepsin,trifluridine,0,7,0.0,1,6,
romidepsin,tucatinib,0,3,0.0,1,2,
romidepsin,umbralisib,0,6,0.0,1,5,
romidepsin,valrubicin,0,12,0.0,1,11,
romidepsin,vandetanib,0,7,0.0,1,6,
romidepsin,vemurafenib,0,23,0.0,1,22,
romidepsin,venetoclax,0,6,0.0,1,5,
romidepsin,vinblastine,0,10,0.0,1,9,
romidepsin,vinorelbine,0,2,0.0,1,1,
romidepsin,vorinostat,0,19,0.0,1,18,
romidepsin,zoledronate,0,21,0.0,1,20,
selinexor,selumetinib,0,30,0.0,3,27,
selinexor,sirolimus,0,5,0.0,3,2,
selinexor,sonidegib,0,7,0.0,3,4,
selinexor,sunitinib,0,6,0.0,3,3,
selinexor,tamoxifen,0,21,0.0,3,18,
selinexor,temsirolimus,0,4,0.0,3,1,
selinexor,teniposide,0,11,0.0,3,8,
selinexor,thiotepa,0,6,0.0,3,3,
selinexor,tioguanine,0,19,0.0,3,16,
selinexor,tivozanib,0,4,0.0,3,1,
selinexor,topotecan,0,5,0.0,3,2,
selinexor,trametinib,0,25,0.0,3,22,
selinexor,trifluridine,0,9,0.0,3,6,
selinexor,tucatinib,0,5,0.0,3,2,
selinexor,umbralisib,0,8,0.0,3,5,
selinexor,valrubicin,0,14,0.0,3,11,
selinexor,vandetanib,0,9,0.0,3,6,
selinexor,vemurafenib,0,25,0.0,3,22,
selinexor,venetoclax,0,8,0.0,3,5,
selinexor,vinblastine,0,12,0.0,3,9,
selinexor,vinorelbine,0,4,0.0,3,1,
selinexor,vorinostat,0,21,0.0,3,18,
selinexor,zoledronate,0,23,0.0,3,20,
selumetinib,sirolimus,0,29,0.0,27,2,
selumetinib,sonidegib,0,31,0.0,27,4,
selumetinib,temsirolimus,0,28,0.0,27,1,
selumetinib,teniposide,0,35,0.0,27,8,
selumetinib,thiotepa,0,30,0.0,27,3,
selumetinib,tivozanib,0,28,0.0,27,1,
selumetinib,topotecan,0,29,0.0,27,2,
selumetinib,trifluridine,0,33,0.0,27,6,
selumetinib,tucatinib,0,29,0.0,27,2,
selumetinib,umbralisib,0,32,0.0,27,5,
selumetinib,valrubicin,0,38,0.0,27,11,
selumetinib,vandetanib,0,33,0.0,27,6,
selumetinib,vinorelbine,0,28,0.0,27,1,
selumetinib,zoledronate,0,47,0.0,27,20,
sirolimus,sonidegib,0,6,0.0,2,4,
sirolimus,sunitinib,0,5,0.0,2,3,
sirolimus,tamoxifen,0,20,0.0,2,18,
sirolimus,teniposide,0,10,0.0,2,8,
sirolimus,thiotepa,0,5,0.0,2,3,
sirolimus,tioguanine,0,18,0.0,2,16,
sirolimus,tivozanib,0,3,0.0,2,1,
sirolimus,topotecan,0,4,0.0,2,2,
sirolimus,trametinib,0,24,0.0,2,22,
sirolimus,trifluridine,0,8,0.0,2,6,
sirolimus,tucatinib,0,4,0.0,2,2,
sirolimus,umbralisib,0,7,0.0,2,5,
sirolimus,valrubicin,0,13,0.0,2,11,
sirolimus,vandetanib,0,8,0.0,2,6,
sirolimus,vemurafenib,0,24,0.0,2,22,
sirolimus,venetoclax,0,7,0.0,2,5,
sirolimus,vinblastine,0,11,0.0,2,9,
sirolimus,vinorelbine,0,3,0.0,2,1,
sirolimus,vorinostat,0,20,0.0,2,18,
sirolimus,zoledronate,0,22,0.0,2,20,
sonidegib,sunitinib,0,7,0.0,4,3,
sonidegib,tamoxifen,0,22,0.0,4,18,
sonidegib,temsirolimus,0,5,0.0,4,1,
sonidegib,teniposide,0,12,0.0,4,8,
sonidegib,thiotepa,0,7,0.0,4,3,
sonidegib,tioguanine,0,20,0.0,4,16,
sonidegib,tivozanib,0,5,0.0,4,1,
sonidegib,topotecan,0,6,0.0,4,2,
sonidegib,trametinib,0,26,0.0,4,22,
sonidegib,trifluridine,0,10,0.0,4,6,
sonidegib,tucatinib,0,6,0.0,4,2,
sonidegib,umbralisib,0,9,0.0,4,5,
sonidegib,valrubicin,0,15,0.0,4,11,
sonidegib,vandetanib,0,10,0.0,4,6,
sonidegib,vemurafenib,0,26,0.0,4,22,
sonidegib,venetoclax,0,9,0.0,4,5,
sonidegib,vinblastine,0,13,0.0,4,9,
sonidegib,vinorelbine,0,5,0.0,4,1,
sonidegib,vorinostat,0,22,0.0,4,18,
sonidegib,zoledronate,0,24,0.0,4,20,
sunitinib,tamoxifen,0,21,0.0,3,18,
sunitinib,temsirolimus,0,4,0.0,3,1,
sunitinib,teniposide,0,11,0.0,3,8,
sunitinib,thiotepa,0,6,0.0,3,3,
sunitinib,tioguanine,0,19,0.0,3,16,
sunitinib,tivozanib,0,4,0.0,3,1,
sunitinib,topotecan,0,5,0.0,3,2,
sunitinib,trifluridine,0,9,0.0,3,6,
sunitinib,tucatinib,0,5,0.0,3,2,
sunitinib,umbralisib,0,8,0.0,3,5,
sunitinib,valrubicin,0,14,0.0,3,11,
sunitinib,vandetanib,0,9,0.0,3,6,
sunitinib,vemurafenib,0,25,0.0,3,22,
sunitinib,venetoclax,0,8,0.0,3,5,
sunitinib,vinblastine,0,12,0.0,3,9,
sunitinib,vinorelbine,0,4,0.0,3,1,
sunitinib,zoledronate,0,23,0.0,3,20,
tamoxifen,temsirolimus,0,19,0.0,18,1,
tamoxifen,teniposide,0,26,0.0,18,8,
tamoxifen,thiotepa,0,21,0.0,18,3,
tamoxifen,tivozanib,0,19,0.0,18,1,
tamoxifen,topotecan,0,20,0.0,18,2,
tamoxifen,trifluridine,0,24,0.0,18,6,
tamoxifen,tucatinib,0,20,0.0,18,2,
tamoxifen,umbralisib,0,23,0.0,18,5,
tamoxifen,valrubicin,0,29,0.0,18,11,
tamoxifen,vandetanib,0,24,0.0,18,6,
tamoxifen,venetoclax,0,23,0.0,18,5,
tamoxifen,vinorelbine,0,19,0.0,18,1,
tamoxifen,zoledronate,0,38,0.0,18,20,
temsirolimus,teniposide,0,9,0.0,1,8,
temsirolimus,thiotepa,0,4,0.0,1,3,
temsirolimus,tioguanine,0,17,0.0,1,16,
temsirolimus,tivozanib,0,2,0.0,1,1,
temsirolimus,topotecan,0,3,0.0,1,2,
temsirolimus,trametinib,0,23,0.0,1,22,
temsirolimus,trifluridine,0,7,0.0,1,6,
temsirolimus,tucatinib,0,3,0.0,1,2,
temsirolimus,umbralisib,0,6,0.0,1,5,
temsirolimus,valrubicin,0,12,0.0,1,11,
temsirolimus,vandetanib,0,7,0.0,1,6,
temsirolimus,vemurafenib,0,23,0.0,1,22,
temsirolimus,venetoclax,0,6,0.0,1,5,
temsirolimus,vinblastine,0,10,0.0,1,9,
temsirolimus,vinorelbine,0,2,0.0,1,1,
temsirolimus,vorinostat,0,19,0.0,1,18,
temsirolimus,zoledronate,0,21,0.0,1,20,
teniposide,tioguanine,0,24,0.0,8,16,
teniposide,tivozanib,0,9,0.0,8,1,
teniposide,trametinib,0,30,0.0,8,22,
teniposide,tucatinib,0,10,0.0,8,2,
teniposide,umbralisib,0,13,0.0,8,5,
teniposide,vandetanib,0,14,0.0,8,6,
teniposide,vemurafenib,0,30,0.0,8,22,
teniposide,venetoclax,0,13,0.0,8,5,
teniposide,vinblastine,0,17,0.0,8,9,
teniposide,vinorelbine,0,9,0.0,8,1,
teniposide,vorinostat,0,26,0.0,8,18,
teniposide,zoledronate,0,28,0.0,8,20,
thiotepa,tioguanine,0,19,0.0,3,16,
thiotepa,tivozanib,0,4,0.0,3,1,
thiotepa,trametinib,0,25,0.0,3,22,
thiotepa,tucatinib,0,5,0.0,3,2,
thiotepa,umbralisib,0,8,0.0,3,5,
thiotepa,vandetanib,0,9,0.0,3,6,
thiotepa,vemurafenib,0,25,0.0,3,22,
thiotepa,venetoclax,0,8,0.0,3,5,
thiotepa,vinblastine,0,12,0.0,3,9,
thiotepa,vinorelbine,0,4,0.0,3,1,
thiotepa,vorinostat,0,21,0.0,3,18,
thiotepa,zoledronate,0,23,0.0,3,20,
tioguanine,tivozanib,0,17,0.0,16,1,
tioguanine,topotecan,0,18,0.0,16,2,
tioguanine,trametinib,0,38,0.0,16,22,
tioguanine,tucatinib,0,18,0.0,16,2,
tioguanine,valrubicin,0,27,0.0,16,11,
tioguanine,vandetanib,0,22,0.0,16,6,
tioguanine,vemurafenib,0,38,0.0,16,22,
tioguanine,venetoclax,0,21,0.0,16,5,
tioguanine,vinorelbine,0,17,0.0,16,1,
tioguanine,zoledronate,0,36,0.0,16,20,
tivozanib,topotecan,0,3,0.0,1,2,
tivozanib,trametinib,0,23,0.0,1,22,
tivozanib,trifluridine,0,7,0.0,1,6,
tivozanib,tucatinib,0,3,0.0,1,2,
tivozanib,umbralisib,0,6,0.0,1,5,
tivozanib,valrubicin,0,12,0.0,1,11,
tivozanib,vandetanib,0,7,0.0,1,6,
tivozanib,vemurafenib,0,23,0.0,1,22,
tivozanib,venetoclax,0,6,0.0,1,5,
tivozanib,vinblastine,0,10,0.0,1,9,
tivozanib,vinorelbine,0,2,0.0,1,1,
tivozanib,vorinostat,0,19,0.0,1,18,
tivozanib,zoledronate,0,21,0.0,1,20,
topotecan,trametinib,0,24,0.0,2,22,
topotecan,tucatinib,0,4,0.0,2,2,
topotecan,umbralisib,0,7,0.0,2,5,
topotecan,vandetanib,0,8,0.0,2,6,
topotecan,vemurafenib,0,24,0.0,2,22,
topotecan,venetoclax,0,7,0.0,2,5,
topotecan,vinblastine,0,11,0.0,2,9,
topotecan,vinorelbine,0,3,0.0,2,1,
topotecan,vorinostat,0,20,0.0,2,18,
topotecan,zoledronate,0,22,0.0,2,20,
trametinib,trifluridine,0,28,0.0,22,6,
trametinib,tucatinib,0,24,0.0,22,2,
trametinib,umbralisib,0,27,0.0,22,5,
trametinib,valrubicin,0,33,0.0,22,11,
trametinib,vandetanib,0,28,0.0,22,6,
trametinib,vinblastine,0,31,0.0,22,9,
trametinib,vinorelbine,0,23,0.0,22,1,
trametinib,vorinostat,0,40,0.0,22,18,
trametinib,zoledronate,0,42,0.0,22,20,
trifluridine,tucatinib,0,8,0.0,6,2,
trifluridine,umbralisib,0,11,0.0,6,5,
trifluridine,vandetanib,0,12,0.0,6,6,
trifluridine,vemurafenib,0,28,0.0,6,22,
trifluridine,venetoclax,0,11,0.0,6,5,
trifluridine,vinblastine,0,15,0.0,6,9,
trifluridine,vinorelbine,0,7,0.0,6,1,
trifluridine,vorinostat,0,24,0.0,6,18,
trifluridine,zoledronate,0,26,0.0,6,20,
tucatinib,umbralisib,0,7,0.0,2,5,
tucatinib,valrubicin,0,13,0.0,2,11,
tucatinib,vemurafenib,0,24,0.0,2,22,
tucatinib,venetoclax,0,7,0.0,2,5,
tucatinib,vinblastine,0,11,0.0,2,9,
tucatinib,vinorelbine,0,3,0.0,2,1,
tucatinib,vorinostat,0,20,0.0,2,18,
tucatinib,zoledronate,0,22,0.0,2,20,
umbralisib,valrubicin,0,16,0.0,5,11,
umbralisib,vandetanib,0,11,0.0,5,6,
umbralisib,vemurafenib,0,27,0.0,5,22,
umbralisib,venetoclax,0,10,0.0,5,5,
umbralisib,vinblastine,0,14,0.0,5,9,
umbralisib,vinorelbine,0,6,0.0,5,1,
umbralisib,vorinostat,0,23,0.0,5,18,
umbralisib,zoledronate,0,25,0.0,5,20,
valrubicin,vandetanib,0,17,0.0,11,6,
valrubicin,vemurafenib,0,33,0.0,11,22,
valrubicin,venetoclax,0,16,0.0,11,5,
valrubicin,vinblastine,0,20,0.0,11,9,
valrubicin,vinorelbine,0,12,0.0,11,1,
valrubicin,vorinostat,0,29,0.0,11,18,
valrubicin,zoledronate,0,31,0.0,11,20,
vandetanib,vemurafenib,0,28,0.0,6,22,
vandetanib,venetoclax,0,11,0.0,6,5,
vandetanib,vinblastine,0,15,0.0,6,9,
vandetanib,vinorelbine,0,7,0.0,6,1,
vandetanib,vorinostat,0,24,0.0,6,18,
vandetanib,zoledronate,0,26,0.0,6,20,
vemurafenib,vinblastine,0,31,0.0,22,9,
vemurafenib,vinorelbine,0,23,0.0,22,1,
vemurafenib,zoledronate,0,42,0.0,22,20,
venetoclax,vinblastine,0,14,0.0,5,9,
venetoclax,vinorelbine,0,6,0.0,5,1,
venetoclax,vorinostat,0,23,0.0,5,18,
venetoclax,zoledronate,0,25,0.0,5,20,
vinblastine,vinorelbine,0,10,0.0,9,1,
vinblastine,zoledronate,0,29,0.0,9,20,
vinorelbine,vorinostat,0,19,0.0,1,18,
vinorelbine,zoledronate,0,21,0.0,1,20,
vorinostat,zoledronate,0,38,0.0,18,20,
